Destination Port,Flow Duration,Total Fwd Packets,Total Backward Packets,Total Length of Fwd Packets,Total Length of Bwd Packets,Fwd Packet Length Max,Fwd Packet Length Min,Fwd Packet Length Mean,Fwd Packet Length Std,min_seg_size_forward,Active Mean,Active Std,Active Max,Active Min,Idle Mean,Idle Std,Idle Max,Idle Min,Label
44560,70919,467,161,11501,7194,137,1236,1186.11,479.88,36,38.62,17.09,56,3,537.8,74.14,301,220,BENIGN
49076,4468,371,144,14837,3539,1237,376,307.75,415.93,20,21.68,35.88,97,32,236.55,47.99,747,490,MALICIOUS
6689,96486,359,256,3750,4597,837,343,1376.44,47.72,36,60.42,21.64,7,29,12.47,56.64,322,183,BENIGN
32270,86512,192,82,14169,12148,895,947,898.92,18.48,21,89.57,47.21,3,21,259.5,457.72,750,410,BENIGN
57343,64304,194,194,832,10750,1071,58,303.98,138.9,35,6.21,41.08,38,10,43.84,53.56,159,374,MALICIOUS
50183,575,304,238,7489,9911,456,186,963.17,132.0,27,64.25,14.12,81,28,176.35,20.01,744,96,MALICIOUS
24348,16452,249,376,1447,9464,826,72,207.96,324.91,37,76.41,11.14,53,38,791.46,454.75,632,493,BENIGN
55534,24068,202,498,8181,11699,1330,1064,429.1,297.47,35,87.33,16.55,14,17,147.78,433.26,383,86,BENIGN
60392,82037,184,260,11676,1567,24,1088,1373.3,67.58,37,83.41,13.56,0,11,741.63,343.8,243,25,BENIGN
17722,63020,186,366,12961,8774,632,688,962.14,412.97,21,43.74,16.13,23,19,0.25,447.62,414,443,BENIGN
21369,73261,334,81,4373,5114,570,929,201.93,204.1,38,56.25,14.71,28,32,273.27,417.19,676,182,BENIGN
33833,74580,235,150,471,3567,898,179,749.47,426.43,38,0.15,16.23,42,32,704.56,293.03,715,36,MALICIOUS
2747,97044,487,71,685,14461,646,494,784.17,269.7,38,32.28,5.82,99,33,400.28,257.62,293,329,BENIGN
14629,76136,380,269,12039,11946,1444,270,446.05,27.28,33,46.64,36.47,28,35,992.22,241.65,166,250,BENIGN
15983,4500,404,424,8477,7493,536,1460,1234.23,401.98,24,98.62,7.45,23,5,607.79,281.06,40,75,MALICIOUS
1338,96958,368,12,3545,13719,923,668,836.16,361.16,35,34.54,11.2,46,44,475.04,253.92,822,15,BENIGN
6373,24805,438,129,3798,4094,851,1178,1416.25,43.93,22,43.37,42.97,96,35,338.18,449.51,829,86,BENIGN
42611,62348,239,100,3021,7705,1066,618,575.67,329.43,29,34.99,4.09,72,35,265.91,130.54,14,334,BENIGN
43611,45628,139,120,5038,12790,1430,788,1224.42,141.18,34,25.92,16.38,42,24,804.64,231.98,502,301,BENIGN
44027,4188,350,9,10891,6946,876,949,1275.61,175.44,27,21.76,32.31,39,28,645.44,158.04,951,6,BENIGN
40601,168,312,160,2535,4194,1391,837,178.32,287.87,29,61.66,29.45,67,19,227.66,496.15,350,402,BENIGN
36609,25494,319,225,1843,6601,1045,529,704.98,212.75,25,1.48,48.11,31,44,845.29,233.7,475,176,BENIGN
5894,40824,282,320,8031,10333,208,797,767.52,492.26,23,6.69,8.32,82,14,77.09,449.77,714,283,BENIGN
53909,55465,391,285,6313,13392,1360,1193,1373.17,271.37,38,54.68,47.18,52,0,540.35,399.11,705,182,BENIGN
56273,20648,396,351,8255,7786,231,1487,56.14,462.72,36,17.64,19.6,19,3,79.37,257.76,327,232,BENIGN
1414,30451,318,263,14124,3817,757,624,671.95,189.88,34,95.43,22.56,98,5,234.55,342.01,76,364,MALICIOUS
12422,53850,435,153,9174,8203,277,1270,780.86,497.71,22,30.74,7.02,2,33,28.99,487.61,494,52,BENIGN
23791,32102,449,373,2620,8204,462,431,899.58,291.61,30,85.45,0.3,38,20,968.62,49.17,842,471,BENIGN
7832,43911,422,324,6356,2535,493,21,416.65,276.54,24,23.94,46.31,90,33,129.65,320.19,831,20,BENIGN
26065,42308,287,83,3024,11535,1085,1066,1090.97,366.27,38,58.26,3.72,91,46,386.83,217.31,839,456,BENIGN
10315,86129,265,265,2285,9691,1192,557,222.24,92.49,37,30.22,30.71,48,19,353.5,411.64,627,57,MALICIOUS
61195,93935,443,199,7448,6130,350,1258,1034.44,471.54,27,71.77,49.53,24,26,383.51,203.02,943,482,MALICIOUS
55088,98841,135,177,9832,10908,984,1358,1195.89,416.44,34,59.7,16.43,14,49,187.04,267.79,771,312,MALICIOUS
42016,95724,36,58,12622,14294,1171,344,875.73,272.56,35,41.07,37.02,4,38,551.02,115.1,25,283,BENIGN
47132,44335,377,236,4270,12014,195,1328,975.4,116.3,22,5.97,41.1,9,20,520.43,395.8,662,498,BENIGN
57470,55098,137,311,7452,2384,1046,191,401.42,322.35,20,27.78,6.87,41,11,711.88,360.95,23,225,MALICIOUS
36860,95167,246,312,8215,5413,1294,547,1183.12,372.54,29,82.67,17.8,28,9,760.69,351.51,444,334,BENIGN
64654,24619,494,6,1569,13774,8,46,1483.52,473.21,28,42.97,17.13,57,17,221.53,317.39,530,159,MALICIOUS
18031,72529,268,20,4384,8641,474,1436,1235.16,166.67,30,26.98,6.65,9,48,372.37,241.53,560,419,BENIGN
29288,57031,310,348,1233,12420,1487,433,931.39,231.77,24,84.26,44.41,7,26,434.52,354.84,939,412,MALICIOUS
48876,23417,344,34,6961,4321,631,111,781.62,388.33,38,82.84,17.09,30,32,336.52,428.04,754,382,BENIGN
31234,31074,136,377,10923,385,426,871,596.06,102.45,37,27.09,47.11,37,0,862.03,165.16,76,492,BENIGN
28570,56400,53,97,13281,7202,1298,408,282.35,157.25,27,74.54,48.45,94,15,766.51,130.41,501,420,MALICIOUS
13760,94386,455,168,712,9770,214,1111,269.43,248.03,34,75.21,6.58,92,14,904.37,318.41,718,386,BENIGN
7426,7793,154,307,14501,3786,249,907,1323.45,337.92,35,76.25,36.11,29,42,14.49,296.76,759,298,BENIGN
3636,22338,63,189,12542,12318,1423,1010,418.17,113.78,21,18.67,39.81,18,35,689.89,479.92,769,179,BENIGN
32419,85285,299,140,8447,6444,733,1402,65.23,55.01,23,48.26,17.11,75,43,72.61,455.72,526,125,BENIGN
25868,12902,211,307,2884,12435,774,655,1208.12,63.47,23,98.86,48.91,90,41,720.12,52.07,602,495,BENIGN
16976,35660,370,24,6648,284,996,136,1017.32,397.9,31,98.05,41.95,88,4,374.39,417.52,999,457,BENIGN
13345,23675,142,286,10487,13293,225,1042,864.65,456.34,27,41.01,31.07,50,12,625.17,264.59,888,180,MALICIOUS
45453,72269,216,360,10657,767,685,975,623.94,180.16,30,39.3,48.17,38,47,315.27,494.1,948,52,BENIGN
2165,85807,319,279,13160,10749,184,51,1378.13,387.68,20,31.33,12.94,77,8,412.24,385.33,607,419,MALICIOUS
42335,35725,92,408,13704,14214,859,1209,786.5,345.77,31,35.5,33.88,71,38,844.25,462.85,908,151,MALICIOUS
64344,39498,349,14,2508,4384,386,7,1205.19,218.82,26,15.47,35.02,95,28,121.7,197.7,157,473,BENIGN
42539,18627,289,368,6821,6993,1197,531,1110.85,182.34,24,40.17,37.9,30,23,923.77,390.63,565,421,BENIGN
35082,39569,364,424,669,13326,1232,880,1056.35,77.74,25,78.69,38.51,16,18,811.42,456.7,731,499,BENIGN
43257,53342,56,394,1208,577,1445,639,298.52,85.82,27,72.07,5.52,15,24,429.94,59.38,8,67,MALICIOUS
44063,29922,48,151,1190,4099,951,954,1407.85,158.11,39,35.79,16.24,39,37,688.6,163.32,809,108,MALICIOUS
36685,92580,24,84,6556,14773,1187,79,964.99,25.34,23,79.59,10.83,53,32,676.95,155.85,660,217,MALICIOUS
35829,64485,374,20,1125,11348,202,19,310.87,479.76,30,28.43,21.75,16,45,357.95,49.94,546,48,BENIGN
39355,11330,363,18,3677,8138,6,418,723.37,490.23,29,90.94,16.79,43,26,88.99,375.09,349,464,BENIGN
48471,87986,335,210,5086,13393,1059,1319,18.65,241.37,22,15.54,38.22,94,14,745.78,177.5,519,35,BENIGN
53196,87701,250,412,6916,3517,1485,361,10.56,457.85,39,42.78,21.59,15,16,31.07,488.21,557,473,BENIGN
7799,648,155,41,7934,2523,1130,603,407.59,198.94,32,6.85,11.99,24,27,942.22,82.73,670,84,BENIGN
11699,11012,427,3,12278,1630,1386,1199,392.1,13.54,25,42.84,5.6,68,17,652.94,8.71,490,277,BENIGN
60580,94802,287,450,5736,6178,1072,840,268.6,75.85,24,84.05,3.71,67,1,125.29,217.07,561,87,BENIGN
14078,54980,414,381,12512,5342,855,136,985.56,161.11,36,37.72,20.4,6,11,351.14,411.8,679,44,BENIGN
56326,63688,498,391,9783,9325,717,1388,619.81,265.17,20,16.67,16.38,29,35,564.31,436.03,488,297,BENIGN
4249,79482,214,326,5463,11010,369,755,89.72,302.32,33,61.63,33.57,24,40,102.33,205.0,303,1,BENIGN
39954,23025,367,361,4279,8634,1410,546,1001.02,333.66,28,58.12,45.31,20,15,171.59,343.36,976,405,BENIGN
50915,6030,359,488,10530,14068,176,1459,691.68,414.63,21,66.81,39.03,32,34,990.46,310.55,191,398,BENIGN
33826,46310,212,401,10123,11338,1139,50,809.07,253.64,33,25.47,19.44,3,5,866.31,421.94,300,177,BENIGN
59601,67422,68,71,3125,5365,1241,1343,659.25,175.69,36,96.07,32.02,93,34,375.32,280.89,14,170,BENIGN
21966,82533,409,81,11017,6945,500,10,1391.94,203.61,22,69.98,2.79,16,16,421.21,448.56,382,468,BENIGN
34596,50610,63,274,4472,6105,787,59,1037.84,219.78,21,75.97,47.9,90,28,505.69,265.45,564,391,BENIGN
20187,53931,93,296,1222,2631,1279,702,714.22,37.24,26,91.38,42.58,12,43,141.27,459.9,134,418,BENIGN
38246,39026,221,143,9597,835,352,1350,175.37,33.19,27,25.2,35.76,60,7,312.8,289.83,914,51,BENIGN
58724,57324,299,477,12019,2180,606,1227,857.97,79.91,38,53.86,43.8,21,0,310.13,275.33,441,317,BENIGN
20762,12747,351,499,11267,2048,257,1123,1271.42,278.83,31,15.33,41.16,19,31,671.12,479.89,506,190,BENIGN
43276,29438,296,75,3880,3136,745,140,200.04,152.52,38,44.4,27.42,52,20,468.94,20.87,280,421,BENIGN
33184,65836,261,184,3705,1653,587,736,558.47,268.1,35,27.21,21.22,38,49,288.47,401.53,907,490,BENIGN
9828,47165,460,415,14970,10836,749,438,611.7,210.46,24,88.92,22.84,13,43,115.79,404.85,458,412,BENIGN
33151,45563,219,333,7108,6518,407,52,1321.01,217.29,23,73.45,27.06,47,39,78.89,113.87,892,13,BENIGN
46731,93843,93,215,8501,14712,587,1126,1172.07,318.4,27,27.46,40.52,30,47,712.4,414.69,644,486,BENIGN
34705,90369,17,118,1672,3052,1043,1065,595.16,186.74,29,86.71,26.17,49,29,696.28,28.22,819,199,BENIGN
61160,198,338,127,7322,2056,36,540,655.09,240.89,33,12.24,46.07,7,41,945.31,377.51,714,485,BENIGN
13546,88686,368,153,394,606,1057,510,718.76,111.54,24,13.9,16.61,28,1,419.89,499.24,86,432,BENIGN
53662,51059,489,482,2774,6174,122,1320,987.22,272.85,23,74.93,13.21,66,1,621.65,472.46,195,289,BENIGN
15407,46087,270,326,3115,8932,964,1037,1312.21,164.85,22,21.27,48.03,47,38,254.19,58.01,704,73,MALICIOUS
11508,1697,434,91,6510,5790,956,960,1435.62,444.27,33,71.41,35.06,3,11,776.59,72.84,313,199,BENIGN
48890,27119,356,67,6565,808,410,1045,1387.38,309.27,34,4.2,29.55,40,43,357.82,353.31,371,89,BENIGN
18906,55425,148,496,5210,10008,1099,575,1074.45,44.13,32,34.01,0.8,71,33,26.78,109.43,840,101,MALICIOUS
22262,75788,177,39,10798,8215,614,1212,1293.81,327.53,31,76.5,12.25,66,9,889.12,238.07,311,407,MALICIOUS
54151,70231,329,172,2391,11474,1296,1181,1088.69,400.18,36,23.87,7.5,27,24,96.42,413.26,6,483,BENIGN
39686,58018,458,46,10722,6771,675,1165,570.84,420.94,37,64.53,38.06,32,23,300.83,8.94,368,103,BENIGN
36931,8546,483,295,5527,7928,106,807,942.61,192.88,36,19.8,9.51,89,31,39.93,78.03,596,305,BENIGN
35463,23354,203,343,13943,14185,402,116,610.37,237.25,26,0.89,49.95,53,26,284.77,154.68,221,206,MALICIOUS
56726,91824,481,217,11884,6560,629,1058,64.88,178.02,22,43.13,47.16,20,11,270.56,468.34,381,64,BENIGN
50795,54086,132,238,6623,5780,285,512,5.45,316.12,27,48.14,19.15,6,4,734.9,471.38,685,18,BENIGN
4851,91837,187,154,9482,4176,762,829,675.22,47.84,25,95.46,19.67,20,32,905.63,114.28,914,29,MALICIOUS
24603,95683,46,345,2990,8632,1271,1272,1093.67,410.68,32,34.03,16.84,70,6,783.86,357.54,440,389,MALICIOUS
8063,33440,288,471,10320,1732,748,531,875.02,259.8,29,11.85,38.48,30,7,541.37,111.66,252,34,MALICIOUS
48427,59951,151,23,13080,10858,248,1377,496.48,265.59,34,13.8,32.49,71,38,279.98,49.4,897,324,MALICIOUS
55123,64610,210,323,11896,3270,192,475,956.03,125.47,26,59.33,44.47,62,44,77.59,493.74,931,79,BENIGN
51619,77794,277,182,4815,10908,753,1001,813.99,328.36,38,28.0,3.86,44,27,801.5,477.04,160,230,BENIGN
36365,83607,350,429,2189,10359,247,1008,1076.95,93.68,35,58.56,1.96,0,23,273.17,3.07,978,227,BENIGN
7542,47777,82,376,2469,14502,464,1322,575.9,266.74,39,78.21,11.07,77,24,120.28,245.38,12,193,MALICIOUS
24207,81283,37,32,249,8192,905,1496,348.22,131.77,30,84.51,44.1,42,47,137.96,311.54,704,416,BENIGN
38582,42900,416,258,13150,5062,75,1018,1019.23,14.66,22,85.18,34.15,78,0,411.75,292.15,997,137,MALICIOUS
9898,67090,169,416,9366,13682,366,230,954.08,285.39,31,65.71,37.81,19,37,990.95,173.81,664,138,BENIGN
42167,58093,57,79,2536,3670,4,1281,996.49,37.64,37,54.37,45.14,69,21,839.37,215.22,250,450,MALICIOUS
13593,7854,254,27,4312,6186,1090,176,933.71,178.4,28,39.16,28.77,21,5,248.44,469.79,822,54,BENIGN
40233,24992,491,359,5311,6436,875,1285,52.55,57.02,31,64.17,16.46,43,9,824.5,258.8,165,10,BENIGN
9356,50553,438,483,10378,13385,752,1292,1247.77,388.58,20,39.73,43.94,69,47,129.2,330.29,856,244,MALICIOUS
31487,5076,54,151,5662,8839,623,357,1277.89,240.49,30,28.4,24.24,81,5,579.63,415.78,202,321,BENIGN
51390,90497,418,438,5418,4949,605,1241,358.38,149.07,27,22.21,17.81,97,18,460.62,448.34,544,436,BENIGN
3812,54114,468,100,8783,13292,470,225,303.39,75.11,23,41.02,4.44,33,11,287.11,214.66,818,456,BENIGN
37791,29264,43,251,11750,64,1412,532,7.44,413.12,36,43.14,18.23,11,19,330.25,258.08,705,233,MALICIOUS
63642,47881,37,437,8404,10735,148,953,757.19,52.67,36,11.4,43.0,15,45,219.74,394.45,469,220,BENIGN
31124,61773,400,483,14964,11311,249,466,34.17,30.06,23,58.45,12.53,13,49,347.94,359.08,499,406,BENIGN
24834,97626,237,5,5519,6019,937,261,1414.81,90.24,23,53.35,6.83,10,16,673.72,95.59,793,124,BENIGN
15187,25500,16,394,11842,6630,1056,1470,32.41,81.11,36,29.49,35.08,83,5,810.13,60.13,18,442,BENIGN
48076,96943,402,278,7211,7809,961,417,27.72,189.24,36,88.29,31.57,35,12,68.65,279.14,437,472,BENIGN
50290,55438,465,456,9245,11536,139,111,2.89,72.34,21,15.18,27.97,63,4,657.03,100.36,719,433,BENIGN
43507,34550,124,207,4769,13846,270,1157,426.19,282.7,28,54.52,30.04,34,0,384.34,219.28,546,348,BENIGN
46067,6636,272,56,6725,0,1004,233,867.26,233.98,34,65.73,0.62,83,25,823.75,65.29,133,255,MALICIOUS
65333,48778,289,24,13585,33,1465,331,270.79,410.66,31,81.95,20.44,96,20,457.54,173.18,952,320,MALICIOUS
43073,30147,446,471,3938,13342,568,92,1493.5,254.4,32,35.27,13.81,79,12,998.65,293.8,487,2,BENIGN
57355,9552,154,309,10966,9546,849,1454,1017.98,237.36,32,60.04,44.67,98,5,755.02,425.21,540,192,BENIGN
25521,41891,242,77,4209,996,506,1463,357.85,171.86,20,21.16,49.56,17,48,144.26,296.24,306,412,BENIGN
56348,88630,427,345,10354,10422,1416,465,210.21,89.35,22,46.01,9.47,63,18,681.75,175.54,322,461,BENIGN
49102,20854,231,311,7228,12253,1198,1402,725.17,177.78,30,44.01,3.41,21,3,779.99,407.3,261,218,MALICIOUS
51046,5628,250,361,11769,4802,1350,438,1386.55,464.35,37,39.25,16.55,89,5,966.61,498.69,311,392,MALICIOUS
50946,46641,325,373,1199,7367,399,858,888.77,240.0,20,73.67,27.3,42,9,651.45,332.99,635,385,BENIGN
61162,31950,483,455,604,348,26,1250,249.56,197.02,32,44.99,29.11,41,36,150.93,228.56,381,248,BENIGN
49934,47727,100,420,8044,3746,877,596,630.22,140.99,27,44.65,9.24,75,36,44.36,141.5,301,250,BENIGN
59829,85479,392,311,5884,4680,342,1308,667.28,60.66,38,4.61,4.52,16,22,212.86,216.22,727,489,BENIGN
31443,96462,136,308,2469,5544,1197,1272,911.24,15.26,33,96.28,5.93,64,49,110.74,280.76,723,367,BENIGN
51841,73148,451,106,936,1474,1244,761,642.53,78.4,25,84.42,27.75,25,48,793.27,438.07,633,148,BENIGN
5165,38915,482,101,2947,7498,837,1079,1443.94,193.11,36,54.18,38.61,56,34,342.34,48.58,884,324,BENIGN
51458,90488,244,447,1827,9383,1303,985,695.03,28.22,24,34.91,47.26,56,22,356.75,445.57,746,246,BENIGN
33082,46268,219,34,1429,7960,57,1357,587.23,240.09,26,48.35,31.6,48,20,959.82,462.97,434,177,BENIGN
61375,75130,469,446,8952,4328,842,132,610.25,394.05,26,24.52,44.03,59,10,722.5,35.37,355,76,BENIGN
60393,73568,101,40,5171,6771,497,1286,552.58,119.77,38,31.11,44.61,50,22,820.41,221.22,661,228,MALICIOUS
54110,95356,66,244,10429,11476,866,828,877.03,291.86,31,33.76,2.73,60,1,869.63,185.95,420,49,BENIGN
35552,24211,136,118,6989,3654,1401,908,1225.98,412.44,33,94.53,20.48,73,22,154.72,447.75,133,378,BENIGN
55096,49998,362,106,7740,3932,1084,169,133.18,102.13,31,41.38,38.11,71,21,569.06,249.66,117,494,BENIGN
14168,75162,332,207,3900,1299,901,174,75.3,395.55,35,61.52,23.79,3,15,57.53,120.45,646,132,BENIGN
51203,2928,367,316,7133,3640,1055,489,1315.75,216.09,23,82.04,3.03,17,15,461.94,392.18,2,116,BENIGN
50043,74260,31,374,14093,7967,627,1365,225.57,95.9,34,89.07,44.13,33,45,927.13,321.43,313,423,BENIGN
12839,64819,160,61,6917,11295,412,1280,827.71,343.86,38,89.85,24.92,67,1,341.91,438.84,45,204,BENIGN
22977,15207,205,343,6442,2977,109,508,382.19,263.32,28,69.87,43.23,68,0,914.47,249.3,757,136,MALICIOUS
31073,72833,424,84,12311,7357,1086,1250,1422.29,376.66,25,43.97,2.19,91,11,935.64,310.4,123,183,BENIGN
65169,5450,169,47,9710,4128,112,1265,2.76,323.56,35,60.47,44.27,73,27,55.62,42.9,690,436,BENIGN
58138,80879,335,468,8652,6083,448,1044,932.77,459.34,36,5.54,32.01,39,37,460.47,118.76,299,454,BENIGN
47137,73168,184,298,5243,11791,972,558,1195.45,481.64,33,55.9,28.21,56,48,441.77,184.87,392,136,BENIGN
23178,59135,296,349,11295,9174,331,52,669.49,249.51,33,89.9,3.44,51,30,498.77,19.36,847,341,MALICIOUS
49719,46346,59,81,4094,4459,757,669,1190.73,156.1,39,54.52,47.88,79,25,531.92,123.84,67,133,BENIGN
60470,6994,288,385,9712,14564,1140,517,322.66,308.91,30,5.38,9.18,14,25,893.96,236.77,407,415,BENIGN
57210,85663,475,407,3644,2651,1481,753,786.95,31.58,36,19.97,47.73,40,25,261.91,267.14,280,485,BENIGN
50802,78831,453,407,11089,5464,364,964,676.23,378.83,33,43.87,48.3,20,10,926.97,249.84,763,238,BENIGN
55879,96161,154,13,2379,5066,648,848,1349.25,410.98,37,7.48,31.54,33,42,574.29,272.1,952,322,BENIGN
3492,64496,84,60,7050,8222,50,262,1491.5,196.68,30,84.73,47.24,43,49,123.26,127.81,951,14,BENIGN
42798,53789,139,379,13609,4441,1328,465,997.04,140.0,22,91.77,7.86,91,25,810.05,37.57,271,96,MALICIOUS
1630,68425,432,13,1109,6363,859,373,86.36,451.7,20,7.73,35.63,1,30,870.17,352.03,955,268,BENIGN
7828,32848,497,446,13561,6890,211,1469,530.12,275.37,39,8.83,18.55,41,14,427.83,413.17,107,264,BENIGN
28189,67180,484,161,6104,10973,394,598,595.35,314.24,38,59.7,34.58,28,5,363.58,303.25,539,285,BENIGN
38243,30811,233,393,3977,11966,1135,473,1353.87,275.89,33,37.7,12.76,72,15,771.38,56.41,181,321,MALICIOUS
21863,50186,80,323,2022,14589,985,1300,222.34,364.54,27,21.03,8.24,42,42,783.97,53.11,49,455,MALICIOUS
45503,67423,127,360,3428,5472,1204,832,1302.97,415.64,22,37.79,8.18,24,2,207.99,449.48,877,40,BENIGN
17374,2883,334,331,3040,14931,213,1113,304.29,110.12,20,99.45,11.41,54,23,396.89,285.22,413,30,MALICIOUS
28257,81966,103,414,787,6607,500,595,909.35,82.06,37,20.08,29.57,10,18,973.01,287.47,408,426,BENIGN
4435,89496,78,10,14957,5089,987,1217,1341.63,456.46,30,42.09,3.21,77,36,495.62,246.73,844,131,BENIGN
34463,26247,427,239,6482,12021,266,1381,435.86,267.33,38,38.62,35.97,21,38,565.26,203.23,648,294,BENIGN
19477,89802,489,430,3583,3107,1052,404,425.02,146.29,26,57.21,26.79,13,27,662.17,400.69,68,51,MALICIOUS
60162,31008,313,359,498,4268,116,1245,37.06,250.57,21,97.31,49.12,91,38,329.95,44.19,460,291,BENIGN
8475,53405,330,6,5370,3654,1056,1227,194.05,25.77,39,90.68,44.42,46,40,578.58,39.97,240,21,BENIGN
4681,16382,360,371,11473,9773,566,619,519.17,415.22,35,40.71,49.67,75,32,763.88,93.74,685,317,MALICIOUS
58623,73977,70,379,10438,13806,322,1021,1071.22,220.03,27,18.68,18.24,92,36,416.59,63.67,218,308,BENIGN
3126,49739,35,323,1514,3625,102,102,594.13,8.84,36,3.82,3.53,60,41,643.43,281.0,765,328,BENIGN
46446,1232,168,101,5564,1419,569,340,262.94,177.17,35,48.57,7.89,98,13,315.18,35.47,402,216,BENIGN
61517,31323,355,24,9565,14603,1112,540,933.91,343.13,37,23.72,18.11,82,49,235.48,151.97,371,313,BENIGN
27656,84258,418,434,8733,9934,430,1148,1345.48,348.05,31,18.35,40.52,93,31,889.78,362.63,262,83,MALICIOUS
50494,50778,17,247,8714,47,796,195,127.58,136.38,36,81.66,2.04,72,27,534.61,102.9,294,35,BENIGN
3740,44059,263,266,6771,6215,1287,1151,492.37,98.76,23,29.89,21.55,14,20,819.91,495.94,994,65,MALICIOUS
46046,68975,324,170,3606,14422,165,1120,1022.87,388.11,21,14.56,11.84,94,39,545.08,303.18,391,431,BENIGN
11522,54413,130,435,10819,4437,90,110,280.74,245.21,26,47.8,26.09,89,27,518.17,159.11,379,232,BENIGN
1920,23406,102,465,3758,194,258,952,806.2,121.31,39,71.4,0.59,37,13,607.28,6.27,189,346,BENIGN
46372,14169,498,392,4367,11421,403,134,1378.57,451.46,20,1.96,23.27,34,5,737.34,231.44,892,455,BENIGN
46177,93281,45,476,8141,4906,270,418,325.23,22.3,27,62.11,43.19,14,45,679.09,360.21,818,19,BENIGN
34955,97686,126,474,5355,9370,1228,1099,156.26,84.34,29,47.12,9.52,60,41,731.75,156.61,542,124,BENIGN
56256,75560,67,203,1789,10678,1325,488,757.29,79.29,33,11.31,5.18,46,31,912.71,299.93,430,451,BENIGN
46474,81441,342,462,11831,13978,140,438,502.83,496.74,34,92.57,43.96,98,49,74.79,196.55,196,304,BENIGN
39314,68268,228,112,11437,67,1388,523,233.13,487.23,28,49.07,33.62,26,5,102.7,405.22,953,64,BENIGN
2821,56067,225,277,5298,3014,723,707,61.63,65.91,32,75.33,45.2,8,0,367.68,325.26,443,377,BENIGN
15613,14197,329,6,13830,9800,967,978,1299.04,133.05,24,86.33,47.69,31,0,425.99,381.53,348,496,BENIGN
34277,78100,183,184,8891,3083,380,1381,225.09,242.07,26,6.26,38.06,37,19,662.73,43.31,487,444,MALICIOUS
19391,29065,213,410,13007,3969,175,84,923.79,474.85,38,79.58,13.48,39,4,678.58,70.95,715,349,BENIGN
18391,59396,456,428,4058,5133,969,577,217.09,237.29,34,90.87,44.96,61,26,44.68,75.46,157,121,MALICIOUS
11196,6521,390,26,14006,11838,865,386,638.72,319.95,37,78.91,9.7,43,5,495.02,213.29,899,496,BENIGN
9333,47825,491,263,1792,11606,1409,375,408.2,254.51,20,23.0,45.14,93,9,86.03,458.87,323,462,BENIGN
48090,91731,252,342,8905,4821,264,702,1262.4,91.55,32,85.62,4.45,41,18,791.96,210.09,857,147,BENIGN
40047,50674,18,207,3818,14269,900,401,791.35,384.03,32,20.87,46.72,55,19,257.27,216.99,341,292,BENIGN
48050,47738,231,279,3143,13559,917,93,477.82,437.43,32,25.86,9.12,81,10,776.78,260.67,404,33,BENIGN
5525,82320,421,193,10795,6722,1337,136,1373.75,345.24,26,61.38,28.27,73,47,261.47,195.11,244,456,BENIGN
64043,53420,196,312,13876,14843,511,63,963.18,177.47,24,53.99,37.7,81,46,389.68,453.02,207,65,BENIGN
54108,28355,346,422,8928,13395,1067,672,194.82,41.13,30,26.7,49.63,40,12,83.68,440.63,237,148,BENIGN
27429,78016,7,122,1667,14843,587,533,861.14,52.45,30,87.72,24.51,0,16,458.93,148.34,660,447,BENIGN
7567,35462,52,157,6205,1658,1462,1039,488.41,356.0,28,33.94,17.06,9,45,536.37,196.18,893,440,BENIGN
32406,81393,25,129,3029,666,26,821,793.6,493.67,35,37.71,42.97,83,41,61.06,313.64,282,32,BENIGN
64402,12210,49,407,12560,13313,940,1348,1143.04,95.84,24,57.65,13.91,30,3,736.41,300.98,785,143,BENIGN
44864,28866,23,400,1717,12229,848,902,302.91,225.61,20,48.54,43.32,27,6,888.08,473.68,737,115,BENIGN
25868,41837,22,183,4065,4128,142,1480,40.41,252.44,35,96.34,15.28,9,27,760.55,118.15,339,301,BENIGN
40943,91044,464,173,14790,12480,506,541,1238.82,324.53,20,2.4,45.08,19,14,228.57,469.78,842,77,MALICIOUS
4017,53421,73,27,12517,5732,185,130,365.71,114.13,29,73.79,21.14,33,26,376.63,91.84,36,476,BENIGN
43141,90202,16,363,11025,914,1329,521,844.43,418.72,32,45.25,46.85,83,35,869.25,413.46,339,86,BENIGN
55491,89495,244,277,8853,6729,1339,1060,138.61,450.38,28,75.26,2.95,13,26,355.26,446.28,860,178,BENIGN
9587,98610,251,59,12498,7908,110,1010,784.0,201.16,34,4.97,31.76,8,13,666.51,228.56,636,212,MALICIOUS
38271,17522,426,280,3766,14653,942,828,842.54,318.54,34,31.22,18.19,88,44,388.46,370.76,400,14,BENIGN
40465,98238,391,177,2604,549,1434,877,538.46,327.84,37,18.56,18.69,47,30,722.24,120.94,522,212,BENIGN
12222,94002,145,223,3627,12763,1346,652,1227.22,435.86,35,7.41,20.79,15,44,181.83,153.83,544,337,BENIGN
56383,16036,136,160,10605,8083,1047,725,265.37,149.38,39,28.45,45.55,76,13,682.11,218.12,854,213,BENIGN
24472,90908,427,331,5302,6445,35,1404,908.15,439.46,33,41.31,7.65,31,17,462.5,5.35,157,33,BENIGN
36434,87335,11,396,13721,13863,178,646,949.91,455.3,23,20.65,32.47,1,30,274.17,456.04,808,117,BENIGN
44602,2775,220,239,11922,3471,651,1178,806.16,394.39,36,34.36,20.54,54,0,621.0,349.17,592,444,BENIGN
44421,82825,309,384,5039,12041,582,473,49.97,35.64,36,47.99,17.22,62,11,255.63,128.75,747,446,BENIGN
10419,94706,314,90,3528,3576,140,134,275.81,41.92,37,30.71,23.66,23,6,130.31,351.26,293,202,MALICIOUS
46677,29839,113,293,6536,9614,996,1173,322.99,331.49,24,11.87,49.39,3,19,277.14,102.96,951,435,BENIGN
44394,30105,319,451,2591,3560,456,153,1250.31,10.93,30,26.77,27.4,41,9,517.87,275.65,776,120,MALICIOUS
45064,80474,198,149,1003,5211,284,1210,62.24,326.75,29,22.07,20.81,38,3,343.41,343.23,857,392,BENIGN
41792,25403,219,160,7289,11891,1440,1449,1234.82,92.16,35,69.33,12.09,63,19,697.22,205.25,797,239,BENIGN
42947,85328,371,275,11272,13991,349,1355,13.4,37.5,31,19.95,39.59,37,6,713.11,83.01,394,495,BENIGN
6076,63163,475,268,1973,12429,1284,619,711.95,377.84,21,12.34,7.8,76,4,923.43,418.97,842,297,MALICIOUS
42688,58933,11,358,6342,2855,337,591,191.44,229.36,31,45.78,1.0,9,28,218.7,67.89,534,55,MALICIOUS
21219,91635,255,149,10350,6669,839,1479,983.98,269.27,27,64.42,29.67,39,3,481.04,11.45,50,436,MALICIOUS
9962,62499,193,448,12348,10487,726,100,1035.65,150.15,27,3.53,28.74,16,44,122.15,368.04,4,64,MALICIOUS
48807,13711,408,210,956,13945,698,661,1273.29,363.3,32,50.25,48.09,46,24,558.57,119.31,449,118,MALICIOUS
5067,77765,357,486,5537,10217,488,674,1178.77,216.67,38,92.24,40.28,19,41,466.68,214.55,533,397,BENIGN
17397,46212,54,241,12921,3357,1132,583,1410.71,464.54,36,17.82,31.08,64,35,297.02,247.76,816,276,BENIGN
48470,11626,487,188,5834,11319,939,1339,191.95,453.54,36,75.01,2.13,76,3,358.92,117.79,461,193,BENIGN
51561,56412,169,227,13698,6108,156,1489,478.47,285.4,20,29.33,40.15,15,6,56.27,360.32,972,166,BENIGN
54539,42726,247,299,1337,4765,808,1134,745.97,178.15,39,6.18,17.53,53,29,853.52,441.55,691,346,BENIGN
4655,253,341,113,3662,4920,54,817,708.5,498.79,27,91.92,14.9,25,21,942.45,370.32,279,466,MALICIOUS
11880,3609,470,163,2392,3968,1026,970,671.75,484.55,28,94.8,15.3,26,39,326.75,388.98,558,116,BENIGN
19655,79709,5,354,12820,7269,614,299,1432.37,498.86,25,83.31,42.25,44,41,360.18,24.41,661,53,BENIGN
36614,73858,12,475,6321,6464,58,737,807.59,455.67,27,2.93,43.44,96,16,121.69,357.59,185,260,MALICIOUS
43029,70048,32,279,11748,2146,989,1208,50.23,383.04,22,82.88,49.35,13,15,167.92,230.02,539,109,BENIGN
33336,50313,131,20,12396,13817,693,326,1088.52,147.7,20,47.69,23.55,55,31,561.4,356.82,936,5,BENIGN
58935,20078,429,486,10397,11374,218,486,1193.88,328.56,32,49.37,47.19,30,40,484.71,74.74,984,183,BENIGN
64115,36817,111,97,14199,2282,10,658,682.23,414.65,35,57.28,49.67,57,47,310.37,306.19,212,266,BENIGN
11431,4631,241,48,9578,13659,990,986,659.7,121.59,20,9.44,18.62,81,35,981.08,34.99,593,132,BENIGN
6881,49619,39,164,13397,1708,1343,1054,564.1,114.11,35,58.3,29.09,56,43,75.66,252.86,701,488,BENIGN
8526,93045,459,173,12588,6546,798,106,322.99,352.06,34,78.77,39.18,9,17,152.12,361.86,894,434,MALICIOUS
62136,22069,98,220,11789,6880,555,1315,239.51,254.87,26,84.13,35.71,68,45,978.37,222.08,54,140,BENIGN
55415,36047,320,425,12731,1670,964,461,119.06,150.45,36,38.7,31.51,22,18,812.31,227.19,790,394,BENIGN
51973,43417,331,47,13819,12502,400,408,1100.71,327.76,30,37.34,46.93,22,40,55.98,173.1,292,399,BENIGN
1061,22940,61,471,1895,14863,710,19,882.02,334.38,21,35.71,24.48,26,24,933.48,210.03,712,493,MALICIOUS
56474,26562,356,180,12723,7379,177,1342,752.14,423.22,35,49.13,0.06,88,15,939.52,59.41,546,33,BENIGN
39758,42956,111,91,14474,2983,196,1413,644.0,249.41,25,35.01,44.13,32,43,80.93,349.49,306,4,BENIGN
18021,42134,45,400,791,12351,981,702,1398.5,113.5,26,68.11,16.28,23,40,113.41,21.79,389,13,BENIGN
10726,6194,193,308,9905,1356,604,599,128.03,267.42,33,49.14,22.75,93,2,9.36,374.8,435,71,BENIGN
26237,28892,464,473,5851,3683,1375,1338,1456.12,28.15,26,92.86,45.28,10,49,364.2,13.78,574,488,BENIGN
39708,82290,378,286,2677,4110,1345,822,277.79,469.32,29,36.36,33.63,80,46,519.05,428.2,8,58,BENIGN
30325,27300,286,137,6163,9226,696,320,1171.44,110.28,39,77.29,24.02,58,37,228.08,28.64,263,121,BENIGN
44857,67203,460,316,5523,13084,886,44,482.67,479.2,37,0.8,5.23,49,11,899.93,329.28,527,282,BENIGN
29826,132,24,106,4461,4436,697,102,318.14,395.68,29,39.16,18.57,0,43,688.26,126.11,477,327,BENIGN
28749,13482,149,468,13071,14027,245,1075,1359.01,368.12,38,72.95,48.24,88,6,156.67,86.38,182,194,BENIGN
50597,17697,188,483,10822,2303,1214,1072,468.09,172.59,21,75.47,1.92,34,6,878.88,42.13,335,303,BENIGN
52477,59615,244,332,3299,734,1401,1410,591.22,396.48,20,60.47,40.14,42,23,505.25,266.47,628,204,BENIGN
6686,89567,494,45,14561,6950,467,115,592.49,358.36,38,44.73,30.44,98,38,523.29,429.63,121,55,MALICIOUS
48675,65495,460,70,8325,11777,1447,772,812.74,457.08,36,40.37,32.9,23,14,871.81,223.95,171,243,BENIGN
14718,50681,254,27,2941,4419,402,486,1494.28,355.66,30,20.32,45.49,53,20,181.05,403.33,353,199,BENIGN
13363,68533,443,304,4470,2787,351,27,176.25,8.54,33,17.01,7.43,20,27,531.31,293.43,988,454,BENIGN
58666,24287,212,479,13777,12314,384,400,1204.05,160.38,35,39.28,27.62,14,10,67.13,30.81,362,68,BENIGN
11146,80416,452,295,8893,5722,989,257,672.76,16.1,24,27.81,11.39,21,6,762.23,91.62,196,348,BENIGN
56429,39144,20,13,7799,4121,1370,280,316.53,394.95,38,78.35,39.54,1,45,179.46,0.59,742,312,BENIGN
46630,84879,359,444,13710,13075,1330,250,248.41,28.11,29,57.27,4.32,20,21,952.85,197.73,599,119,BENIGN
52059,18806,406,24,7656,7809,574,1479,1134.57,27.45,28,38.66,4.76,10,28,82.76,208.69,597,158,BENIGN
54113,51469,26,394,1805,11727,168,1115,537.51,96.31,25,19.24,45.93,25,11,894.07,255.38,928,141,BENIGN
10245,51371,48,189,14285,4487,1286,282,1413.17,120.06,31,90.62,13.72,43,42,364.65,129.4,473,215,BENIGN
64880,77161,65,459,5353,9334,575,359,391.18,165.42,34,36.04,26.15,12,29,723.9,197.19,971,497,BENIGN
31512,79011,425,108,4776,14256,942,500,588.86,310.31,31,75.89,43.79,50,1,235.28,233.38,200,346,BENIGN
39203,84674,438,291,7124,6738,281,1228,306.36,28.48,29,87.4,5.86,87,25,175.76,122.13,817,322,MALICIOUS
2992,52961,488,74,13286,9160,1190,985,108.19,0.67,34,7.89,3.16,78,4,581.19,117.08,610,423,BENIGN
18386,15890,469,351,14528,9343,1033,762,1008.51,217.78,27,71.28,5.11,23,45,355.17,407.99,851,344,BENIGN
17359,65312,54,88,8608,2887,108,1393,518.88,319.47,24,46.46,48.67,16,22,167.8,426.18,835,449,MALICIOUS
18553,47510,202,156,3672,14272,661,611,619.23,111.77,27,5.05,42.46,9,41,319.54,40.77,241,9,BENIGN
43764,55138,427,122,8795,14239,118,759,609.94,264.36,30,90.69,40.15,99,18,774.33,378.26,389,292,BENIGN
63449,98882,57,321,12848,711,751,155,528.52,126.22,37,69.75,24.35,86,35,846.12,248.17,174,153,BENIGN
56649,76518,87,403,8781,2520,259,836,1206.26,17.08,36,47.94,4.99,4,17,815.24,55.98,49,458,BENIGN
12787,35465,266,277,10445,12654,1498,748,741.73,40.59,33,53.96,18.3,74,21,577.01,405.12,602,118,BENIGN
27004,55803,152,36,78,14596,375,368,1213.5,420.61,21,61.65,18.83,27,44,777.18,37.0,767,285,BENIGN
4004,37782,56,38,68,8382,482,1093,250.85,455.99,33,67.69,33.33,13,14,623.72,290.61,157,24,MALICIOUS
63939,50200,312,66,5825,2277,355,353,396.25,186.75,26,98.48,42.66,95,45,641.35,212.9,489,128,BENIGN
61880,64389,52,303,11590,6214,1102,93,850.15,426.33,20,80.85,10.94,32,46,190.96,226.6,381,352,BENIGN
8219,4108,134,233,3299,6706,983,1413,82.57,170.88,24,87.75,43.6,34,26,753.62,136.52,686,68,BENIGN
46587,16824,391,301,3420,9791,684,78,110.09,464.1,27,77.54,7.8,12,44,488.62,440.03,907,61,MALICIOUS
60513,40202,190,208,13786,6619,300,1497,200.55,412.37,20,79.31,32.06,88,35,732.37,21.81,898,308,BENIGN
48951,93536,294,136,3829,12435,297,918,599.71,269.09,32,0.7,19.45,57,46,419.59,135.33,576,420,BENIGN
48837,38629,352,120,14719,3562,1285,1471,1001.96,182.48,24,19.73,45.76,99,20,479.85,449.83,276,434,BENIGN
49770,45459,474,194,4974,9085,933,763,1127.8,395.95,28,89.93,30.79,28,36,546.08,76.94,200,221,BENIGN
17931,20872,81,102,1271,6059,457,1432,429.27,366.49,21,7.76,45.16,96,21,713.16,300.65,311,188,BENIGN
52877,1594,387,116,4023,736,1301,367,193.25,345.65,31,33.49,24.47,48,47,387.03,192.03,677,225,BENIGN
61736,12425,490,119,10964,11844,660,779,975.32,434.1,34,26.71,45.6,49,2,566.39,307.48,660,215,MALICIOUS
13692,56635,278,208,1559,2833,681,1413,542.64,251.21,24,18.95,33.54,6,5,353.35,488.79,986,448,BENIGN
24668,76141,330,411,8519,12850,1270,917,338.65,59.78,27,79.54,3.02,67,15,262.33,322.39,294,33,BENIGN
55742,60821,167,139,5902,2863,639,467,656.18,232.98,20,36.38,1.02,72,24,214.45,371.41,732,479,BENIGN
30222,1050,382,468,4946,4160,901,785,599.77,275.45,31,48.54,22.75,89,8,971.29,42.08,556,478,BENIGN
62832,53664,54,201,1557,587,191,109,1102.27,448.92,39,17.44,14.22,32,9,666.58,81.31,874,81,BENIGN
62087,31014,26,162,3298,1479,1002,200,1095.98,359.13,28,92.67,39.57,65,19,484.16,180.33,998,438,BENIGN
15430,12412,338,128,1173,1782,1298,1343,165.44,347.43,30,47.93,30.14,83,29,191.72,33.08,419,21,BENIGN
63425,38949,17,283,9305,1067,338,612,347.86,398.49,33,30.22,42.73,89,2,398.36,145.24,402,93,BENIGN
39165,58446,59,27,11936,1818,439,167,1330.24,461.1,29,61.18,12.76,79,37,547.42,44.7,283,33,MALICIOUS
24720,24223,149,56,3431,2568,772,1273,911.98,88.84,34,81.51,15.02,14,24,387.51,97.58,752,55,MALICIOUS
22848,22454,229,221,2905,906,758,741,1450.79,221.3,39,84.51,0.91,21,37,977.67,79.09,599,323,BENIGN
46374,44541,47,343,3565,5041,674,73,64.46,81.52,39,32.52,35.01,62,38,560.87,342.66,659,182,BENIGN
46976,28463,56,256,9519,9433,782,1208,1287.99,367.31,27,14.9,29.26,73,1,602.11,143.07,470,0,BENIGN
35044,38526,48,26,1219,13844,845,1039,955.14,265.78,35,68.31,44.07,31,44,928.66,5.02,900,3,BENIGN
44022,3619,94,123,4235,4110,170,284,554.85,267.42,22,11.56,23.52,91,6,580.47,358.59,341,54,BENIGN
37230,12985,477,331,7826,13650,825,42,878.68,200.2,38,77.26,0.12,55,22,856.5,131.71,341,39,BENIGN
30932,41382,222,489,223,9593,756,1240,528.28,350.24,23,14.69,3.07,89,40,324.6,452.22,454,36,BENIGN
27562,98353,218,438,14701,3112,1271,742,521.61,263.7,24,41.71,49.26,33,22,150.2,258.31,40,66,MALICIOUS
56824,7730,212,480,3624,690,50,441,78.23,244.92,35,93.5,25.82,38,9,423.43,64.5,463,163,BENIGN
9655,37753,52,348,14333,14469,798,1040,35.12,366.86,30,20.81,27.85,17,18,848.4,218.76,557,415,BENIGN
6666,99053,100,435,2236,31,497,228,873.21,123.38,34,22.98,25.17,13,42,521.93,36.96,819,83,BENIGN
25673,9198,348,437,6783,10665,451,1348,551.29,238.55,39,53.71,14.6,54,35,762.57,441.57,647,164,MALICIOUS
30943,16383,441,98,11233,9754,665,624,1300.46,264.22,22,63.26,27.14,73,14,289.5,351.9,837,403,BENIGN
26576,29233,290,44,3057,7572,1035,475,433.19,226.56,30,36.19,4.63,64,31,948.0,227.53,49,115,BENIGN
25523,23400,212,317,8165,12459,305,92,981.35,357.19,33,34.73,27.54,43,36,571.91,474.89,444,229,MALICIOUS
26230,61074,82,27,2766,9534,60,1204,528.53,24.72,28,29.68,16.91,61,27,18.66,378.9,765,221,BENIGN
32180,82329,42,395,5988,8399,1389,1199,904.15,287.41,28,15.05,29.14,72,48,273.45,353.9,996,63,BENIGN
61246,84295,453,145,1211,10838,240,621,1267.1,218.64,37,27.68,14.43,51,36,183.49,233.24,877,350,BENIGN
9374,83911,120,92,3808,12836,336,1133,613.62,457.56,30,60.83,11.13,6,21,276.35,290.35,587,456,MALICIOUS
64663,80466,358,368,11567,1018,1013,1355,665.57,196.87,27,40.57,26.16,63,21,163.41,458.47,801,331,BENIGN
28238,44253,350,192,8234,594,1211,143,901.98,240.38,25,89.61,9.75,42,31,727.88,20.13,183,331,BENIGN
49517,51479,281,438,9528,9651,463,1148,1403.87,219.19,24,44.09,11.27,55,32,377.96,225.69,397,378,BENIGN
12543,55570,413,278,327,12750,460,996,689.72,79.66,37,74.51,45.74,23,28,693.48,143.04,951,258,BENIGN
57400,36090,147,448,1465,2404,68,537,1440.06,322.99,29,35.07,1.85,58,17,484.56,379.21,274,401,BENIGN
50339,79717,364,431,303,10056,0,1451,978.14,117.63,35,64.04,20.83,72,4,694.66,404.33,730,304,BENIGN
64405,73125,26,329,12843,12526,1251,1388,1095.97,249.68,23,87.59,5.16,29,27,783.48,182.32,641,61,MALICIOUS
17549,9100,80,18,10161,9700,946,1246,1145.62,228.52,28,9.02,46.7,51,24,231.7,97.65,505,236,BENIGN
38865,58998,382,100,2391,13489,49,1336,533.89,239.93,32,45.03,22.22,13,1,815.36,393.44,735,88,BENIGN
13582,1336,123,207,2748,1206,745,1058,499.9,350.5,39,86.66,29.36,70,19,21.0,412.43,503,102,BENIGN
46866,26819,365,88,12851,4425,322,290,846.96,382.83,21,50.35,2.02,91,11,999.9,296.69,862,499,BENIGN
30091,3292,124,445,3578,5827,777,1330,1403.15,240.12,38,25.3,47.96,81,9,279.32,250.13,796,284,BENIGN
8749,2271,68,104,14425,3911,75,838,1284.12,10.85,33,75.83,25.25,85,6,494.4,343.84,494,347,BENIGN
37555,65717,278,224,2004,3345,341,1393,718.12,12.87,25,23.89,37.91,16,34,286.52,15.06,102,462,BENIGN
9902,60041,405,312,7575,10269,660,624,1044.66,418.37,28,62.17,13.55,69,3,832.85,306.57,444,114,BENIGN
8802,43920,50,309,9775,8818,233,1217,474.17,268.53,26,35.24,18.35,25,25,962.31,251.59,513,482,BENIGN
60300,93948,454,325,13427,11846,1177,1219,1370.53,116.82,35,63.02,1.64,97,24,893.53,440.72,792,309,MALICIOUS
48694,28082,292,337,10314,5982,1441,1297,911.37,9.82,22,80.46,24.13,23,1,891.7,121.38,423,199,BENIGN
33111,20542,12,145,14803,10288,1015,687,1385.42,356.51,24,53.54,30.31,17,21,755.7,175.8,522,66,BENIGN
13170,68123,70,335,11414,3532,674,1260,809.52,172.79,21,9.4,44.56,74,5,156.45,200.14,802,494,BENIGN
11827,10226,217,355,1195,9357,1070,1490,460.67,419.93,28,95.64,29.95,63,35,968.22,464.66,744,370,BENIGN
65276,20334,15,302,13033,10272,417,195,1093.57,37.3,31,64.09,5.65,12,27,870.81,64.78,853,382,BENIGN
18484,9982,404,392,12707,8756,34,118,1391.91,399.37,36,48.36,23.72,39,4,85.07,266.17,423,267,BENIGN
40675,77090,49,122,14963,13481,965,1064,1126.18,440.08,24,61.0,34.75,69,6,360.42,484.53,103,309,BENIGN
10063,67558,320,377,547,7624,1163,1431,1061.69,24.12,26,45.41,13.04,1,13,495.33,393.99,230,228,BENIGN
59886,6780,66,0,582,7082,300,411,1338.38,259.76,22,13.22,47.35,95,31,619.06,325.76,125,49,BENIGN
20659,53232,403,359,12411,276,1473,621,330.38,248.77,38,35.67,17.81,93,15,105.38,338.3,502,428,BENIGN
21919,17367,35,175,13680,7541,1254,1291,1105.99,325.92,33,70.89,40.21,17,42,511.02,304.09,29,309,BENIGN
33586,47738,108,398,2524,2111,451,894,1000.34,487.58,37,8.55,5.2,98,18,737.52,475.59,454,82,BENIGN
64987,48560,291,185,10451,845,1081,720,1289.45,276.41,31,54.95,2.34,91,39,137.51,16.38,626,55,MALICIOUS
46071,17938,28,164,954,4483,1243,1411,774.08,16.33,26,42.62,30.99,23,41,672.59,360.26,716,455,BENIGN
62095,50796,143,234,5635,8342,536,1129,917.47,80.53,20,74.76,44.1,73,38,290.73,375.73,230,247,MALICIOUS
6698,93583,43,228,8504,14252,261,987,421.9,259.13,23,22.6,30.24,28,39,481.91,366.0,368,89,MALICIOUS
56326,12016,374,467,14237,7424,931,243,388.41,202.78,37,93.06,30.11,9,27,444.44,32.3,827,407,BENIGN
5970,36526,428,11,12622,3490,23,38,30.84,401.37,22,75.71,30.63,87,47,722.71,33.95,183,96,BENIGN
17432,2386,37,350,6445,2932,1143,78,575.87,298.32,34,28.39,38.21,71,15,562.99,174.56,470,349,BENIGN
51082,49081,77,386,10515,3762,679,791,1410.22,275.71,25,25.49,35.55,91,11,838.94,165.01,52,128,BENIGN
7969,15146,499,430,3094,8332,1040,1454,315.67,488.55,24,93.51,24.9,8,6,59.42,484.31,649,241,BENIGN
9385,865,65,351,4804,5644,468,1387,684.99,420.36,38,48.19,20.99,76,8,705.38,202.61,466,330,BENIGN
32108,58951,209,420,14370,14033,1194,1439,1045.5,163.27,29,83.41,14.53,74,4,96.22,273.22,585,49,BENIGN
59480,46851,238,364,517,13748,1307,1196,763.53,156.6,21,46.56,21.97,59,10,347.21,245.58,198,388,BENIGN
61096,35145,248,2,9531,6072,352,1259,1230.44,441.26,30,9.69,10.95,24,10,810.48,133.16,425,275,BENIGN
48858,25902,49,265,8307,8582,526,360,402.63,28.32,37,9.3,47.7,60,39,468.04,130.48,209,256,BENIGN
42148,18489,60,382,748,7362,1464,1267,939.72,269.07,31,46.29,9.32,77,46,827.1,211.2,734,82,BENIGN
37609,2592,28,453,10768,14209,1399,513,734.92,294.13,29,17.8,11.28,85,7,272.79,287.67,50,252,BENIGN
56674,32396,367,475,3855,4597,899,432,141.29,330.38,37,87.32,20.52,19,16,558.97,372.48,491,336,BENIGN
41226,98209,286,462,2372,10799,1298,848,411.94,422.24,28,35.39,29.18,48,34,6.61,394.84,299,275,BENIGN
64232,8503,477,402,10694,9338,844,1004,577.79,83.2,33,59.72,38.66,8,41,690.03,123.8,428,297,MALICIOUS
5298,36701,469,439,6824,11975,125,345,131.34,316.49,28,87.06,4.35,23,6,867.5,190.57,413,10,BENIGN
14456,84625,484,284,8589,8877,59,118,407.04,161.68,37,27.59,39.47,54,9,642.85,120.58,329,465,BENIGN
43115,15835,324,395,14928,11411,1134,1028,244.54,228.83,31,82.06,48.13,93,45,712.07,118.13,544,204,BENIGN
59785,66479,58,354,14528,14205,302,66,1350.81,216.54,21,92.85,16.08,97,1,425.91,108.29,906,234,BENIGN
61940,15705,279,150,12234,8168,13,1099,183.67,90.66,26,4.56,0.9,62,49,748.05,152.75,712,475,BENIGN
12972,7835,9,195,1369,3003,824,468,98.49,40.32,25,83.57,49.34,82,4,394.86,94.89,145,316,MALICIOUS
26002,19565,260,309,3883,11883,583,702,348.16,208.68,27,49.3,24.45,94,21,726.64,262.81,556,331,BENIGN
31316,403,419,157,436,14905,1308,67,104.11,319.11,37,72.67,5.01,82,48,89.51,39.89,192,159,BENIGN
12611,96196,239,78,2500,6968,814,262,421.46,429.05,27,86.16,15.71,28,49,410.96,303.33,260,490,MALICIOUS
6252,31463,266,259,7468,14384,866,158,1045.54,458.81,28,35.86,33.8,8,37,10.28,74.55,820,266,MALICIOUS
47638,10561,227,440,5496,3144,1357,894,92.74,313.78,30,7.56,13.81,15,16,230.67,375.74,663,403,BENIGN
61905,46010,498,436,9353,6294,526,458,356.55,277.45,26,93.16,38.61,96,49,782.18,394.41,680,87,MALICIOUS
49509,47216,400,402,12047,11666,864,790,780.52,3.31,29,14.22,6.36,85,30,493.97,355.64,261,82,BENIGN
20892,39719,56,352,6435,6582,1195,214,521.4,208.67,24,91.59,26.91,31,2,892.0,66.55,918,275,BENIGN
41976,97234,361,306,2220,1463,673,1446,1479.92,214.94,22,94.56,25.95,97,1,802.38,279.97,968,18,BENIGN
3895,1335,498,313,935,5854,1459,112,720.36,250.26,37,99.55,23.17,40,1,368.04,494.87,397,76,BENIGN
18817,35776,100,98,7162,8356,76,639,519.6,218.99,32,75.45,27.84,42,9,35.92,112.92,441,396,BENIGN
1883,4735,385,220,14345,5985,130,1169,384.13,238.53,35,14.55,8.92,36,16,923.89,391.7,244,57,BENIGN
19588,34061,53,354,1676,6198,348,963,656.06,251.7,21,64.61,29.78,46,36,766.24,167.95,36,258,BENIGN
45270,93533,389,249,843,13566,152,222,1099.53,99.93,33,9.34,24.3,83,15,332.89,156.82,617,149,BENIGN
50164,75046,350,374,2857,10250,602,1302,286.64,449.83,28,87.52,35.85,11,11,581.15,172.14,577,220,BENIGN
23367,17261,275,122,6355,88,1176,250,209.84,462.27,25,87.13,11.22,35,40,530.14,16.09,551,17,BENIGN
39400,38453,273,422,661,11361,1495,504,1172.48,193.68,34,32.28,44.27,31,36,448.73,75.17,884,237,BENIGN
7877,81532,369,135,9757,11910,361,311,781.05,184.5,32,1.1,7.23,94,4,711.05,206.31,604,103,BENIGN
58352,30727,337,451,11833,13841,1395,1,1399.5,470.89,38,19.97,41.63,38,43,82.12,21.46,499,403,BENIGN
58714,24808,35,155,14822,11801,828,1161,56.71,336.72,27,72.86,47.34,14,13,479.25,63.38,489,115,BENIGN
50960,47003,9,365,7512,9415,680,342,1136.92,92.44,38,0.79,4.82,0,47,582.98,385.15,514,441,BENIGN
45786,52503,302,114,11010,2656,851,627,1086.62,253.81,25,70.77,43.04,27,14,43.76,382.01,768,188,BENIGN
6707,49635,417,323,5060,5187,1397,238,83.14,104.76,33,3.51,17.02,66,34,742.64,48.76,883,324,BENIGN
45787,16938,491,209,1743,7856,1275,893,725.2,371.37,34,17.53,19.9,29,25,380.51,392.71,212,384,BENIGN
22314,15530,129,457,10911,5884,463,1360,1487.2,387.13,24,94.51,4.39,13,10,235.86,161.67,217,364,MALICIOUS
30309,20000,294,473,13246,866,664,480,1015.3,481.64,32,69.16,23.47,28,36,546.29,385.22,375,249,BENIGN
16062,15534,52,494,12400,9934,1034,1136,730.22,416.38,20,69.28,44.72,40,38,961.81,488.35,744,82,BENIGN
54455,99426,434,495,9086,2770,298,974,519.08,427.57,27,93.45,31.92,37,43,379.47,442.52,647,305,BENIGN
48644,88735,156,75,4129,563,222,454,167.1,309.48,36,49.27,19.38,32,43,609.05,132.41,687,418,BENIGN
27279,41743,94,467,14926,3773,791,493,108.93,193.24,39,68.66,8.45,82,14,799.58,336.07,709,79,MALICIOUS
9004,14422,285,297,4277,14048,1254,570,305.77,22.45,37,71.3,18.4,34,4,281.5,25.64,964,318,BENIGN
22477,46508,399,428,4412,8376,654,1271,1467.08,451.65,24,76.61,30.39,57,39,376.52,393.51,302,485,BENIGN
7737,29464,167,458,5405,226,1099,368,791.72,146.51,35,0.93,26.53,15,31,72.52,388.67,65,250,BENIGN
45226,80885,171,407,12585,8151,593,777,1014.09,176.21,27,52.62,27.69,22,24,79.59,206.42,673,298,BENIGN
4202,15193,36,80,2636,5613,73,131,658.86,117.93,34,11.02,30.46,70,23,272.9,198.36,421,77,BENIGN
40410,57640,116,362,13229,2963,310,346,1150.47,17.29,28,96.98,24.05,73,24,913.9,325.55,644,266,BENIGN
54905,101,128,32,13369,7554,1416,740,593.24,113.01,24,52.07,34.24,11,25,583.91,343.94,505,312,BENIGN
14003,84226,363,317,13396,14636,188,1415,22.37,491.19,23,11.23,20.56,46,47,557.22,81.2,449,359,BENIGN
22445,98665,37,76,5454,13579,1069,1118,521.08,60.21,33,33.83,7.03,80,5,327.05,387.97,827,323,MALICIOUS
4941,34305,475,215,8579,410,1071,1078,1117.95,481.56,22,96.91,31.02,0,5,369.55,20.99,448,204,BENIGN
62660,34926,171,247,824,2057,191,565,585.33,220.59,34,30.23,7.26,31,21,19.56,64.11,331,19,BENIGN
34077,38515,183,236,13390,11752,955,263,804.57,478.62,29,53.78,25.98,25,26,383.88,428.9,930,424,BENIGN
63596,62182,101,408,13923,10728,913,1409,1156.52,42.76,30,74.7,7.46,85,27,338.26,97.14,321,212,BENIGN
24127,56994,10,463,7029,10490,599,303,1373.58,191.46,22,67.07,5.33,68,8,184.14,471.94,861,14,MALICIOUS
5289,871,264,421,12815,10873,432,1200,521.71,121.53,28,75.12,31.12,81,10,670.47,464.07,678,323,MALICIOUS
45293,64177,111,197,467,14061,1017,1268,754.36,370.51,29,1.37,24.07,23,10,993.02,328.04,632,498,BENIGN
16326,48923,317,495,13818,10328,625,764,523.72,101.4,33,33.15,1.3,38,21,857.01,97.82,952,113,BENIGN
62097,34104,360,266,3816,4148,427,912,1184.16,386.23,33,73.88,24.27,43,22,614.46,224.87,125,293,BENIGN
41757,8370,85,189,14825,2109,1079,100,667.2,40.18,24,30.16,18.29,78,9,644.97,116.45,684,161,MALICIOUS
49392,29707,242,36,12502,3504,175,1100,1490.66,293.91,37,23.97,21.92,5,36,651.49,351.29,624,76,BENIGN
11622,20328,304,188,3558,8490,321,788,1102.72,435.63,35,42.58,44.78,48,13,411.34,53.99,552,388,BENIGN
37650,39198,415,164,8001,12051,498,183,1001.76,397.17,35,64.18,27.2,23,21,410.53,361.12,682,77,BENIGN
24681,10262,31,495,5029,11425,1355,467,890.54,39.96,28,50.33,41.94,74,46,972.39,273.78,426,189,BENIGN
11912,43239,463,336,3358,2146,917,710,154.46,123.86,20,90.84,48.3,27,8,717.25,263.04,62,283,BENIGN
34233,74837,129,251,3260,5864,1474,865,422.97,367.11,20,63.55,37.03,37,43,412.27,170.71,84,51,BENIGN
40864,71248,248,288,1008,8061,283,42,1123.03,85.87,31,15.39,42.0,37,35,116.68,483.22,120,59,MALICIOUS
60936,90748,4,324,2328,2588,741,352,755.98,227.1,26,60.9,11.32,91,32,578.09,374.25,833,175,BENIGN
32163,51865,364,9,6650,12789,607,976,499.34,45.66,23,89.74,5.4,78,33,960.84,13.97,253,180,BENIGN
40198,92128,88,5,8991,10533,688,1195,1212.9,346.1,24,8.31,49.9,68,46,489.65,156.82,841,270,BENIGN
51509,92651,367,397,564,9258,722,180,1375.58,123.35,27,77.39,4.22,47,26,701.74,233.25,253,310,BENIGN
20193,14954,375,468,7822,6521,156,1257,1267.5,322.89,34,13.88,12.63,41,30,866.33,411.15,482,266,BENIGN
40935,14288,41,257,4708,6527,658,667,1154.21,391.26,39,84.29,20.88,59,32,331.4,361.07,219,126,MALICIOUS
2195,17659,171,336,4140,1678,261,404,513.57,480.33,36,49.12,20.28,82,17,746.32,175.86,331,417,MALICIOUS
24586,72318,213,17,5857,10180,54,1085,182.79,450.62,28,25.07,35.87,98,36,459.81,250.35,185,368,MALICIOUS
37968,26398,58,499,8492,4003,371,729,197.97,473.04,34,30.33,21.68,47,34,849.16,127.08,51,474,BENIGN
20791,95352,439,241,6681,7554,863,1141,238.0,216.99,33,44.42,23.82,5,31,52.93,312.37,576,225,BENIGN
56999,45077,255,7,1121,9288,1342,273,841.76,8.63,39,24.75,14.4,15,22,258.29,469.22,436,170,MALICIOUS
2857,9310,362,228,7352,489,1192,1211,383.16,270.99,33,15.5,28.78,82,27,528.65,310.19,997,485,BENIGN
1532,38444,434,68,661,4845,1093,1493,490.16,33.66,29,28.68,15.71,66,46,636.06,451.63,96,241,BENIGN
18146,26333,198,327,13504,3541,36,646,9.61,115.35,21,16.45,36.57,87,28,500.09,235.99,11,444,BENIGN
35444,24722,480,352,6083,1571,917,889,42.84,415.43,33,48.52,10.49,31,12,946.8,492.08,314,149,BENIGN
46542,52905,419,90,13560,7104,342,1110,1381.78,82.94,38,66.45,19.55,70,29,744.38,21.29,336,112,BENIGN
37775,11834,282,322,4515,14015,595,196,338.5,395.94,30,43.76,26.56,55,25,7.36,261.89,380,337,BENIGN
32633,61568,197,497,7082,3262,265,769,429.11,442.59,22,19.24,19.8,93,39,68.79,220.67,625,99,MALICIOUS
13516,31288,284,170,14572,14309,835,152,518.55,315.15,38,61.58,25.46,59,12,60.92,157.92,731,311,BENIGN
29682,75392,349,259,2915,1725,251,5,257.25,344.53,28,7.21,21.74,16,19,908.96,469.41,905,445,MALICIOUS
27885,83985,429,31,14392,8400,1311,1220,933.04,31.19,20,43.25,49.7,11,18,782.96,113.23,335,60,BENIGN
49064,87751,114,361,14840,3831,233,771,177.37,47.44,24,48.67,31.63,21,25,777.11,404.97,776,86,BENIGN
44635,38844,1,79,8989,13523,13,16,560.51,70.41,33,93.38,19.26,94,13,393.42,430.14,295,480,BENIGN
61973,73049,172,348,5629,8213,598,957,1330.5,373.91,21,40.25,18.37,8,43,68.68,224.29,367,1,MALICIOUS
54488,75699,200,146,13187,11642,414,741,793.41,286.71,34,57.05,26.83,27,42,723.83,351.51,63,340,MALICIOUS
45152,42803,426,126,9527,11630,610,8,701.29,325.73,23,96.24,0.76,68,19,207.77,338.28,243,270,BENIGN
35294,70383,213,105,1696,1499,1317,680,1384.28,307.51,34,64.85,45.79,22,18,866.97,20.15,352,361,BENIGN
33039,73162,143,156,3567,2915,1485,1015,1053.72,289.31,37,6.9,48.03,29,3,523.74,419.2,45,59,BENIGN
19332,97583,180,462,160,1027,597,859,1105.2,349.21,26,22.65,28.6,98,32,416.18,354.12,957,463,BENIGN
39398,11191,2,286,541,3931,742,143,1279.39,137.18,29,55.99,42.53,25,36,574.97,471.7,803,182,BENIGN
37253,91286,235,433,10494,6640,920,648,723.42,341.76,29,6.89,34.56,13,48,291.75,48.62,47,310,BENIGN
38040,48935,367,438,11616,7569,657,505,1461.06,321.08,25,94.82,34.91,32,42,108.15,183.27,690,354,MALICIOUS
5205,44468,356,150,6167,4039,942,348,1414.51,1.38,27,32.58,3.24,30,9,157.84,74.68,785,9,BENIGN
37511,92568,187,130,14825,9734,24,848,759.39,100.03,24,62.61,14.71,64,12,838.66,425.59,913,29,BENIGN
65408,25102,53,10,14017,12188,1406,1027,698.18,355.18,37,30.72,11.59,15,17,582.34,0.18,865,75,BENIGN
58087,4287,165,228,7109,14117,1491,1086,585.2,479.92,22,89.95,9.62,77,31,599.86,496.61,45,412,BENIGN
39906,75658,235,216,6252,13253,1351,986,56.42,14.17,30,21.55,1.8,76,27,183.23,226.43,284,263,BENIGN
45326,96996,136,78,10579,12402,354,1206,945.57,184.52,30,22.48,16.73,23,23,941.28,5.17,825,148,BENIGN
24600,32254,96,421,11465,13198,859,605,124.51,420.33,39,63.82,48.43,38,16,276.34,446.27,483,348,MALICIOUS
10976,46237,259,104,3902,11530,696,670,1081.49,467.9,38,79.89,13.8,33,46,546.28,261.16,417,135,BENIGN
40466,82433,162,417,925,282,413,1368,1173.38,448.73,29,46.25,37.35,83,17,272.26,417.14,623,453,BENIGN
48430,24833,394,128,3773,8303,1323,278,1157.76,143.19,28,62.19,31.72,76,49,815.87,286.71,672,82,BENIGN
19066,19627,30,431,11240,6691,930,165,1014.17,425.18,22,23.28,6.99,28,11,814.8,215.5,903,137,BENIGN
12331,66398,250,33,5022,3289,35,1457,444.46,150.19,26,35.73,13.11,75,43,607.36,409.7,613,139,BENIGN
64907,41313,112,92,12445,10830,1059,258,1054.28,353.47,31,26.42,44.47,92,23,753.7,222.75,544,401,BENIGN
41506,26668,462,220,7681,9179,809,276,1423.62,463.45,37,92.61,3.59,18,16,248.9,168.94,965,259,MALICIOUS
42314,69855,284,161,5743,8555,543,894,13.03,369.66,28,99.25,31.0,74,21,933.76,478.74,246,471,BENIGN
60978,72235,255,111,5695,10519,126,199,616.62,33.6,38,53.68,47.3,76,12,333.21,370.73,988,112,BENIGN
39494,48608,142,10,4695,9579,767,1486,395.78,418.94,22,50.38,28.69,26,41,551.51,135.33,593,486,BENIGN
5184,58602,421,275,6309,212,788,309,1017.78,323.04,23,53.89,10.7,25,4,304.17,242.61,628,405,BENIGN
31149,18391,107,255,729,13317,737,93,1328.21,362.19,38,36.39,19.42,19,31,551.3,116.06,948,111,BENIGN
7578,19415,274,267,1175,8653,420,964,90.38,437.45,39,33.76,36.79,29,40,429.86,244.68,306,296,BENIGN
1259,4829,238,125,1049,9764,1078,10,1089.69,43.14,30,13.27,33.18,81,5,348.12,363.26,150,83,MALICIOUS
19406,28089,23,201,5310,14721,1346,597,777.86,397.66,37,72.35,28.96,67,16,508.66,287.37,620,30,MALICIOUS
5393,5640,165,423,927,3142,186,1036,848.46,329.5,23,0.59,30.9,22,10,234.11,328.69,344,387,BENIGN
10287,67260,490,91,598,8526,537,633,1044.38,335.47,20,76.06,4.41,28,4,517.52,222.49,649,400,BENIGN
2895,11122,215,207,9254,9646,350,728,387.3,67.26,36,41.77,16.3,8,4,805.18,150.74,767,87,BENIGN
29336,47373,302,168,3250,12704,606,1155,1215.94,405.79,30,16.65,6.82,8,19,638.44,285.69,425,256,BENIGN
42375,8294,311,410,10573,8424,632,208,598.38,169.54,23,42.22,33.04,2,32,841.84,394.63,471,46,BENIGN
11281,20592,17,441,4581,13395,422,282,260.54,264.91,35,55.36,2.68,28,20,264.59,206.38,45,32,BENIGN
14592,39029,420,133,13457,1256,498,1303,1154.22,261.51,20,43.77,21.29,37,7,695.92,70.43,834,329,BENIGN
38797,20608,411,382,2771,4472,552,1288,366.21,256.54,30,60.51,7.54,38,42,643.66,462.2,924,12,MALICIOUS
5297,10595,335,475,9726,1020,1446,157,251.15,108.82,35,68.7,28.94,92,49,586.28,117.93,185,408,BENIGN
10699,7160,397,465,14945,1504,946,1400,1368.9,472.82,30,91.15,20.09,16,46,675.68,473.26,480,276,BENIGN
46639,76704,354,119,11994,6659,1352,532,51.28,350.86,27,51.7,28.26,65,22,919.46,305.88,254,283,BENIGN
20850,72561,290,62,4669,5039,898,434,474.48,438.38,33,87.15,1.33,89,21,160.16,389.52,955,269,BENIGN
32618,35044,416,257,14184,10719,256,677,1130.39,308.78,21,84.88,28.8,82,38,632.45,47.6,50,307,MALICIOUS
38602,61151,318,278,7985,14197,207,695,775.62,473.87,23,47.1,6.72,4,30,235.4,291.91,487,386,BENIGN
59249,91970,63,1,400,3159,828,538,565.93,236.42,38,40.8,11.21,11,46,765.41,104.71,265,138,BENIGN
36821,30031,496,470,12222,8919,643,208,1475.51,51.98,25,4.89,8.12,52,7,830.93,183.72,892,21,BENIGN
64819,86073,227,65,10685,7601,228,285,234.23,481.53,32,47.02,38.45,13,42,758.21,194.29,108,209,BENIGN
2970,80189,148,498,5214,11772,117,188,1108.3,127.55,36,0.68,13.08,91,43,755.52,272.2,142,485,BENIGN
49266,18582,375,495,3201,12710,543,1200,420.07,193.55,21,72.89,16.94,61,44,696.32,467.47,163,19,MALICIOUS
3871,4125,383,83,4123,3615,1053,955,49.4,287.6,25,20.6,4.47,98,20,425.12,479.94,421,187,BENIGN
22158,9730,31,385,10361,762,77,334,1420.04,292.73,35,44.91,5.61,81,19,665.85,9.75,998,196,MALICIOUS
10678,165,279,124,1338,5076,113,1297,1281.65,86.32,25,13.46,39.29,14,35,533.31,300.91,722,474,BENIGN
22751,99309,337,126,1783,9760,1472,1427,1013.7,205.29,28,87.06,35.02,97,0,268.27,294.88,230,311,BENIGN
40896,19663,281,441,5358,1352,1378,242,678.2,256.1,31,37.39,19.69,10,13,691.95,436.54,906,176,BENIGN
51536,111,349,139,11003,2806,266,207,11.01,13.23,31,7.21,7.36,76,0,412.84,108.91,878,166,BENIGN
34193,95789,183,368,4860,12404,1275,607,748.76,59.22,28,47.77,5.21,78,6,544.0,466.16,662,446,BENIGN
23279,52079,223,250,3326,4150,1323,662,307.93,204.54,36,92.7,0.79,89,33,743.98,413.28,543,13,MALICIOUS
16395,23829,220,14,9359,8771,391,841,597.51,316.77,30,1.52,14.62,44,43,154.09,273.16,359,123,BENIGN
41391,79565,181,340,4390,2053,155,313,42.4,353.68,25,70.92,4.31,90,26,820.51,4.01,457,398,BENIGN
5625,48144,313,495,13508,7110,1124,93,556.63,483.81,31,91.12,16.61,15,9,502.54,395.88,348,216,BENIGN
63246,31975,472,118,11107,11156,79,1475,814.14,119.58,32,88.75,0.88,70,24,974.81,334.11,535,20,MALICIOUS
51482,6976,490,335,12007,6064,866,1221,274.87,52.25,27,39.07,29.57,22,25,24.86,394.07,101,312,BENIGN
26221,79266,122,384,12768,13787,461,176,178.48,73.12,23,1.06,25.48,50,30,358.83,421.16,608,298,BENIGN
8332,26855,492,165,10718,12581,197,311,842.56,356.51,22,86.55,45.73,96,38,362.63,327.75,278,495,MALICIOUS
47095,64388,455,5,5751,13960,919,280,855.62,151.53,38,73.63,40.49,3,23,313.83,298.45,349,136,BENIGN
47114,77384,29,481,7243,14538,110,330,156.75,238.46,20,95.85,45.54,8,0,10.16,117.43,977,383,BENIGN
41788,32186,50,205,6402,10649,1061,16,1090.86,460.0,39,11.93,7.19,49,2,594.78,363.21,30,28,BENIGN
16149,13556,487,126,6592,1318,836,16,762.32,258.65,31,2.02,27.54,85,3,159.0,449.04,442,284,BENIGN
64313,23510,383,122,12202,8038,28,927,1055.21,301.79,23,94.57,11.62,76,26,855.59,301.62,210,121,MALICIOUS
3073,77561,379,69,4645,3931,50,1180,137.65,446.69,33,86.17,49.96,84,7,567.59,170.35,985,197,BENIGN
55464,51617,168,196,14848,6557,1437,902,726.29,304.96,21,12.89,18.72,39,7,218.9,368.54,178,397,BENIGN
61922,21157,420,106,8870,12948,387,987,297.12,124.75,31,78.58,13.41,2,31,2.25,317.31,520,184,BENIGN
39113,50147,218,79,11737,7538,175,777,942.65,45.61,32,2.39,12.2,75,35,428.16,271.82,197,235,BENIGN
28245,37775,16,286,239,4591,1040,1330,975.77,199.49,37,0.02,43.25,50,0,556.33,102.99,255,186,BENIGN
29040,97393,99,259,13336,13599,646,862,1182.73,315.81,20,0.54,39.57,39,19,548.6,395.55,405,423,BENIGN
32295,2588,122,84,8965,4807,36,458,357.79,336.89,32,22.61,37.86,90,22,88.66,476.39,792,492,BENIGN
17734,57638,76,194,7109,14377,170,707,790.61,305.94,37,35.83,23.53,46,44,565.96,496.48,509,68,BENIGN
54020,84525,209,201,5957,14461,621,367,89.24,44.28,34,63.05,46.67,36,7,725.31,175.53,303,133,MALICIOUS
52372,20815,79,417,4801,8990,927,250,710.12,387.83,22,23.51,9.19,26,38,345.15,436.51,767,85,BENIGN
52746,52641,353,207,1097,11833,1138,1295,499.7,496.38,21,4.56,37.82,56,19,899.21,282.5,147,427,MALICIOUS
53381,83635,151,349,14777,7367,1449,872,497.1,265.92,39,51.31,7.93,84,7,282.82,320.91,915,55,BENIGN
36338,32907,480,43,9508,10930,838,424,1251.64,54.95,20,74.16,5.54,67,34,569.22,47.33,533,155,BENIGN
10299,30365,264,81,9548,14694,707,190,873.27,324.94,31,56.74,28.41,50,21,215.74,495.69,110,459,MALICIOUS
57780,56601,52,444,4159,14126,920,1142,745.84,274.43,26,65.25,13.88,24,24,236.53,107.73,613,81,BENIGN
43837,34540,122,90,11834,5846,1061,549,1158.08,409.03,37,97.03,26.63,66,43,495.53,451.34,578,348,MALICIOUS
27623,4644,233,377,4379,8447,621,30,208.92,205.86,25,3.11,37.03,8,41,441.95,209.76,292,308,BENIGN
35866,54286,262,365,575,5057,1488,512,1028.76,318.92,24,42.67,32.94,19,41,728.82,185.77,354,139,BENIGN
9138,88537,458,109,8048,14159,702,487,1008.04,290.57,31,9.86,37.58,79,34,18.79,211.48,951,436,MALICIOUS
15639,63831,187,59,1528,7584,127,253,471.7,353.91,36,65.22,30.44,7,2,412.81,73.43,423,160,BENIGN
54269,56137,134,120,14978,4698,1491,1320,708.49,152.94,39,49.99,12.0,36,41,250.51,263.17,419,68,BENIGN
23638,42080,415,309,2301,8140,1167,340,744.83,451.71,26,81.2,45.41,65,8,318.61,486.08,974,343,MALICIOUS
31560,32115,56,264,484,11168,913,214,1142.05,5.64,26,40.71,21.88,53,23,68.91,392.22,905,441,BENIGN
51007,1966,92,204,5944,7460,342,470,1447.39,317.77,25,4.68,28.03,48,31,815.44,363.26,56,46,BENIGN
50110,35314,380,384,7476,5935,1357,942,727.71,363.45,32,45.97,36.14,74,7,628.09,213.62,292,190,BENIGN
43826,98015,58,219,14121,14536,1395,924,867.46,142.02,20,94.09,20.12,65,43,710.67,384.88,33,171,BENIGN
41489,27915,465,51,10047,6807,1068,393,1461.63,324.3,33,57.24,30.55,86,40,557.48,463.83,138,230,BENIGN
8506,74188,403,287,11798,14895,989,980,342.5,427.08,21,72.23,9.16,57,7,626.43,13.87,142,103,BENIGN
19551,16485,165,37,13703,6450,1411,994,231.96,1.76,24,82.19,9.68,96,30,7.69,268.8,720,16,BENIGN
56167,84803,391,352,3933,4808,1466,1254,1195.29,300.79,39,66.27,40.37,18,37,710.4,72.01,681,48,BENIGN
42049,56223,240,157,9156,4414,747,1079,1296.88,330.75,34,5.67,13.74,36,10,703.77,50.14,201,452,BENIGN
3629,91771,389,359,4334,4257,546,341,254.27,424.07,29,81.7,15.95,18,31,539.67,493.87,100,449,MALICIOUS
17777,79273,463,225,7657,4264,1453,709,811.15,123.78,28,60.39,30.99,62,5,428.1,129.48,662,45,BENIGN
3177,26706,126,192,12074,7969,139,1184,96.92,143.11,33,6.47,29.08,18,42,35.9,91.72,639,462,BENIGN
11432,1793,73,352,5298,14688,1127,512,1105.26,189.7,29,75.07,40.03,69,4,417.2,485.39,436,413,BENIGN
44074,86055,391,373,897,9066,1492,443,1268.9,58.19,34,4.0,7.99,97,25,757.68,127.39,809,86,BENIGN
61589,74734,318,454,13464,2845,736,1210,1240.98,249.82,39,50.76,12.6,32,1,171.48,15.93,569,64,BENIGN
42280,15188,43,272,5323,752,121,433,863.29,173.89,29,49.92,28.78,42,30,557.31,217.27,37,405,BENIGN
29004,34818,336,258,13019,14240,938,948,1145.26,166.35,32,59.64,14.49,52,42,731.29,420.81,111,353,MALICIOUS
55951,66612,216,94,9149,5894,652,476,979.82,263.23,20,81.37,39.07,69,46,871.28,313.65,60,329,BENIGN
8893,4204,282,99,10206,6884,1325,1270,1346.64,276.7,36,28.68,42.4,68,9,677.06,323.63,509,319,BENIGN
34945,58628,178,26,4775,13989,1387,927,118.74,467.96,22,80.23,14.91,12,35,324.19,195.4,953,469,BENIGN
50520,62331,91,236,1057,14628,1020,458,39.02,489.83,27,73.27,49.56,92,44,387.32,490.85,727,457,BENIGN
10940,61283,303,222,66,13694,318,1045,725.72,193.56,31,52.04,38.69,67,48,908.31,142.87,568,488,BENIGN
46990,31918,86,428,13431,6752,280,763,398.96,270.65,29,80.18,37.74,28,0,683.83,349.97,11,419,BENIGN
12411,19309,430,460,5435,6754,376,169,1310.53,385.06,22,83.26,1.77,24,29,541.57,214.05,722,141,BENIGN
19986,79605,90,332,12628,9124,1432,298,862.76,172.53,38,63.38,19.32,11,46,112.14,260.28,364,225,MALICIOUS
3953,35273,328,186,4287,14311,320,715,1374.61,441.78,33,33.06,42.47,26,6,830.87,366.08,185,175,BENIGN
35963,38694,151,44,3305,8775,1403,1123,59.73,383.76,24,79.01,24.53,89,25,262.49,446.45,401,362,BENIGN
60045,89192,163,185,14617,5533,163,85,1035.12,283.97,22,41.15,35.15,69,32,306.48,83.28,972,164,BENIGN
52931,7900,474,23,1664,1715,1394,841,1248.61,381.86,25,95.85,17.27,5,23,243.36,303.01,626,308,BENIGN
23803,74189,301,188,1666,6971,1095,142,1185.05,255.2,37,82.34,3.51,84,0,189.06,25.93,359,430,BENIGN
38013,96467,190,290,8360,9465,430,650,725.41,256.4,25,52.8,1.82,35,33,469.88,270.11,879,312,BENIGN
26920,90277,285,154,11321,12628,1381,1125,398.88,36.59,24,97.48,43.89,92,31,774.9,249.78,406,171,BENIGN
22072,97996,140,219,4534,1097,872,216,642.24,463.58,33,94.62,32.43,78,9,129.66,276.25,47,153,BENIGN
11129,72064,325,83,12097,12517,1194,920,233.0,214.89,25,21.15,9.5,73,42,119.9,96.55,316,47,MALICIOUS
61140,36477,117,498,367,8966,158,65,669.44,224.17,33,6.75,20.42,30,32,984.08,375.81,674,446,BENIGN
24683,51906,153,154,7686,8561,295,222,183.24,122.05,29,44.62,36.03,69,22,343.04,191.97,31,195,MALICIOUS
11896,86811,106,274,7374,5726,243,567,1320.26,201.51,21,18.11,30.53,59,20,450.5,436.16,800,381,BENIGN
55908,17160,196,432,120,4816,1286,520,643.39,100.54,27,64.99,3.21,28,19,402.25,182.46,485,48,BENIGN
52242,27611,375,376,542,10750,968,669,587.39,67.9,24,44.13,30.05,49,18,53.87,60.28,570,250,BENIGN
54417,26144,308,393,13285,2737,1131,1452,930.49,459.41,33,5.82,39.79,19,3,205.72,313.01,667,320,BENIGN
63020,64300,441,129,12774,1018,226,272,13.77,339.14,27,48.09,16.31,52,45,658.68,25.5,77,86,BENIGN
37003,93809,460,58,2876,2166,1373,201,535.1,479.93,29,77.79,7.31,37,13,558.18,438.47,92,337,BENIGN
23948,1164,303,172,4191,10846,617,779,168.37,352.96,31,67.29,17.03,4,5,150.87,76.5,896,194,MALICIOUS
15506,37801,488,91,12072,8765,284,1053,259.71,276.31,39,24.7,22.2,41,7,425.93,216.42,804,207,BENIGN
53461,86340,138,1,14996,100,908,1389,952.99,186.94,20,75.29,34.53,54,47,174.17,77.69,20,424,MALICIOUS
44191,2852,184,49,667,2326,297,625,1001.22,376.31,35,88.8,0.01,68,29,659.77,158.55,316,180,BENIGN
12104,80637,398,490,782,9752,197,848,561.29,230.1,30,76.08,43.69,25,36,587.02,312.35,947,128,MALICIOUS
57917,84921,206,414,7305,448,1326,742,326.89,296.54,38,68.27,15.89,51,27,412.46,232.38,241,240,BENIGN
4210,17245,253,457,2697,5074,1059,1000,702.53,478.13,26,50.04,20.7,21,44,351.17,458.93,836,416,MALICIOUS
54018,37155,38,385,13482,2654,463,1099,1324.59,110.36,24,59.22,21.51,81,7,398.18,475.26,567,16,BENIGN
65375,4615,48,179,6775,5713,620,48,442.33,475.59,30,43.68,49.85,25,43,974.49,241.67,156,81,BENIGN
6879,3106,62,369,173,2743,1336,592,1127.97,17.45,38,43.73,41.32,19,48,116.5,3.71,97,360,MALICIOUS
53215,68752,284,74,3601,11549,537,396,867.36,193.56,35,50.3,23.93,22,8,971.65,380.47,79,322,BENIGN
8124,74071,223,263,6063,1226,853,1044,387.88,156.58,29,86.29,13.19,35,47,852.81,466.95,14,234,BENIGN
57136,83689,320,59,7358,7325,823,771,1024.25,328.89,22,29.41,6.59,75,14,11.29,485.04,665,400,BENIGN
25763,87916,477,241,4566,6010,928,373,198.42,440.66,22,24.51,43.15,60,19,291.75,54.5,202,152,BENIGN
50482,60445,183,355,4886,13820,600,299,857.88,46.89,26,71.28,23.91,40,33,684.39,460.03,969,254,BENIGN
29388,585,319,88,11939,279,1145,682,619.91,338.17,32,19.95,7.2,14,37,839.67,309.39,81,220,BENIGN
24203,33773,69,484,8979,6567,621,1325,1305.02,424.26,31,84.56,0.92,51,1,804.94,496.63,375,104,BENIGN
15373,61560,322,404,4813,3298,77,812,46.55,250.16,22,7.94,11.08,0,31,568.97,135.39,245,455,MALICIOUS
53984,34178,117,89,5236,13965,1078,1354,1374.48,86.01,35,33.51,3.79,53,8,260.29,385.9,421,370,BENIGN
5389,35591,50,340,12788,9373,117,808,1383.77,485.97,26,26.6,3.28,4,34,546.76,307.16,246,359,BENIGN
35943,50423,180,289,13014,13480,409,8,751.38,203.45,28,31.18,27.54,81,43,764.98,279.11,336,124,MALICIOUS
34977,95214,106,381,14219,12386,681,819,520.35,213.03,36,61.12,22.01,57,35,394.12,176.65,157,218,BENIGN
64240,63119,118,96,5366,4682,1408,787,1059.56,67.7,27,32.96,42.73,99,49,595.39,488.56,266,196,BENIGN
7510,28095,471,177,12056,12318,668,531,140.2,181.22,37,66.28,27.57,53,36,718.38,183.85,968,56,BENIGN
19859,81397,204,297,12044,6718,439,569,1434.83,469.04,38,95.59,45.94,83,31,710.22,69.19,796,421,MALICIOUS
59702,10011,249,119,6034,2754,822,250,932.57,136.85,37,87.97,37.77,78,27,906.42,365.52,109,425,BENIGN
34579,64964,484,89,4738,872,1377,815,45.44,262.93,25,76.59,45.11,33,1,872.56,369.59,61,291,BENIGN
57328,91102,101,81,7223,12827,464,959,1386.22,335.45,34,65.3,9.64,15,24,97.34,379.7,585,370,BENIGN
40837,99138,242,484,4343,6374,972,285,1394.74,396.29,25,17.55,18.56,42,45,820.17,64.61,688,365,BENIGN
21888,35447,140,155,9645,13308,1466,1185,686.2,302.9,25,23.99,41.23,81,5,483.49,483.84,125,305,BENIGN
10295,45614,305,307,2010,7834,796,169,7.67,416.34,20,17.28,0.11,68,33,885.34,247.11,351,130,BENIGN
57000,74165,49,161,3476,5106,1268,139,1250.7,228.73,34,42.25,46.86,99,18,897.79,477.12,442,131,BENIGN
20903,36850,41,297,180,5144,234,852,390.92,490.56,27,88.99,45.52,58,0,730.77,104.69,953,448,BENIGN
45349,22145,321,344,4143,7106,9,229,150.13,217.52,27,48.12,38.57,94,11,522.21,217.86,231,91,BENIGN
13547,194,307,173,2972,7956,125,950,754.06,126.52,37,98.24,36.17,39,37,339.54,61.35,544,305,MALICIOUS
46758,82139,421,31,11028,10173,409,471,652.28,63.92,39,38.73,6.64,34,42,350.72,286.57,27,244,BENIGN
51133,3678,64,385,10657,6560,995,392,1170.51,233.69,32,19.77,22.75,14,36,894.47,117.28,309,2,BENIGN
44754,87170,32,430,4199,2909,1027,1348,1457.67,52.06,35,63.71,45.34,92,45,136.29,333.62,67,103,BENIGN
17353,13259,171,32,14130,12437,77,395,881.33,220.09,32,45.31,47.93,44,36,245.95,436.71,636,21,BENIGN
46914,16685,19,42,8604,6164,369,613,793.32,141.19,26,93.7,15.37,92,35,325.39,452.51,437,68,BENIGN
15079,87899,236,55,6917,8190,891,1242,1223.1,118.98,39,38.57,29.66,40,30,724.67,489.26,91,456,BENIGN
34434,81223,300,201,2094,7964,52,569,960.41,484.41,25,14.51,5.41,51,28,902.58,260.79,269,444,BENIGN
1717,22291,217,364,6417,3852,895,177,1495.93,380.67,39,34.56,44.42,83,35,313.98,251.29,923,402,BENIGN
33822,28119,143,177,12931,14111,1202,939,639.55,335.51,26,1.17,33.89,8,46,591.56,352.76,975,285,BENIGN
64557,70568,119,206,2942,12231,1088,1484,348.74,477.26,34,77.93,40.64,1,20,195.92,436.22,787,48,BENIGN
32562,82376,315,411,13906,1329,581,911,895.91,101.36,22,49.77,49.78,12,25,485.17,293.65,114,249,MALICIOUS
13737,28923,245,401,10845,9172,415,1345,1411.53,194.55,27,48.87,45.72,95,33,731.67,139.52,810,271,MALICIOUS
26357,21409,249,127,6085,9451,338,671,1079.47,495.38,36,63.14,41.19,56,33,951.78,434.55,819,462,BENIGN
28774,56088,159,147,4689,10431,1031,112,217.12,60.04,25,10.32,10.15,74,5,913.39,59.83,166,322,MALICIOUS
14893,87360,210,66,11003,2224,518,967,111.07,4.14,37,78.82,2.99,54,8,346.16,400.97,426,474,BENIGN
38620,7382,334,19,6344,3580,1036,878,1303.8,329.01,39,5.06,36.7,13,6,228.78,304.5,879,478,BENIGN
22985,51957,36,454,2196,11932,819,781,1075.8,364.23,24,81.16,37.22,25,25,590.07,372.91,728,30,BENIGN
58936,11155,316,41,3923,43,961,1142,553.54,412.09,29,78.13,0.31,50,14,584.06,350.77,171,154,BENIGN
13663,40297,336,438,11004,13697,962,294,33.16,107.87,24,60.98,47.77,34,8,607.26,211.8,922,382,BENIGN
21753,86997,11,355,11815,1155,1102,277,714.47,194.19,38,66.15,28.76,66,35,360.52,434.51,611,118,MALICIOUS
7660,69310,287,237,10425,9582,1059,1116,1112.35,381.18,21,45.93,28.84,12,47,864.37,196.62,64,145,BENIGN
30503,66311,194,465,5985,10585,385,595,185.83,17.8,20,39.09,34.19,97,12,300.83,89.08,102,123,MALICIOUS
16826,50095,495,490,5944,1077,588,120,187.15,413.8,26,89.31,8.18,21,23,105.04,54.44,96,386,BENIGN
65420,94990,322,188,10546,12657,230,1459,695.58,395.57,36,74.08,15.07,91,14,540.43,59.17,938,446,BENIGN
65313,91599,108,228,12597,1890,773,80,590.78,44.35,29,63.66,34.97,16,36,633.5,269.19,640,42,MALICIOUS
20477,23974,112,68,11154,3858,186,738,658.49,341.8,24,74.39,27.61,40,38,832.72,362.94,758,232,BENIGN
48064,62417,56,350,12302,160,1285,688,806.29,250.7,21,48.1,11.13,12,17,873.76,204.66,801,158,BENIGN
40971,57275,144,423,1628,7279,224,213,954.11,410.52,39,83.46,3.02,69,20,764.73,280.39,537,369,BENIGN
64851,50333,16,135,11607,11341,387,453,484.07,49.38,27,53.45,27.22,96,30,308.02,174.92,532,427,BENIGN
51057,47729,236,371,1832,5412,1144,931,1164.96,126.24,33,25.82,3.47,93,48,575.02,424.16,546,58,BENIGN
2219,52807,368,313,5234,2365,68,873,1210.16,132.68,24,15.79,22.54,66,27,705.59,374.86,547,256,BENIGN
2669,15204,232,407,1946,5814,545,494,505.55,364.9,25,48.6,14.22,36,32,90.06,246.78,21,447,BENIGN
42117,48242,240,304,6894,2608,412,966,113.5,163.82,30,48.8,2.45,16,16,76.45,179.87,231,393,BENIGN
12683,82115,300,165,10540,3416,226,1325,346.74,27.92,37,58.54,1.16,54,25,946.32,68.03,4,154,BENIGN
1419,88691,92,241,13004,8954,466,996,1209.24,442.22,30,43.18,18.86,56,8,498.95,224.27,457,323,MALICIOUS
59922,50797,297,94,9646,7911,1271,405,542.56,342.11,24,19.44,32.18,5,18,691.54,91.29,866,453,BENIGN
37551,3672,166,43,12304,9200,1121,311,1178.86,391.24,34,26.72,33.74,39,30,532.87,461.6,96,282,BENIGN
46255,5764,142,472,8069,12735,1453,1307,598.88,129.42,36,85.72,9.9,85,8,42.65,54.17,436,360,MALICIOUS
38368,14088,298,77,2979,13093,932,417,423.86,285.59,34,78.49,25.4,8,26,472.58,8.71,712,182,BENIGN
40976,84918,140,52,11587,2089,393,1287,292.14,328.65,20,58.13,35.44,68,30,563.61,494.55,761,147,BENIGN
26876,12844,63,288,4595,2335,739,844,65.23,356.84,29,63.48,41.83,31,48,487.81,488.61,827,280,BENIGN
13775,90112,328,300,7512,385,925,179,1129.67,307.37,31,29.05,39.35,9,47,433.77,305.08,927,143,BENIGN
61989,75947,479,290,1149,444,807,17,1486.97,18.68,22,25.48,1.82,80,43,395.15,205.32,32,82,MALICIOUS
47550,59726,291,191,13220,3194,1413,334,1230.19,88.34,29,29.85,23.94,60,20,449.17,221.79,905,23,BENIGN
2245,23476,195,344,479,5269,604,1079,1075.07,395.32,27,42.43,18.18,88,25,584.67,396.82,443,458,BENIGN
22286,86199,366,468,10206,11429,256,909,1152.88,20.16,38,33.36,40.71,88,34,38.9,320.45,703,247,BENIGN
62974,26650,451,272,1022,13469,196,1185,607.69,245.83,35,22.78,45.5,19,21,976.91,128.25,934,113,MALICIOUS
17175,59825,166,450,12967,12023,369,1445,477.48,277.74,26,54.94,7.84,11,2,928.24,324.41,891,24,BENIGN
50548,34500,271,28,12210,13670,504,884,271.12,190.01,32,1.12,32.38,6,41,488.13,381.14,656,30,BENIGN
11738,96207,486,433,5256,14685,665,8,9.14,456.24,30,74.08,36.46,30,7,875.83,249.9,180,404,BENIGN
39270,85157,188,49,10152,13534,922,320,1499.18,356.12,20,1.35,47.56,33,14,465.27,487.97,635,490,BENIGN
57529,84343,217,79,2696,7560,664,141,486.84,251.45,32,45.47,1.88,52,43,349.79,69.94,210,31,BENIGN
58652,65394,246,424,739,4822,481,1440,773.78,107.34,39,46.37,27.84,84,16,308.98,408.18,818,328,BENIGN
38946,45606,227,198,2331,3745,479,1181,724.81,106.7,31,90.18,32.04,45,20,727.67,327.64,689,15,MALICIOUS
64758,13680,338,384,8313,1389,237,1332,860.93,244.84,24,32.48,33.44,78,7,808.09,489.35,196,6,MALICIOUS
57187,5021,29,134,11800,7087,293,616,662.77,171.69,39,13.18,23.73,54,46,779.41,226.43,988,394,MALICIOUS
2729,31502,213,455,11706,5886,726,1077,726.75,81.14,30,82.15,6.21,91,8,314.29,221.64,264,419,BENIGN
18303,74430,110,155,2197,14520,760,1397,1187.84,210.29,36,26.43,14.99,95,42,910.63,242.72,151,295,BENIGN
23974,60779,374,296,2443,11689,714,286,407.42,30.89,21,57.26,27.29,19,6,122.34,466.34,483,42,BENIGN
23502,82906,374,31,14417,3859,210,499,157.47,227.83,24,26.27,12.92,95,18,21.76,334.51,25,456,BENIGN
19244,80175,277,232,14506,9198,1043,782,923.81,416.33,21,91.22,22.86,78,27,859.68,219.33,822,23,BENIGN
58492,41277,223,142,3209,14234,1165,1086,476.1,360.92,25,48.07,6.83,4,48,435.67,133.44,832,16,MALICIOUS
3320,50835,66,313,11944,5658,882,1030,535.99,71.46,26,34.8,38.78,34,38,663.73,225.17,582,271,BENIGN
16494,38452,2,64,14904,11485,639,604,327.14,101.44,31,66.66,40.42,65,1,163.55,417.66,838,283,BENIGN
22533,50622,200,265,2947,398,25,317,866.73,265.03,36,35.82,7.13,28,46,818.12,34.99,834,419,BENIGN
31147,49945,174,430,1240,6987,11,280,143.45,294.11,34,47.65,42.6,40,38,511.78,243.95,517,22,BENIGN
13283,42824,1,303,945,11828,682,226,456.04,346.31,32,64.31,3.04,96,13,770.61,84.98,455,250,BENIGN
15925,62013,43,109,4342,9092,444,1037,1029.32,217.82,27,92.0,12.32,73,48,619.99,124.78,719,481,BENIGN
14134,59769,482,488,28,9028,1262,113,789.93,36.27,37,42.62,30.23,5,16,903.61,473.83,17,121,BENIGN
10225,13187,460,369,11066,10236,1171,651,634.5,174.73,20,46.0,48.0,45,44,993.66,78.98,881,282,BENIGN
10874,30662,226,227,9526,557,1428,428,1070.16,446.87,22,64.4,38.77,57,30,972.47,498.46,212,34,BENIGN
15082,87599,45,449,14296,12048,818,433,627.93,289.26,32,58.32,18.45,91,27,437.45,37.13,357,337,BENIGN
52647,24874,484,406,8674,2343,281,701,239.54,206.78,33,27.48,24.07,70,0,116.6,478.29,195,34,BENIGN
25676,45748,239,214,7102,1258,209,134,938.99,236.3,27,93.26,26.54,3,23,58.54,176.04,663,151,BENIGN
23996,14315,38,283,8325,3791,333,1416,1080.6,456.85,29,71.1,6.48,27,4,219.75,332.41,735,380,BENIGN
53299,68632,321,230,4078,11903,244,1459,318.95,456.69,34,97.41,35.95,81,25,713.29,433.79,722,123,BENIGN
2820,79548,323,155,7803,5063,703,605,867.19,491.12,34,36.25,44.26,50,18,880.29,170.71,254,455,BENIGN
41483,26110,82,85,4684,9879,793,1408,851.55,171.32,36,99.43,12.26,55,31,296.93,26.22,122,153,BENIGN
51204,75985,244,28,12746,7765,205,208,961.56,58.43,27,74.16,41.83,23,12,480.83,269.07,900,111,BENIGN
35418,92832,228,466,5468,1998,581,848,1263.29,141.46,28,23.61,3.74,29,37,708.8,488.3,86,295,BENIGN
3692,51046,393,163,13373,3638,103,1008,1044.28,287.65,37,69.01,35.95,83,21,719.36,70.41,304,315,BENIGN
45853,60760,50,174,12462,2030,186,294,250.38,109.47,35,37.64,49.06,34,18,907.38,343.57,428,255,BENIGN
9332,55740,30,127,8705,4587,655,399,544.27,57.41,31,66.99,18.64,52,43,840.86,461.42,517,406,BENIGN
60638,55870,410,205,7066,2462,532,1028,1154.95,136.51,29,70.19,45.36,72,35,213.81,428.33,397,441,BENIGN
52127,42778,358,368,7259,8256,1379,1169,359.09,436.04,30,58.91,22.36,25,0,938.69,373.44,999,74,MALICIOUS
46925,56933,154,326,12655,7098,1479,1186,169.04,409.68,21,42.27,34.36,44,43,696.07,109.57,543,2,MALICIOUS
59036,29152,77,445,1764,11008,1462,1167,596.72,269.35,20,29.02,25.74,81,10,825.7,67.9,665,343,BENIGN
46628,46965,347,362,6884,12534,1224,461,174.35,436.1,26,98.08,36.69,47,44,59.31,19.54,201,380,MALICIOUS
20003,9039,71,27,11221,9600,1461,141,1281.21,332.18,36,63.33,33.85,78,49,131.74,360.12,630,106,BENIGN
57215,86885,322,400,3347,13001,180,1245,210.37,416.05,27,86.26,5.17,91,45,791.73,313.29,170,359,BENIGN
3560,25157,88,407,14817,6197,545,518,25.59,187.92,22,1.39,14.37,79,29,364.82,453.49,79,297,BENIGN
14743,81450,437,139,9821,14512,485,1333,774.96,494.55,22,94.95,35.03,15,46,841.99,480.3,847,97,BENIGN
9905,86150,84,138,2678,12652,1082,1284,117.59,187.54,29,17.44,17.64,18,27,520.44,12.35,265,453,BENIGN
14708,55544,244,470,14220,4987,800,996,863.58,365.59,20,63.04,3.78,81,16,141.8,265.72,786,325,BENIGN
18427,30376,304,438,13790,12232,721,1470,984.3,227.16,36,35.64,49.44,26,13,145.34,281.33,121,304,MALICIOUS
55519,40468,480,281,2815,8359,1217,814,1065.24,29.94,38,16.73,9.58,56,19,203.01,448.08,80,255,BENIGN
53844,50656,78,371,4136,13178,1026,1053,734.98,234.91,23,92.29,16.67,48,11,914.62,79.64,717,381,BENIGN
19075,78309,261,75,12222,12986,389,1313,931.0,119.42,30,21.27,36.87,25,36,724.52,417.64,755,453,BENIGN
47635,87473,103,375,3951,14529,716,524,1150.24,100.57,33,41.21,14.11,48,27,34.5,176.29,647,235,BENIGN
13663,55023,277,365,2909,6028,309,727,924.64,332.68,33,77.84,3.25,82,30,313.5,392.4,93,276,MALICIOUS
16022,37826,210,491,14056,8622,654,638,1476.11,489.08,20,7.3,39.64,34,12,735.56,123.69,307,261,BENIGN
19664,47812,492,77,1952,4772,311,252,764.22,326.7,32,38.04,0.34,48,1,766.05,193.6,753,78,BENIGN
24300,57334,478,310,9208,3687,829,1234,4.99,79.08,32,78.25,5.99,76,9,778.78,167.65,174,55,BENIGN
32870,51092,476,265,8236,11077,126,1490,734.41,492.29,30,57.12,17.31,20,27,944.5,0.99,97,267,BENIGN
52756,24682,152,190,4364,4344,1314,53,799.91,447.89,35,67.91,40.74,14,38,5.18,379.12,679,243,MALICIOUS
18942,18137,242,176,1948,14792,1109,1192,276.96,214.99,27,27.38,1.46,66,29,606.68,16.94,104,417,BENIGN
63408,4277,153,319,610,6997,798,1402,607.06,108.72,33,42.69,7.3,96,25,419.93,465.32,280,18,BENIGN
50584,26735,10,424,8690,13170,684,495,1104.58,83.53,24,76.73,16.72,33,28,597.47,349.29,930,474,BENIGN
39053,55047,2,154,6714,3410,416,1052,1190.76,224.52,39,89.25,14.44,6,22,20.46,384.14,587,112,BENIGN
23340,32661,409,351,12161,10718,1352,964,1391.15,368.28,20,43.61,12.34,46,29,228.8,297.38,547,415,BENIGN
11380,92992,445,223,13133,5246,374,233,718.34,2.81,37,25.27,21.62,78,40,130.85,89.06,666,348,BENIGN
11835,55269,56,111,11070,2657,104,107,1262.6,490.74,25,35.56,10.69,56,33,959.79,298.3,105,252,BENIGN
36373,99772,152,441,10015,12083,818,1086,481.6,305.26,35,53.94,32.84,34,18,983.93,149.61,740,227,BENIGN
30885,50366,153,344,4288,4869,193,341,854.83,26.48,21,0.61,27.94,8,22,128.92,121.16,318,231,BENIGN
58807,38530,76,351,4743,8267,1014,875,297.64,406.32,30,44.34,30.46,66,46,487.59,78.65,713,51,BENIGN
13899,21727,124,395,14138,14122,1312,1384,914.32,354.1,21,77.0,27.85,61,39,537.31,244.66,702,386,BENIGN
58885,70665,116,426,136,9102,721,179,1311.49,274.23,32,0.31,20.96,95,31,727.78,74.8,511,327,BENIGN
65397,54055,300,293,11542,10246,1387,48,302.56,34.1,36,6.02,17.34,58,12,422.6,408.55,965,169,MALICIOUS
4970,68341,323,255,1063,12207,1073,763,153.31,237.51,35,68.81,9.93,29,7,239.35,103.33,588,135,MALICIOUS
65012,95232,291,236,6995,9586,203,956,655.75,444.15,31,85.58,36.14,47,40,463.66,228.8,489,388,BENIGN
47301,98515,458,180,3898,13953,133,646,158.08,424.9,23,71.82,32.18,37,36,254.97,121.78,104,145,BENIGN
3564,33888,122,131,2602,9123,472,738,386.83,210.15,23,18.1,17.42,36,40,80.91,256.54,694,492,BENIGN
11326,20706,488,356,1188,13205,1017,176,641.5,29.06,38,75.46,0.72,99,13,984.48,242.06,362,361,MALICIOUS
35799,96552,406,357,6169,13653,686,1283,739.35,205.47,27,91.71,20.67,74,20,829.59,143.14,777,467,BENIGN
1435,41188,483,424,12423,762,738,728,1099.96,172.75,23,47.12,26.11,11,16,904.89,88.92,2,170,BENIGN
2214,31982,236,216,5128,7150,158,198,1487.66,445.71,21,38.79,40.0,53,14,214.24,114.22,692,266,BENIGN
55129,75927,106,375,7319,7523,612,1422,442.14,461.43,29,65.8,18.79,81,44,339.99,446.44,355,284,BENIGN
63361,87566,458,469,11075,2569,428,834,1481.53,498.44,31,52.09,21.72,46,3,766.57,461.53,14,213,MALICIOUS
61179,65557,40,489,6423,8777,266,179,1077.41,152.13,33,10.84,31.8,63,25,895.07,404.29,448,210,BENIGN
5864,71100,198,218,12522,6678,1356,831,62.41,257.82,37,94.46,27.33,19,12,106.78,234.32,203,81,BENIGN
12787,11607,296,148,1459,3490,113,1165,583.34,320.81,26,65.75,18.54,50,27,681.9,34.4,722,24,BENIGN
46636,85275,294,388,7840,9170,1393,1061,381.05,77.24,37,73.05,8.21,55,35,559.51,161.44,135,108,BENIGN
45979,92285,248,23,9597,2370,1117,402,299.12,29.23,26,78.56,22.18,39,29,470.77,132.5,588,296,BENIGN
55748,25969,220,324,3013,13594,771,716,642.23,312.04,32,48.73,4.84,52,48,607.14,262.02,420,481,BENIGN
2428,35277,6,204,8167,9790,1350,1420,1146.32,442.79,21,9.51,29.65,0,20,232.95,172.15,831,256,BENIGN
48409,48508,103,39,13956,1000,309,987,573.68,297.96,27,30.98,5.74,23,7,256.06,383.5,8,385,BENIGN
59369,34819,200,493,3370,6432,1213,150,1303.17,334.76,39,35.38,7.28,61,26,25.92,331.46,867,37,BENIGN
14352,44169,210,17,9577,12051,507,393,1440.67,442.01,26,86.6,42.81,15,7,637.15,247.18,694,157,BENIGN
13503,80327,315,280,7302,11319,786,851,1278.63,144.21,27,80.74,7.4,64,11,301.89,16.95,555,253,BENIGN
15970,6679,385,243,12654,2070,1118,358,1114.1,477.94,20,32.28,8.78,32,25,478.02,297.67,18,434,BENIGN
54316,3568,90,499,13162,9524,1009,59,325.43,467.31,26,80.34,39.72,98,27,729.97,380.0,803,475,MALICIOUS
4309,9753,3,405,7868,3392,46,1254,14.74,336.41,28,34.89,49.92,26,6,795.57,485.69,865,404,BENIGN
31733,84076,89,401,2990,7224,1006,287,515.82,344.08,34,64.46,20.22,42,28,533.67,402.42,926,443,BENIGN
21524,12091,366,84,12503,7707,422,318,171.97,15.88,27,54.21,37.42,64,9,353.16,40.77,512,21,BENIGN
64482,30543,312,199,1093,2128,1085,1017,1101.06,288.82,30,73.72,15.92,21,47,106.19,256.72,183,91,BENIGN
39512,2640,254,128,11182,9033,173,1131,788.11,417.49,36,16.45,2.31,13,43,274.97,131.0,135,406,BENIGN
11300,36601,205,348,13888,5243,170,407,145.39,161.46,27,58.5,10.45,83,3,708.31,452.2,190,43,MALICIOUS
18278,85101,343,348,12886,3138,195,742,333.73,497.59,27,76.47,1.26,95,39,587.34,223.54,129,284,BENIGN
26091,59509,378,232,7560,12926,51,221,207.53,314.94,39,34.69,42.24,45,37,437.75,486.04,835,398,BENIGN
24813,49955,93,282,3656,3930,1060,2,561.88,169.52,23,6.25,12.72,60,19,973.7,100.67,154,310,BENIGN
16682,15195,490,493,6523,1330,322,129,383.05,439.64,33,43.09,8.55,78,48,860.35,174.51,435,75,BENIGN
3001,25701,457,394,1187,14966,1273,977,40.81,197.65,35,20.4,30.21,70,28,543.8,454.82,65,441,BENIGN
24896,24744,392,339,7545,2623,450,1294,86.4,415.47,38,89.49,23.27,88,37,621.0,238.18,753,258,BENIGN
2465,23160,487,164,4393,3637,1009,1223,1315.79,428.66,36,81.22,1.61,33,36,479.07,349.66,506,237,BENIGN
56644,21227,188,356,2434,10164,99,23,691.82,211.23,26,84.86,40.25,57,45,803.2,107.01,387,493,BENIGN
60990,19700,447,29,12064,10263,951,1341,1259.46,8.47,28,24.94,36.55,91,17,231.57,379.64,193,243,BENIGN
53143,63363,481,319,12209,8583,396,372,208.95,358.13,22,41.51,47.94,12,35,708.82,232.2,49,499,BENIGN
8101,59723,97,137,684,14300,1419,953,219.3,107.81,22,45.33,2.08,98,8,648.96,405.17,498,321,MALICIOUS
2445,70184,54,375,14944,12427,721,1048,137.45,167.19,21,78.08,40.25,70,23,56.35,62.7,734,147,BENIGN
61012,67230,13,304,3186,13567,286,1277,1295.92,439.61,20,70.45,37.89,70,19,317.06,30.44,554,35,BENIGN
6766,37385,184,387,9986,14821,145,615,399.27,347.73,25,11.79,26.96,5,19,613.44,45.83,834,262,BENIGN
32943,42522,191,485,12908,3454,1121,1356,615.66,259.19,27,1.78,40.24,16,6,230.28,83.84,986,325,BENIGN
9905,81041,364,268,781,2113,1419,854,431.56,6.5,38,83.56,14.79,62,37,381.9,117.43,990,476,BENIGN
61582,32826,249,251,12568,13828,284,39,454.26,180.98,32,53.23,12.38,58,24,180.34,1.21,936,23,BENIGN
7167,54768,220,168,14039,13543,924,1114,301.56,249.3,34,70.09,5.7,33,12,556.36,3.36,143,223,BENIGN
56173,59848,262,38,3440,6752,115,258,406.15,287.31,31,30.03,26.52,68,45,271.76,384.49,625,422,BENIGN
52665,5074,321,433,7165,12153,535,1332,1176.17,32.43,34,77.03,28.45,84,48,356.52,76.71,570,66,BENIGN
8332,62410,331,185,7007,178,974,1131,908.82,90.31,21,8.16,17.54,10,40,630.49,499.39,22,366,BENIGN
56026,21239,232,281,11769,13061,1403,899,947.15,33.37,27,7.35,5.4,37,33,150.53,328.47,400,299,BENIGN
64846,63611,326,427,10791,12651,1375,83,1131.94,491.48,27,97.3,33.13,2,8,321.01,352.83,892,368,BENIGN
6422,80162,409,397,11732,13025,1223,485,1230.18,92.44,38,87.59,39.95,79,19,980.7,269.63,379,56,BENIGN
62064,68389,111,10,717,13890,900,1423,1213.53,217.14,31,24.0,26.89,60,46,174.48,181.28,140,463,BENIGN
46914,77003,1,484,7713,12704,1419,226,985.38,187.1,32,87.53,31.92,56,2,115.76,75.17,810,243,BENIGN
62700,66166,186,126,13724,3953,795,434,343.25,152.58,27,69.13,14.95,22,47,815.25,269.67,410,336,BENIGN
22881,37994,414,367,4073,10439,628,158,579.44,173.93,25,25.13,37.73,20,16,158.62,32.47,56,207,BENIGN
2334,42155,269,339,10516,1882,1061,657,958.2,443.94,20,95.05,31.33,97,48,421.91,317.07,626,405,BENIGN
59426,32010,202,85,1714,2561,157,394,731.3,56.85,32,98.46,24.83,19,14,566.54,27.74,140,189,BENIGN
63293,97174,222,110,2361,14354,1334,1216,954.02,142.26,37,53.54,45.76,92,36,795.47,52.46,584,50,BENIGN
9109,48041,429,406,819,14745,1335,787,483.38,304.77,20,11.33,45.58,58,21,575.31,442.52,292,42,MALICIOUS
62853,82599,328,142,6436,13513,271,156,178.44,428.77,22,82.72,12.36,40,26,917.13,491.98,99,387,BENIGN
23878,75577,194,265,9264,10784,1266,168,468.38,76.36,28,22.09,34.61,99,4,155.12,14.77,579,248,MALICIOUS
51278,47763,358,6,8839,12130,1113,1074,636.44,358.21,21,75.7,14.76,63,20,294.06,436.28,755,457,BENIGN
46985,11013,303,467,6125,10986,45,1311,229.41,138.81,38,29.95,40.84,72,22,952.57,103.41,567,497,BENIGN
40400,69443,113,392,6184,7452,3,1434,314.3,354.0,27,32.19,22.58,13,44,526.17,477.85,861,336,BENIGN
13938,25632,71,319,1774,3735,507,213,787.75,497.18,34,29.23,35.3,53,39,501.04,484.24,128,212,BENIGN
3387,54439,126,209,5327,1184,74,1104,463.24,494.19,29,70.68,20.0,58,26,673.14,68.74,32,493,BENIGN
41312,25272,33,47,5686,755,819,1007,792.83,495.16,29,25.78,46.72,31,30,33.73,366.95,51,122,BENIGN
52779,2757,347,257,4130,6746,53,664,1074.0,302.88,30,91.65,7.43,62,35,43.8,473.94,392,343,BENIGN
23753,49278,319,73,245,14181,194,1074,151.24,45.71,27,71.15,20.91,46,19,190.8,384.67,144,428,BENIGN
34342,25542,150,483,3422,4031,561,442,427.94,120.4,38,83.92,12.0,83,23,243.46,78.18,709,144,BENIGN
61074,54802,353,343,14086,2474,1440,534,565.99,450.84,28,11.23,32.71,85,5,827.75,235.82,224,241,MALICIOUS
7930,14677,410,254,2764,9087,302,670,1417.33,449.62,20,2.26,4.77,21,21,527.29,484.46,484,235,MALICIOUS
26086,21408,325,21,13973,1980,416,259,364.86,298.58,28,55.44,11.6,11,7,739.37,21.29,60,477,BENIGN
48963,18827,115,497,13140,8450,13,951,1393.09,314.71,27,46.06,9.79,19,47,429.16,69.93,397,454,BENIGN
23030,27707,283,306,2361,11555,1498,499,677.24,454.09,35,76.98,27.3,73,44,967.96,232.6,433,28,BENIGN
29391,17468,330,456,9378,9080,307,1124,126.95,299.96,36,84.61,20.18,33,33,267.19,491.62,899,193,BENIGN
12736,4058,147,324,8231,10967,345,45,534.88,473.83,23,5.08,2.03,13,17,47.16,111.24,456,227,BENIGN
48239,72708,228,396,483,3594,594,255,269.46,488.51,20,77.21,49.25,12,11,411.03,456.18,676,20,BENIGN
10144,13660,71,18,10665,4311,223,1410,161.12,335.01,24,55.29,12.54,96,23,896.97,17.75,66,298,BENIGN
51402,13722,202,71,7243,2493,1018,804,409.7,42.99,21,57.29,46.67,3,22,433.16,69.92,52,345,BENIGN
21128,27034,329,343,10571,6279,1430,375,556.4,46.17,32,37.86,41.93,38,35,711.17,434.41,915,433,BENIGN
37268,80137,216,334,1203,3293,302,238,440.13,20.9,39,35.01,37.14,5,48,939.23,413.99,918,432,MALICIOUS
11208,79757,80,260,6207,4200,1416,946,1131.54,62.61,30,58.93,45.35,61,15,632.15,351.95,113,148,BENIGN
46620,10490,27,125,5010,12479,129,1341,926.54,356.46,25,61.5,3.88,25,8,849.42,83.69,755,470,BENIGN
17494,81262,163,166,10006,11060,1159,1491,1237.77,130.7,26,29.65,1.41,44,36,287.93,437.36,389,282,BENIGN
25402,70108,137,12,9754,10771,703,736,48.41,481.26,25,47.9,5.36,77,46,737.3,405.91,611,225,BENIGN
53630,25198,235,412,10644,5256,767,806,625.88,285.91,24,82.41,34.01,88,23,705.36,454.3,369,71,MALICIOUS
21868,35488,251,422,3960,9764,15,652,573.93,323.54,34,17.3,33.01,45,3,854.8,278.28,159,301,BENIGN
47514,87380,77,197,5020,11602,1009,1349,1357.18,158.5,27,35.04,46.8,58,43,313.89,220.4,469,215,BENIGN
63292,28010,184,484,9504,11665,1235,1384,852.01,307.0,34,56.1,47.34,82,7,80.95,351.68,144,26,BENIGN
27208,22740,205,242,7057,9701,394,1015,944.87,379.15,39,85.01,41.23,76,22,468.59,15.59,493,101,BENIGN
54715,19703,110,109,6418,8403,505,164,668.23,218.3,23,14.31,33.87,76,16,797.34,241.14,181,278,BENIGN
61685,32006,344,252,10588,5517,1,1088,156.85,34.39,38,88.73,36.09,24,6,987.06,472.19,193,238,MALICIOUS
54655,67645,380,491,13625,12739,1400,1419,647.5,166.04,20,11.87,31.9,39,39,753.92,392.01,864,142,BENIGN
13707,93875,354,286,14878,6506,877,672,1087.4,402.57,24,4.15,7.14,71,4,391.65,14.96,519,117,MALICIOUS
13144,53622,389,410,3912,718,1293,783,1018.86,366.63,20,64.11,26.5,40,42,3.63,277.55,971,439,BENIGN
62629,15519,496,490,1839,9032,990,765,1102.72,438.09,25,53.0,9.89,50,16,29.7,237.94,781,62,MALICIOUS
3830,16376,128,107,1414,3634,3,812,1060.45,85.12,28,30.81,19.72,11,16,235.52,298.76,238,149,BENIGN
48572,28579,368,452,8956,3203,1208,270,1341.17,481.25,32,14.57,46.34,19,13,435.29,101.94,295,417,BENIGN
31656,84141,210,426,870,11175,459,330,484.94,321.37,39,99.62,44.74,41,30,499.49,227.49,559,491,MALICIOUS
52885,82334,62,207,13548,12220,508,834,591.91,56.95,22,30.39,25.72,87,43,947.36,14.88,857,417,BENIGN
62258,98242,52,76,14033,3193,1410,1367,1354.5,71.96,39,73.97,35.66,77,47,909.49,385.8,553,103,BENIGN
47264,48454,288,153,2351,2333,74,725,136.18,253.91,28,42.0,4.11,5,13,703.59,464.4,744,279,BENIGN
24484,42664,352,128,11167,7251,1474,362,263.63,235.85,26,68.93,42.24,54,1,760.11,35.29,749,216,MALICIOUS
63440,85369,139,312,147,14912,1480,406,974.65,30.75,21,29.19,4.72,3,5,366.09,432.25,431,236,BENIGN
56088,46906,202,498,2823,3729,1360,1184,1277.88,20.82,23,18.16,11.26,84,44,833.74,380.15,426,144,MALICIOUS
47998,49629,144,130,4561,4226,1047,1236,224.29,236.35,23,31.33,5.55,44,23,329.25,17.79,380,402,MALICIOUS
38684,35121,26,46,1645,13172,1328,644,989.66,403.73,28,4.47,24.29,8,4,729.53,19.93,715,281,MALICIOUS
39660,28170,340,221,11096,9862,427,471,797.57,272.42,22,43.03,20.73,36,3,633.6,220.79,155,473,MALICIOUS
14306,24077,1,153,9510,14899,39,179,278.93,170.16,21,43.56,43.36,18,21,210.98,255.81,390,492,BENIGN
48139,6120,226,101,5987,1177,7,781,811.69,29.88,25,98.58,23.39,60,9,633.61,386.87,487,365,BENIGN
42584,90597,113,186,9752,125,788,1051,315.38,258.88,39,34.13,44.87,29,37,80.13,62.83,536,199,MALICIOUS
34743,60778,387,224,9420,3116,353,639,1380.42,399.81,23,27.19,41.05,13,5,441.75,146.79,274,434,BENIGN
62304,8286,389,491,10159,656,468,436,930.11,312.57,33,71.85,31.84,83,49,557.94,270.05,609,109,BENIGN
41654,1001,279,66,9871,7969,1393,91,411.43,47.83,39,86.11,5.28,20,41,971.83,30.8,358,112,BENIGN
24381,83413,166,36,13139,11369,119,647,621.83,51.82,20,38.25,46.12,81,3,53.27,434.03,336,445,BENIGN
2249,5817,426,325,13285,8537,338,45,943.98,382.9,31,29.22,24.97,20,37,878.35,204.59,310,8,BENIGN
39275,36033,300,159,13649,3840,761,881,1370.08,112.26,24,12.54,33.14,60,35,251.11,128.79,947,439,BENIGN
61985,13779,67,497,12738,7637,909,789,918.53,197.07,38,53.31,28.37,23,44,328.82,372.27,37,36,MALICIOUS
3866,36940,274,490,12867,12483,735,863,26.16,319.39,24,67.95,48.15,32,6,645.03,277.24,438,321,BENIGN
29461,84502,64,187,10542,9071,399,195,218.2,158.69,27,45.75,45.14,4,30,963.65,126.25,584,419,BENIGN
4693,26982,272,25,8446,13852,622,46,806.15,483.38,36,96.38,34.69,0,38,795.96,439.52,423,5,BENIGN
24404,92410,493,86,9711,11009,225,1199,561.9,230.98,36,15.38,21.95,84,34,103.81,48.34,663,70,BENIGN
34212,5931,90,219,10703,9761,1280,285,622.98,345.65,27,92.73,15.37,48,22,41.88,339.65,243,133,MALICIOUS
20335,69093,464,223,8207,1987,85,958,736.08,36.23,30,68.18,3.84,44,24,924.95,343.67,782,376,BENIGN
51317,83476,115,259,11222,13116,425,865,1440.74,79.17,38,50.43,2.69,27,28,944.32,164.84,476,17,BENIGN
54533,37817,202,53,12174,8249,908,488,262.84,393.63,35,61.47,9.45,34,22,450.52,398.96,443,346,BENIGN
42439,23719,430,251,193,8961,574,256,97.99,65.35,21,68.9,49.84,45,29,403.76,6.86,926,43,BENIGN
21726,56764,17,164,9888,2426,215,960,54.12,394.97,37,81.14,26.41,28,4,688.96,386.64,599,201,MALICIOUS
64704,47,474,330,5711,3621,118,1047,316.15,198.17,22,26.7,30.39,93,18,257.13,25.1,151,276,MALICIOUS
62392,71119,219,497,2783,7519,150,319,961.99,372.99,27,70.14,46.33,35,19,138.83,409.91,719,310,BENIGN
12394,46449,393,432,11105,4162,14,570,1307.54,150.28,39,26.06,27.98,73,20,512.67,380.0,688,36,BENIGN
36277,11660,38,255,11589,7195,84,694,490.23,375.61,25,87.8,49.51,58,18,455.01,471.68,676,3,BENIGN
20831,1626,400,163,8127,12309,1415,1316,1213.18,466.12,38,12.86,0.91,69,20,777.57,12.38,988,92,BENIGN
21131,70514,365,191,12314,6011,229,786,1203.35,262.59,36,91.02,22.58,29,14,520.78,162.22,884,128,BENIGN
43359,22481,5,326,9786,3185,929,71,738.43,236.14,34,54.96,38.69,31,27,195.23,363.78,473,191,BENIGN
2553,17452,128,36,4461,2199,482,620,337.3,396.47,34,67.5,24.91,14,46,793.15,172.97,772,293,BENIGN
41024,13791,485,17,7396,11275,8,1026,889.48,193.24,26,75.74,36.69,26,45,161.13,289.05,206,381,BENIGN
37255,34798,297,326,13479,4218,1328,1314,273.75,190.85,31,30.22,19.98,2,3,935.35,2.86,695,276,BENIGN
13839,51108,234,232,5584,13197,522,246,1391.42,126.16,30,61.7,43.86,44,35,763.27,233.68,240,365,BENIGN
34470,42201,189,239,5745,12023,560,1072,893.6,245.61,36,91.8,22.7,21,13,121.46,224.98,891,226,BENIGN
47483,95788,327,296,1721,7282,1394,1464,1346.84,417.59,21,71.56,30.05,3,40,893.16,233.64,958,438,BENIGN
49729,18141,319,421,12150,687,1234,792,839.64,458.51,30,23.08,41.38,49,12,129.11,250.42,663,421,BENIGN
4187,55642,53,199,11092,13605,583,684,24.11,150.55,36,38.5,5.21,30,2,127.06,472.02,960,307,BENIGN
61999,40005,204,375,12248,9075,956,126,125.58,130.98,25,49.48,15.25,80,28,716.44,498.78,253,239,BENIGN
18979,81653,154,72,8888,682,1288,838,1253.96,103.97,23,29.6,2.46,22,2,53.15,12.99,991,119,BENIGN
34424,35770,246,442,8247,4532,301,239,551.57,219.28,26,11.39,46.47,52,47,708.3,294.97,267,406,BENIGN
15172,80683,339,296,10680,1876,1048,396,595.64,301.17,34,48.94,41.47,32,3,731.63,114.3,125,283,MALICIOUS
19259,57384,202,472,13286,10575,645,179,925.43,222.85,37,21.29,49.28,95,8,178.1,227.19,478,111,BENIGN
2681,50341,458,325,3499,2832,374,1258,1382.65,147.8,23,35.31,16.33,12,42,920.15,305.74,485,255,BENIGN
63489,32276,486,307,13758,9886,366,646,1446.79,409.45,27,41.37,36.52,80,5,495.42,141.61,641,151,BENIGN
32224,89377,421,164,14052,8850,671,814,292.77,450.58,24,11.76,29.78,19,6,576.71,37.72,173,313,MALICIOUS
10216,73595,423,182,11672,9791,31,975,579.91,65.81,35,69.22,14.69,16,26,263.8,34.41,605,149,BENIGN
47261,38272,86,9,6371,12754,526,1407,377.75,139.89,27,52.17,27.35,55,2,192.7,399.36,471,115,BENIGN
57919,80314,149,50,9068,14803,741,1238,1297.66,413.57,31,0.67,47.51,95,29,949.19,410.35,921,224,BENIGN
57904,93863,421,273,1583,2999,210,1094,783.91,496.72,26,57.2,0.42,76,12,361.15,81.04,361,139,BENIGN
23674,68575,105,76,4755,14262,1047,284,482.93,408.05,37,69.31,0.25,1,7,611.47,378.55,191,81,BENIGN
16376,57242,459,106,8664,4209,822,718,764.28,481.88,23,5.01,30.12,57,20,280.56,280.75,84,409,BENIGN
61315,74523,275,472,8274,10798,1090,432,856.54,187.9,35,69.6,42.22,63,49,395.97,179.9,853,9,BENIGN
51195,39745,324,5,3129,12926,1450,770,1241.7,410.28,37,49.82,17.97,3,42,755.86,423.44,754,159,BENIGN
49595,36210,314,284,12618,9850,799,874,759.34,325.87,24,73.78,43.11,21,46,655.26,161.69,777,177,MALICIOUS
25391,89765,377,221,7159,7698,650,532,270.64,408.95,35,62.31,49.11,8,27,944.12,405.18,908,405,BENIGN
2358,48686,51,241,11900,348,801,1170,811.73,472.99,20,53.02,32.17,96,26,923.53,392.39,97,455,BENIGN
9862,3149,72,152,5525,13939,1385,15,1143.85,166.25,28,83.88,20.59,28,46,520.5,214.91,482,428,BENIGN
37121,22999,22,12,10339,13312,1123,1177,314.96,68.86,33,32.97,26.73,5,28,878.79,392.97,64,328,BENIGN
57566,50157,50,420,6190,367,561,1367,555.48,309.81,30,61.39,18.53,0,13,288.16,470.61,347,320,MALICIOUS
1470,48643,238,391,2276,4918,1100,1144,1082.88,497.54,28,31.94,26.29,40,22,359.19,369.69,478,40,MALICIOUS
3749,80254,411,22,3946,2276,1087,838,1102.92,48.73,30,10.88,25.6,3,17,131.34,72.16,888,304,MALICIOUS
57167,26738,282,289,289,3126,1334,1221,299.02,462.47,30,36.17,3.34,23,36,816.4,384.14,549,226,BENIGN
31913,26350,81,133,6208,11281,1008,470,416.83,129.25,22,33.9,41.93,19,12,309.05,362.55,884,386,BENIGN
46421,95810,336,437,5554,6373,1352,655,1024.45,181.92,29,36.15,47.87,45,16,547.47,462.86,371,380,MALICIOUS
4570,86162,212,359,7951,4072,1127,297,960.09,67.3,30,68.1,44.88,55,32,598.21,304.43,604,129,BENIGN
25620,23968,81,120,353,1902,1287,838,1128.95,75.68,25,5.86,34.19,11,26,907.97,88.55,295,427,BENIGN
18179,29858,265,63,4150,9351,1272,1474,521.7,150.84,34,49.46,5.32,72,30,464.93,311.23,579,405,MALICIOUS
24478,11989,9,159,9415,1185,1007,75,1159.46,112.74,29,53.14,43.47,2,35,507.74,88.04,720,490,BENIGN
39420,43614,268,290,1506,8154,339,1260,834.14,418.21,21,46.73,43.83,83,45,527.38,113.81,678,416,BENIGN
9568,60826,447,287,1756,13610,758,330,196.53,455.87,27,46.56,1.32,65,9,109.8,53.15,357,58,MALICIOUS
19585,68501,4,197,2260,10620,199,173,1183.85,280.33,24,24.02,21.8,50,12,192.84,201.76,508,312,BENIGN
47085,28683,339,490,13932,2174,125,1430,601.8,163.2,37,97.8,23.55,22,8,227.24,374.7,744,225,BENIGN
30818,7705,262,12,10726,11810,734,274,1033.66,386.05,38,64.25,13.53,38,26,483.43,454.01,709,151,MALICIOUS
4350,5483,83,69,9636,7842,100,561,112.67,56.46,32,7.67,9.12,45,46,651.49,209.3,796,88,BENIGN
55813,65263,19,476,1274,2917,64,388,1002.83,295.19,26,90.44,35.63,12,46,895.23,84.51,725,496,BENIGN
64952,64641,124,439,4157,11064,14,954,551.14,492.0,32,12.97,10.36,48,45,709.71,119.16,786,476,BENIGN
60680,92833,69,173,8598,9440,282,666,760.12,16.67,38,4.94,37.7,23,15,437.14,342.61,280,355,BENIGN
1512,68648,207,280,4935,5804,1131,1459,312.66,458.67,29,88.15,39.39,87,20,655.69,322.4,358,483,BENIGN
63442,4456,483,239,11666,14596,38,964,1386.45,447.71,21,42.74,45.01,76,30,652.74,416.88,937,241,BENIGN
15697,22032,482,236,4178,2606,207,1208,1122.31,198.19,39,20.67,29.58,75,40,284.23,329.82,865,95,BENIGN
18931,96353,292,253,4257,8574,678,324,1288.35,169.64,31,40.44,37.87,37,6,79.08,452.91,162,59,BENIGN
55568,16204,143,404,12484,7974,1281,141,183.07,327.2,28,96.91,40.99,75,10,917.52,6.41,102,477,BENIGN
28088,34636,242,241,6121,6081,827,236,372.43,454.89,26,67.01,16.52,23,45,781.3,6.92,949,305,BENIGN
4776,7376,447,262,6860,957,1003,1084,930.41,139.56,24,33.68,42.81,0,10,279.35,498.93,186,396,BENIGN
27370,99541,79,405,13691,1934,824,977,1053.85,193.62,32,70.05,43.48,2,32,994.62,479.19,807,465,BENIGN
28840,15817,109,430,7243,10660,37,926,593.49,125.42,26,44.71,26.35,90,24,398.91,388.49,106,464,MALICIOUS
16632,8399,141,486,11921,11112,5,173,984.39,128.95,28,58.53,40.35,25,40,827.28,435.33,889,376,BENIGN
13483,13939,444,324,122,10131,1274,1387,500.97,81.17,26,52.81,21.5,75,21,432.16,107.54,598,169,MALICIOUS
54605,31229,40,182,483,9758,683,121,611.66,97.6,24,56.9,35.87,99,4,572.81,239.93,967,493,BENIGN
37716,90219,228,493,10000,2881,1304,1062,211.52,380.01,33,25.22,28.94,44,15,756.24,70.92,595,91,BENIGN
64462,57248,87,216,3525,10263,1445,544,267.65,363.29,28,89.08,41.12,12,45,232.6,3.5,728,12,BENIGN
25236,54871,156,50,120,12277,178,447,1323.5,223.97,38,57.49,18.05,64,3,50.61,222.79,918,352,MALICIOUS
19721,81437,348,296,5646,11623,1054,1418,469.29,214.44,38,46.22,39.74,69,14,863.12,339.54,454,76,BENIGN
37415,93128,146,360,8429,8706,448,1120,1473.83,166.61,23,48.67,39.57,49,3,290.42,360.65,126,330,BENIGN
37575,3215,348,191,13086,585,731,689,1421.96,380.09,30,62.42,7.07,65,35,793.43,333.37,687,57,BENIGN
41319,74512,381,93,11196,12070,1087,562,1406.23,339.64,29,54.26,33.9,29,44,36.39,482.01,220,480,BENIGN
19144,75659,330,396,14726,4636,93,1079,854.19,459.9,21,46.96,41.0,38,22,750.22,235.56,143,134,BENIGN
20169,93299,487,277,12931,6583,1352,1267,986.22,302.91,21,0.15,31.21,63,26,730.52,347.88,646,176,MALICIOUS
14864,33140,429,29,9468,12371,381,1471,1195.62,320.39,35,57.39,43.31,60,45,618.26,414.25,481,252,BENIGN
9636,93883,330,341,12133,8387,1224,706,585.96,367.55,21,68.28,7.89,16,29,211.36,221.41,32,278,BENIGN
20195,69358,18,300,791,9157,1326,926,336.15,430.41,31,11.42,27.46,84,5,710.84,140.99,355,360,BENIGN
27607,34130,103,346,12428,12926,325,698,427.44,0.66,22,27.25,2.0,74,41,978.91,24.38,82,474,BENIGN
53619,64020,318,86,8012,49,1265,848,14.52,428.77,22,20.83,11.86,90,46,886.22,180.77,211,232,BENIGN
11533,68521,335,241,11853,10166,1376,832,1407.18,265.86,31,52.57,0.97,86,6,659.98,386.72,106,480,MALICIOUS
2150,29479,56,194,2393,3900,880,674,218.83,56.21,39,48.52,29.37,64,9,414.45,391.47,705,10,MALICIOUS
20441,72383,273,8,11122,6317,929,193,893.39,235.9,24,30.83,42.75,83,21,79.5,414.52,375,102,BENIGN
63032,22459,426,430,14734,11442,1482,848,576.24,320.83,30,33.33,29.44,96,19,636.35,67.51,566,304,BENIGN
55149,31684,469,27,11244,236,482,1044,1326.54,391.43,32,73.4,33.43,41,23,250.64,218.53,515,479,MALICIOUS
56967,27554,452,159,8746,1939,155,38,1401.47,24.73,31,67.1,11.89,85,3,810.18,135.75,158,64,MALICIOUS
38674,33877,363,443,13044,4691,1314,1371,1306.14,465.36,32,76.6,27.35,9,21,834.86,258.97,60,209,BENIGN
60065,44792,493,86,434,8790,101,853,58.06,265.81,24,44.71,44.66,91,44,933.94,285.88,690,74,BENIGN
16923,35546,101,492,9186,3294,534,731,708.32,64.84,33,94.09,34.75,95,34,519.66,82.33,766,294,BENIGN
46723,91670,374,82,2122,136,569,304,642.11,2.0,31,37.24,40.09,21,37,527.13,444.83,252,118,BENIGN
23662,28983,492,68,7148,8812,931,753,107.18,432.41,38,34.29,44.25,41,41,241.74,249.18,990,305,BENIGN
32431,69691,68,446,10524,7610,725,673,1208.89,36.0,25,20.56,37.97,73,8,450.61,358.74,652,115,BENIGN
8923,30514,161,1,10189,1797,770,210,535.87,149.3,20,93.54,23.4,34,27,960.36,150.08,533,298,BENIGN
60964,29678,459,91,7067,10726,859,633,638.81,356.17,20,81.29,8.88,24,35,488.5,213.75,119,281,MALICIOUS
4333,99126,301,22,14111,3714,146,1018,194.3,371.8,32,83.44,28.86,36,4,60.57,462.25,992,308,BENIGN
22801,10725,103,45,2949,7561,1384,1146,753.17,251.28,23,29.75,38.84,76,14,272.58,19.18,326,265,MALICIOUS
34792,41233,28,317,7382,3531,598,578,766.37,409.48,21,98.01,5.51,71,27,961.37,191.39,217,426,MALICIOUS
3073,51189,437,133,2424,3658,1059,50,1426.47,247.26,26,67.93,38.53,28,7,663.37,471.66,960,62,BENIGN
54746,67541,475,26,2005,4852,1458,1105,56.6,364.02,39,70.79,34.97,28,42,959.83,367.98,164,433,MALICIOUS
18218,25657,281,373,10309,9065,20,197,823.38,82.71,26,33.39,46.85,50,17,464.01,125.84,669,44,BENIGN
51826,83770,292,457,526,2487,1405,530,924.38,352.35,37,96.41,48.25,20,40,793.76,28.6,613,35,BENIGN
2592,43774,286,230,14569,9990,462,1101,1273.65,38.63,30,68.59,35.76,97,10,601.27,398.07,567,250,BENIGN
34824,5068,303,481,4886,12399,498,439,287.65,478.8,22,48.15,44.49,99,0,197.22,256.94,244,353,BENIGN
24122,63409,176,321,2714,10935,228,354,406.54,7.81,31,7.55,29.76,76,17,417.19,355.06,303,357,MALICIOUS
55236,601,454,328,4110,3014,356,115,1048.83,355.43,26,43.06,22.8,95,20,742.06,393.18,840,489,BENIGN
35418,42891,322,7,2511,679,519,835,948.66,443.5,37,81.79,9.11,28,1,38.6,207.21,859,249,BENIGN
18272,24165,414,438,5295,12101,1171,1080,942.73,392.01,29,38.31,5.18,86,22,313.62,439.62,217,482,BENIGN
30375,98244,28,250,5337,7804,1489,250,88.96,24.83,34,49.24,6.38,45,5,941.46,93.62,597,363,BENIGN
19106,13284,320,269,2528,1370,613,429,343.84,6.05,38,30.85,47.98,84,29,409.06,113.63,401,330,MALICIOUS
52210,11139,476,484,13263,1761,1306,817,1027.07,412.87,28,71.24,31.18,93,30,702.68,231.48,164,479,BENIGN
11974,69274,313,170,12783,5734,521,157,1198.31,486.13,24,41.86,38.42,78,28,644.32,263.19,177,53,BENIGN
20063,77716,414,305,1496,7212,1255,588,1456.76,19.83,31,11.88,18.83,10,40,704.01,71.4,286,309,BENIGN
39395,70563,20,124,7937,12541,723,484,420.67,325.47,37,97.74,43.33,42,33,336.43,443.07,436,34,BENIGN
31237,48851,347,234,4797,2347,407,1496,1003.03,210.28,28,15.24,5.55,85,44,331.45,329.28,908,477,BENIGN
61164,50087,441,93,3029,7326,1218,518,1417.3,284.01,32,35.42,28.39,28,47,280.2,464.57,396,427,BENIGN
48602,12564,57,256,945,11065,198,1484,1286.14,120.56,32,73.7,29.19,9,11,183.26,449.37,922,291,BENIGN
31964,18162,76,34,9290,7663,372,558,175.15,419.77,25,85.74,18.46,96,16,410.91,399.08,263,475,BENIGN
28290,55835,372,28,11546,10224,1292,608,596.21,417.69,34,67.1,0.25,41,33,475.52,466.49,730,121,BENIGN
14180,71778,244,287,3706,1514,525,967,779.12,60.82,20,39.47,2.19,50,43,561.0,323.01,609,478,MALICIOUS
14127,8283,114,438,14784,2257,283,375,1372.06,496.21,32,85.89,28.84,79,27,324.37,156.16,842,298,BENIGN
48626,37832,283,291,9827,11497,1245,1195,84.06,143.35,22,62.92,41.16,64,5,955.1,173.47,30,478,BENIGN
31377,48950,219,374,12010,4757,1432,1033,549.9,348.55,32,43.2,48.59,75,3,184.84,201.93,711,93,BENIGN
26762,97380,94,437,11490,1049,1396,292,699.21,182.98,24,24.37,41.29,38,49,754.64,189.27,421,135,BENIGN
37388,7399,406,313,6133,13775,1043,145,769.94,65.34,32,45.47,17.04,33,14,372.84,247.31,423,386,BENIGN
48675,63202,123,35,7973,1074,946,1047,427.69,109.62,37,49.7,6.05,80,40,147.55,31.85,727,36,BENIGN
23795,65500,22,104,12885,8598,1259,674,641.95,166.85,38,17.12,11.71,53,33,310.47,126.96,357,353,MALICIOUS
25509,79624,499,351,14954,4454,461,375,782.65,24.46,32,95.01,10.95,64,8,247.29,139.21,899,199,BENIGN
1785,59649,305,209,11089,1718,759,84,952.09,144.38,35,52.3,2.47,29,36,655.21,87.55,386,441,BENIGN
6597,48746,153,383,3971,629,724,913,121.8,310.73,21,84.93,3.01,45,48,435.47,89.44,736,490,BENIGN
14250,20538,17,224,12023,3576,893,132,620.32,85.34,26,16.9,16.42,59,21,9.2,268.06,164,489,BENIGN
19608,37849,32,0,13343,12506,67,1136,229.13,157.53,22,72.39,37.63,43,42,501.72,160.73,540,155,BENIGN
37934,72268,399,147,14151,989,413,1349,667.08,463.41,30,97.87,27.11,67,1,907.39,226.53,33,56,BENIGN
44060,53157,182,155,12284,10432,576,620,490.4,432.61,26,95.92,41.13,87,30,79.83,327.17,184,363,BENIGN
37854,34588,4,362,6144,3168,995,1290,1384.39,339.28,25,63.3,35.88,69,29,5.81,364.18,911,284,MALICIOUS
14777,54037,449,22,14498,7037,1350,391,1309.75,400.2,38,69.17,45.72,19,44,470.48,463.95,547,63,MALICIOUS
10609,44059,171,181,2952,4056,569,455,593.26,373.43,29,38.69,17.86,55,40,388.04,8.08,525,43,MALICIOUS
48418,24892,331,140,12760,11701,847,974,283.83,326.02,31,1.59,18.22,63,48,895.28,471.8,339,20,MALICIOUS
28173,54330,179,269,7717,13037,828,424,766.82,27.0,31,75.66,17.11,95,1,109.93,422.13,231,446,BENIGN
25052,26240,341,90,10775,8388,605,737,1145.34,114.92,23,28.59,6.74,71,39,661.94,450.86,43,163,MALICIOUS
10000,43976,118,258,5716,11499,584,599,1427.57,44.0,22,54.89,2.13,23,2,379.06,50.65,830,339,BENIGN
41856,41495,290,430,13425,4024,1349,1018,639.95,69.43,24,20.31,19.26,43,12,451.57,85.96,420,476,MALICIOUS
57225,8389,181,439,16,13137,400,1094,1074.12,433.29,36,4.03,15.95,68,28,423.14,326.02,142,373,MALICIOUS
16310,37500,406,342,4323,841,1281,1378,438.85,321.5,26,8.51,4.87,33,33,961.67,411.39,248,96,MALICIOUS
10075,1378,180,162,12290,12062,292,47,79.95,389.17,24,59.24,12.34,31,18,184.62,412.89,81,271,MALICIOUS
3282,95861,394,493,4466,2159,697,1182,75.97,432.15,28,31.02,4.86,17,18,350.62,304.89,799,127,BENIGN
6388,96399,309,314,1440,14481,1457,644,957.34,456.21,20,86.32,4.63,50,33,200.89,60.89,521,166,BENIGN
28078,65555,225,437,6314,14702,881,1278,1179.27,154.79,29,89.4,3.96,49,8,446.82,224.2,447,25,BENIGN
25920,64493,145,107,5535,7171,362,1044,769.71,159.64,26,85.08,26.68,16,34,746.93,352.42,974,178,BENIGN
21686,69661,100,392,6727,11829,27,1361,695.72,82.73,28,26.97,30.15,66,24,502.14,237.25,854,84,MALICIOUS
40521,48622,213,28,3022,12725,591,141,1228.6,195.01,25,53.31,46.48,46,38,719.6,136.13,257,313,BENIGN
40905,1440,105,314,13619,2614,1090,333,1038.41,335.45,31,47.14,45.67,28,34,567.76,52.39,309,261,BENIGN
56231,99539,135,490,13990,3924,751,305,898.83,360.22,25,28.99,13.52,67,18,507.67,217.13,882,376,BENIGN
7969,71887,192,308,9000,14453,333,611,150.58,116.7,35,84.85,40.04,18,14,556.61,96.79,98,99,BENIGN
5823,83240,215,422,4971,5032,1482,1404,813.15,434.95,27,43.74,36.08,84,11,170.33,348.16,236,321,BENIGN
31133,7914,288,67,2929,12777,118,767,1164.54,373.41,35,58.72,34.75,78,17,797.38,203.17,672,199,BENIGN
33642,78460,86,412,11542,3020,627,1312,257.75,420.81,31,72.29,28.69,69,28,823.97,311.58,155,366,BENIGN
38212,68158,58,80,7835,3479,205,1476,170.67,179.16,35,18.65,19.01,59,43,984.17,309.43,344,489,MALICIOUS
30976,6836,181,226,11561,8916,496,954,550.19,373.56,25,50.08,23.23,74,6,171.42,478.79,480,359,BENIGN
11829,2056,391,160,11271,9900,1361,363,1367.63,489.72,38,1.82,42.89,48,45,281.89,423.79,742,238,BENIGN
10381,15145,151,366,12720,9243,708,248,339.12,179.13,26,9.37,12.26,68,22,552.75,104.76,480,286,BENIGN
12787,13969,384,445,13554,11616,611,534,1494.84,9.01,23,82.08,49.44,37,30,878.17,435.12,736,168,BENIGN
5364,28242,170,266,12608,14006,58,748,1407.13,121.73,35,32.04,18.75,52,6,560.41,50.6,694,63,BENIGN
54546,63952,61,372,7065,8919,1085,573,176.52,419.31,22,33.63,49.91,65,26,212.04,417.31,473,343,BENIGN
26125,79880,183,229,11417,11733,794,628,1320.13,50.78,22,72.96,30.69,52,13,554.25,256.81,907,329,BENIGN
63432,38404,330,497,3181,4628,33,962,887.45,93.07,24,56.11,27.11,18,29,300.69,8.63,341,126,BENIGN
40190,97091,232,113,5976,593,892,853,415.53,245.22,38,22.35,17.91,32,31,56.7,498.71,219,440,BENIGN
35148,3046,154,25,1292,13828,991,1133,282.69,2.44,36,26.8,4.47,78,12,369.72,282.85,570,150,BENIGN
54807,14148,116,423,2880,413,762,897,309.65,115.52,39,68.24,41.88,54,8,252.14,69.31,106,370,BENIGN
32809,63186,212,332,12576,3690,1406,1091,397.54,455.99,27,83.87,14.04,56,42,647.04,424.72,167,223,BENIGN
4305,70781,417,218,8934,193,187,924,1264.74,114.29,34,26.35,3.25,33,49,621.47,292.06,503,41,BENIGN
46114,20168,83,305,8045,7229,108,569,917.8,375.48,39,93.1,45.57,74,27,472.83,495.2,216,98,MALICIOUS
6035,41895,304,377,3882,9244,1365,181,721.74,247.41,34,92.0,23.26,65,24,967.41,22.16,725,320,BENIGN
11292,66044,233,228,11245,7617,1366,176,1165.34,22.62,24,12.63,23.0,56,12,86.99,437.09,76,316,BENIGN
21873,95470,317,164,9408,5714,480,142,1455.13,21.83,36,56.37,18.36,63,3,614.9,118.96,687,488,MALICIOUS
8342,83782,335,370,7986,8679,1463,156,1497.88,103.32,27,83.59,7.88,59,3,924.83,329.63,748,140,BENIGN
44072,79899,63,370,7810,13698,594,304,163.36,89.62,27,95.27,37.7,92,18,885.7,164.64,592,86,MALICIOUS
31795,17065,218,165,7770,2909,728,846,1283.37,290.31,30,15.32,23.95,20,21,421.34,16.67,857,311,BENIGN
46528,18375,450,107,7627,778,691,867,686.59,200.96,26,57.81,18.6,48,40,180.37,59.65,65,189,BENIGN
62914,1052,6,338,8061,10861,258,136,646.51,37.59,24,27.09,36.52,34,16,822.87,93.9,489,52,BENIGN
34261,90789,207,247,7761,4976,554,30,765.37,78.1,28,64.62,15.32,88,13,153.52,444.05,859,481,BENIGN
9910,75957,479,362,3301,9620,1266,11,701.09,486.89,32,84.11,15.94,66,1,477.9,113.87,690,106,BENIGN
42041,29422,185,395,5080,13682,1364,836,352.43,300.41,32,18.31,49.02,21,22,770.19,244.28,674,442,BENIGN
60089,17483,121,153,8848,6973,1077,1026,1180.93,405.69,35,47.03,7.89,34,41,328.5,477.36,588,404,MALICIOUS
42428,7317,81,236,10358,9075,198,797,486.64,455.37,37,38.45,19.22,14,16,491.64,14.21,867,45,BENIGN
46677,62537,199,409,11369,3501,697,490,516.09,291.66,36,5.98,6.95,42,18,549.07,396.8,362,326,BENIGN
54404,34023,255,132,10646,12805,713,1011,629.83,276.86,29,14.88,7.77,54,4,597.29,125.24,303,6,BENIGN
49378,25565,323,434,3824,12609,532,498,1080.96,198.18,21,3.29,7.75,44,20,868.83,497.81,823,182,BENIGN
42402,23582,88,234,11155,10162,1080,1011,782.44,285.6,34,24.79,35.92,81,30,229.32,287.74,10,62,BENIGN
51657,44463,275,217,59,11341,341,761,879.08,45.17,36,4.98,40.97,35,33,439.42,261.01,539,333,MALICIOUS
44362,58908,258,498,14036,10858,1114,483,203.0,487.68,22,16.6,17.57,47,47,172.51,385.09,219,271,BENIGN
36930,49561,183,488,6883,3770,1127,658,1202.59,345.69,20,19.21,3.89,57,24,174.23,342.68,721,177,BENIGN
11496,1914,266,157,12114,1680,1125,419,1438.08,476.67,38,31.74,7.08,79,21,299.17,228.73,654,57,MALICIOUS
30141,30702,477,401,3694,12194,713,1047,416.64,320.35,32,28.47,37.63,38,10,871.38,216.78,91,281,MALICIOUS
16353,10475,156,112,2755,14590,561,866,1259.36,260.75,21,91.16,40.86,81,3,401.48,224.85,101,420,BENIGN
39372,87251,195,477,808,2161,843,985,653.35,399.0,32,34.39,1.27,63,39,480.47,392.2,351,54,BENIGN
46160,92447,42,499,11458,13037,1048,323,985.11,59.7,37,51.61,14.75,68,37,993.9,109.52,351,112,BENIGN
20066,43003,445,480,229,4553,535,759,1475.32,66.36,27,89.81,32.15,18,35,632.15,416.19,471,267,BENIGN
29728,30475,267,250,12657,4498,1359,1459,1193.35,259.7,36,93.2,4.71,88,24,155.31,255.04,240,253,BENIGN
45087,36264,117,170,4707,7061,1262,990,678.35,165.8,35,68.61,5.09,64,23,131.42,486.21,743,423,BENIGN
12660,27968,386,217,13601,4654,839,827,153.1,110.45,23,43.51,17.3,38,49,778.76,120.23,439,273,MALICIOUS
7649,11089,393,71,1852,7160,1291,174,312.38,119.04,30,5.03,27.8,40,15,836.94,302.37,23,476,BENIGN
26245,21819,137,215,5034,6670,1153,629,689.2,386.74,38,1.5,23.27,90,25,182.44,416.2,233,100,BENIGN
58600,67258,480,279,14224,11328,1023,174,1255.41,141.88,33,30.32,45.6,87,43,653.3,283.53,331,378,BENIGN
20238,58727,137,27,11895,3807,649,834,1146.53,153.81,29,66.45,4.28,54,6,510.04,346.3,24,333,BENIGN
10807,4343,39,497,6587,8414,393,669,1099.78,324.84,30,52.0,0.05,41,3,963.24,352.69,732,6,BENIGN
6035,62195,208,357,9825,4779,892,978,1295.43,219.55,34,34.03,29.96,38,37,295.36,328.46,563,445,BENIGN
5553,82054,339,458,14079,6465,1494,671,647.55,469.78,25,23.0,39.53,84,12,908.37,7.64,603,420,BENIGN
37116,40139,339,281,10492,11712,929,1129,115.75,201.06,24,92.75,38.72,5,34,870.72,78.4,150,232,BENIGN
35967,18651,82,408,5566,14434,677,744,1482.33,411.41,31,7.15,27.12,7,34,434.56,387.01,143,186,BENIGN
44044,19689,181,465,13597,6806,1054,383,1129.86,316.33,29,14.76,48.09,65,34,929.05,363.53,877,452,BENIGN
33660,95322,18,362,2087,9609,115,35,829.04,47.06,20,56.85,8.0,2,20,997.33,350.88,66,165,BENIGN
36759,97196,335,264,4020,13353,799,415,476.96,277.61,33,61.81,29.88,34,22,65.19,481.17,48,139,BENIGN
10946,64265,426,456,5075,4722,422,1134,763.1,195.08,25,98.4,43.74,38,21,65.42,227.65,943,214,MALICIOUS
17002,4816,279,132,11277,2373,1417,799,648.8,327.64,21,91.08,24.56,37,5,954.76,392.22,232,374,BENIGN
14907,3080,57,71,6858,8258,903,1210,362.42,195.2,25,47.45,30.37,36,14,771.6,259.43,777,168,BENIGN
48943,30721,66,229,14417,9555,267,659,31.56,482.4,20,4.96,2.81,85,0,337.16,90.77,234,462,BENIGN
55916,54524,296,405,3602,1885,1311,1179,740.27,154.56,20,96.93,20.83,66,33,904.44,133.27,104,27,BENIGN
2839,88095,434,208,10582,8424,1285,1363,682.29,100.96,21,15.76,41.5,57,10,136.35,278.35,520,183,MALICIOUS
1356,90781,23,174,1838,8038,1103,137,951.22,211.49,27,63.88,11.87,79,29,710.06,19.01,873,365,BENIGN
13495,79553,127,24,9916,12211,644,813,382.71,209.12,31,81.56,19.19,8,46,457.62,305.45,15,306,MALICIOUS
34233,5091,221,321,1071,9069,593,444,930.53,360.56,38,97.58,26.99,38,43,137.86,190.89,291,213,BENIGN
2340,82899,314,103,2333,3253,1398,1400,948.55,114.27,28,10.69,23.86,85,32,886.18,416.56,109,358,BENIGN
47182,37670,9,207,7184,14694,290,78,674.58,458.3,32,14.44,36.94,40,8,897.94,130.45,803,191,MALICIOUS
34117,76641,81,1,12036,14324,455,9,1099.42,191.1,36,41.18,41.79,13,19,374.26,407.04,910,86,BENIGN
11645,60404,413,384,4440,17,261,539,723.22,84.57,25,10.73,15.54,79,49,377.34,89.04,101,472,MALICIOUS
45778,47401,157,119,2632,11435,5,167,352.62,282.43,23,54.18,14.96,0,46,784.28,432.31,827,245,BENIGN
26414,6940,6,121,5228,11006,769,218,1320.79,265.4,27,49.07,3.79,16,0,146.53,235.97,757,250,BENIGN
17020,12359,430,239,890,6674,438,1074,30.22,114.51,39,21.21,24.78,2,35,401.8,215.72,803,27,BENIGN
14367,93007,138,477,7688,10635,1306,147,128.53,150.55,34,74.48,2.43,40,40,101.64,82.38,789,287,MALICIOUS
58790,63644,443,200,12901,1296,498,555,752.51,30.0,34,38.59,5.26,39,23,556.2,450.15,763,211,BENIGN
43577,7708,353,156,9008,10460,1152,224,1044.8,365.7,34,71.58,32.97,7,4,288.07,213.82,103,458,BENIGN
8839,43578,498,114,9534,4664,1040,209,379.88,212.81,25,52.83,33.54,77,33,816.21,112.86,403,299,BENIGN
58730,3423,453,395,636,5176,355,680,1025.43,343.14,25,26.73,21.02,45,3,746.36,200.2,537,490,BENIGN
17744,90867,3,466,6698,4521,1299,1446,241.1,403.75,39,26.27,1.77,80,16,617.89,424.03,529,54,MALICIOUS
63450,26504,239,267,13361,11933,143,555,288.06,336.96,30,33.98,42.5,2,18,48.63,73.87,707,462,BENIGN
30175,96219,257,322,3866,12548,953,813,689.48,119.27,28,4.71,15.38,9,16,212.17,470.23,135,242,BENIGN
20433,15922,201,417,909,13816,131,781,505.21,198.0,27,44.56,7.68,66,31,351.56,54.02,736,240,MALICIOUS
50919,88937,497,58,9248,1790,1450,915,623.37,88.79,27,84.72,29.98,87,10,512.75,207.4,796,438,BENIGN
9867,865,359,491,14187,3737,1085,555,900.41,191.95,31,16.47,9.94,51,10,120.7,214.15,648,230,BENIGN
32244,86826,407,385,6607,8879,281,1102,863.67,418.19,27,50.92,24.59,18,31,634.36,183.67,780,15,BENIGN
38395,62230,160,402,3512,12985,1262,460,442.77,442.74,20,20.33,21.76,68,22,230.75,203.38,394,73,BENIGN
29172,88286,336,152,6262,5279,586,31,803.12,489.5,34,6.08,23.47,15,49,553.86,77.97,6,211,BENIGN
37255,98677,24,257,1647,7446,883,1384,309.48,418.45,21,24.08,21.62,6,1,705.52,378.64,18,267,BENIGN
60900,77776,419,60,7006,3774,778,636,594.14,462.18,34,77.35,9.78,18,41,183.74,264.81,164,66,BENIGN
40864,23196,12,140,5126,12582,658,483,234.17,366.03,33,66.6,42.76,24,30,46.71,476.61,153,373,BENIGN
14031,31149,438,35,136,1905,169,683,389.66,92.52,28,40.67,2.26,44,4,310.16,315.81,992,272,MALICIOUS
42207,28663,473,161,8267,12589,764,1204,1415.22,39.55,35,13.65,27.33,95,27,878.06,18.88,512,449,BENIGN
53131,22056,103,371,4590,878,259,578,1310.26,227.13,25,63.27,3.69,65,31,660.86,433.44,9,3,BENIGN
12811,44862,136,360,7728,1322,1434,930,857.47,408.45,26,98.46,17.63,96,37,170.65,387.3,257,103,MALICIOUS
16050,70250,406,229,2275,8322,1183,1095,270.08,178.89,22,6.86,45.02,41,34,599.1,50.71,452,378,BENIGN
32123,20729,394,464,7189,1677,284,1039,477.78,335.8,35,98.07,2.66,12,16,984.45,212.09,713,381,MALICIOUS
5000,8081,122,300,3898,2633,1079,562,1269.47,488.9,20,16.77,21.59,45,4,805.68,372.7,727,400,BENIGN
29576,1936,132,153,13262,7840,1151,262,191.01,378.92,22,99.55,25.81,19,10,654.97,39.58,336,237,MALICIOUS
30974,94934,303,328,8912,13958,1307,18,726.37,420.81,22,71.78,20.38,48,41,126.02,192.19,993,125,BENIGN
42004,5546,5,55,10810,5889,32,457,1439.32,178.97,30,48.49,31.38,26,36,351.54,379.1,852,123,MALICIOUS
8709,46687,454,22,2284,14420,66,1366,24.79,15.04,30,16.33,21.41,60,24,561.84,105.29,617,248,BENIGN
64608,17879,275,420,10967,2437,406,468,780.36,306.32,24,24.6,15.48,60,25,491.5,332.64,401,393,BENIGN
31997,3040,240,234,1725,9918,1471,971,1371.07,196.05,28,52.61,37.52,42,10,56.67,248.18,370,408,BENIGN
56890,48577,201,403,5174,7725,859,771,805.81,241.17,30,53.62,2.77,74,3,462.0,367.16,513,270,BENIGN
45037,36582,186,97,2042,1819,14,500,275.75,4.18,22,30.37,12.75,26,20,861.61,393.98,536,81,BENIGN
37525,76853,160,328,4114,10780,930,668,792.09,396.07,27,91.0,22.67,84,12,501.23,474.38,130,203,BENIGN
36955,6011,445,345,10972,536,1197,1456,737.91,200.08,31,88.12,45.04,46,27,225.97,238.48,205,420,BENIGN
11298,21497,185,162,1711,14316,712,1427,698.8,476.48,20,92.24,13.35,24,48,572.79,161.6,326,382,MALICIOUS
29055,41057,132,99,6659,8196,1031,1329,104.41,225.78,35,66.66,31.83,73,10,174.8,394.64,318,352,BENIGN
16514,22022,219,183,9729,6073,133,982,858.67,377.86,32,32.41,25.31,4,12,622.17,182.7,584,322,BENIGN
36158,40868,159,71,14583,12498,608,595,1005.32,365.2,38,52.18,38.74,37,48,635.89,423.1,193,119,BENIGN
60051,2538,149,54,10984,1715,1453,672,1212.99,2.51,26,87.58,12.12,62,16,951.27,355.76,851,364,BENIGN
22979,96132,274,107,630,5271,859,2,577.44,286.47,26,11.19,5.5,7,13,245.78,340.95,930,201,BENIGN
61897,79649,187,423,11822,14892,1312,780,1271.06,417.99,25,29.97,24.49,31,12,84.75,442.1,497,97,BENIGN
58863,3467,482,115,6412,13333,1322,1015,1325.04,27.6,22,18.68,4.96,15,32,677.12,95.0,86,77,BENIGN
25828,49938,120,412,2749,13897,1189,919,1400.7,357.66,33,64.69,40.35,92,33,970.21,302.03,92,402,BENIGN
12990,81970,8,115,3105,7884,784,724,1073.63,88.98,20,6.47,46.72,36,26,917.08,247.37,34,18,BENIGN
45840,59490,201,181,5332,9222,1263,1484,852.08,452.31,29,71.63,16.0,0,33,501.37,276.74,978,54,BENIGN
14927,35954,395,176,12348,10516,30,351,1249.39,84.98,21,71.45,15.5,85,36,655.97,355.76,147,445,BENIGN
36247,7796,386,191,2832,2250,345,1313,611.69,360.99,26,91.39,13.95,50,33,507.68,71.8,929,458,BENIGN
8483,5625,37,364,14253,11026,987,1076,400.78,98.9,26,13.44,25.57,19,7,722.01,337.2,698,121,MALICIOUS
37288,68714,51,177,3740,11726,1315,513,418.77,30.29,24,74.41,9.39,24,47,205.35,298.66,804,139,BENIGN
10555,79414,417,235,1374,3973,1093,958,800.5,140.88,31,67.11,4.87,87,46,303.45,406.11,22,226,BENIGN
10641,94804,394,59,9372,12799,1073,962,653.11,273.25,28,83.08,26.85,91,7,834.15,227.08,69,340,BENIGN
8648,59011,133,38,9924,10451,467,1063,1057.57,403.47,30,63.57,32.08,83,16,861.19,169.61,962,112,BENIGN
23619,4473,220,142,11139,9869,1451,368,569.28,168.99,23,17.13,21.79,38,14,614.49,328.0,790,340,BENIGN
22374,45756,254,171,11856,6147,122,1337,646.75,273.68,34,43.69,18.75,86,25,192.14,34.51,149,14,BENIGN
3977,61347,87,7,8850,2765,372,1213,1195.23,114.51,22,58.35,35.68,71,12,439.98,67.09,364,277,MALICIOUS
22169,31889,261,136,5185,13876,203,535,1201.79,475.76,23,70.16,10.75,13,34,134.63,123.68,701,10,BENIGN
48096,20988,489,320,4016,12189,1027,1466,1105.25,285.9,34,93.46,0.39,25,31,727.41,256.95,847,383,BENIGN
3228,94077,164,286,5450,7725,32,641,1049.68,450.69,38,13.16,42.2,4,47,846.89,72.15,412,414,MALICIOUS
55210,26061,166,244,3301,2720,813,431,180.91,387.13,39,56.27,23.66,92,4,282.28,172.55,631,264,BENIGN
31481,92061,55,486,10441,10423,810,411,1129.78,418.26,31,0.42,14.43,39,47,552.27,224.1,917,393,MALICIOUS
1590,98541,40,179,10962,14944,113,107,134.83,342.18,36,85.03,17.26,84,33,670.99,301.88,614,335,BENIGN
22948,21338,27,160,3789,9095,47,1391,1397.15,118.92,21,88.55,29.78,61,45,231.91,322.0,132,413,BENIGN
15999,55825,318,186,6653,14101,592,605,850.48,221.62,28,1.31,7.37,78,25,808.71,259.05,977,157,BENIGN
59971,25508,308,86,1044,7526,91,1033,1175.51,276.54,24,75.4,43.46,0,13,64.48,454.52,710,274,BENIGN
11362,31400,201,6,8949,6100,24,572,932.81,105.66,37,80.59,35.06,51,41,966.33,0.95,795,114,BENIGN
29190,7511,383,16,13968,8482,66,149,692.87,386.35,32,52.14,9.63,80,32,558.56,401.52,533,226,BENIGN
45272,27191,458,399,5992,9150,216,1325,1347.21,94.17,22,38.55,23.49,67,5,500.89,298.8,489,119,BENIGN
42660,8621,326,458,1338,3910,1197,63,775.38,413.03,27,97.21,32.79,41,28,505.38,395.49,653,135,BENIGN
64661,13429,265,122,827,13672,1013,612,220.93,417.87,31,31.25,48.89,86,10,563.11,379.52,808,352,BENIGN
30114,16427,3,77,4565,3379,658,1322,806.18,65.32,39,53.09,44.59,53,18,274.61,412.68,29,215,MALICIOUS
14672,68462,334,498,12935,9583,887,770,543.54,342.74,34,1.77,32.92,77,49,992.33,123.22,82,172,BENIGN
54764,39217,427,209,12504,4936,1306,575,681.23,47.67,21,47.06,26.98,48,29,159.72,166.6,76,66,BENIGN
40278,55486,209,127,13253,7220,901,454,179.05,111.89,33,61.86,27.8,62,7,7.4,417.19,476,269,BENIGN
46112,32220,132,25,13016,12390,516,1052,967.26,361.79,38,36.25,41.21,85,0,508.86,212.66,939,245,MALICIOUS
28888,30542,123,306,14492,14222,1158,1052,164.54,467.72,21,80.94,45.14,84,18,234.06,151.92,18,314,BENIGN
50572,41989,444,172,843,3758,501,1213,527.27,47.7,24,37.57,20.56,67,19,727.79,132.08,211,11,BENIGN
57405,20854,87,394,1716,1322,1289,660,591.27,272.77,26,14.07,27.24,46,47,362.09,11.31,471,483,MALICIOUS
37068,37066,363,312,6275,4185,567,1016,115.38,325.41,33,55.03,33.1,33,6,441.08,253.89,544,25,BENIGN
37400,19700,120,405,12896,6553,1034,985,516.52,348.5,32,51.11,12.58,38,32,336.94,239.09,860,466,BENIGN
52537,80626,255,153,12025,7238,1143,1149,1317.77,224.93,34,59.27,35.62,54,27,634.82,349.76,683,91,BENIGN
7538,51632,179,156,10523,2828,220,700,1111.54,104.35,38,65.58,41.18,89,9,284.27,128.03,608,226,BENIGN
23776,88760,197,488,12169,7490,503,1011,824.61,157.17,26,86.14,12.93,15,46,486.42,491.02,742,457,BENIGN
32685,16075,116,10,11361,4559,1160,925,139.78,337.47,39,48.2,2.55,67,48,612.42,78.64,898,43,BENIGN
39487,33428,431,370,12240,3977,12,464,845.23,108.56,39,64.32,31.84,47,11,698.79,479.51,86,375,BENIGN
13730,10404,131,472,3673,13993,1125,1467,1208.85,3.41,31,40.22,39.17,78,35,568.87,303.38,130,321,BENIGN
36890,24430,98,100,3821,3728,394,783,933.69,90.14,23,32.85,9.49,17,38,118.21,412.2,495,247,BENIGN
47243,45161,150,425,12318,9518,1042,977,439.88,412.85,32,66.03,40.38,61,15,153.09,195.15,694,478,BENIGN
35297,41664,67,251,3536,5042,1322,972,479.49,351.91,31,34.44,7.92,66,32,797.68,90.78,924,409,MALICIOUS
28115,21674,427,83,13811,9410,1449,1020,83.49,226.74,39,18.23,6.35,90,24,371.08,215.43,906,300,BENIGN
39032,50421,289,311,7519,1301,80,929,357.45,361.45,25,48.57,14.76,81,17,953.75,126.96,68,37,BENIGN
4038,46400,183,495,12296,859,21,37,1373.85,10.08,21,46.35,18.65,71,19,284.48,445.98,878,476,MALICIOUS
46558,79980,492,311,742,4698,805,807,528.61,93.64,29,93.45,20.43,11,43,133.55,453.37,743,489,BENIGN
9986,23306,212,13,13742,14102,281,1238,258.67,17.11,23,18.01,39.71,28,6,131.75,188.73,732,398,MALICIOUS
57080,94747,451,24,9401,1925,1160,1411,949.62,143.18,27,25.62,38.07,90,12,186.68,292.08,492,107,MALICIOUS
3738,23782,301,116,13650,4598,283,1252,833.43,216.49,33,56.44,1.35,83,37,271.53,184.17,463,292,BENIGN
21152,44926,50,461,9047,3105,70,227,1039.99,45.74,39,26.37,4.61,1,9,381.74,63.02,919,43,BENIGN
31401,89419,289,311,7318,6969,768,1225,185.43,205.52,36,73.96,3.02,79,15,299.87,127.56,488,159,BENIGN
51701,40187,472,480,2361,2804,1249,1132,1091.35,403.1,33,39.25,3.19,83,9,938.11,377.64,165,350,BENIGN
56003,22242,12,383,14753,1262,110,80,1006.21,429.88,31,88.72,35.01,3,12,414.25,8.37,87,251,BENIGN
26670,57762,462,446,3947,650,281,634,703.46,157.28,29,23.73,27.28,15,11,288.49,167.06,980,417,BENIGN
60218,65808,323,83,5903,8982,690,539,954.15,271.32,31,87.93,25.1,36,8,121.36,83.37,416,288,BENIGN
35976,98938,236,0,2814,9595,69,959,508.32,115.75,38,50.8,38.11,49,21,234.88,353.91,85,348,BENIGN
41909,50193,25,196,9169,14017,1346,1327,1439.1,367.85,28,44.33,23.13,21,49,535.56,65.0,949,102,BENIGN
48430,21550,141,181,5856,14213,561,497,1482.34,22.64,31,23.65,1.6,12,42,31.7,475.15,923,365,BENIGN
15063,19567,497,313,6956,2303,646,773,257.38,494.33,36,15.79,36.45,0,16,22.47,35.96,267,122,BENIGN
7210,11378,253,231,7152,8380,620,901,1033.97,403.34,26,29.88,49.44,32,15,64.94,353.47,507,369,BENIGN
53925,42409,210,123,13990,14267,1217,679,231.73,462.0,23,32.26,49.23,0,14,936.83,315.88,0,497,BENIGN
17491,67989,47,452,6200,10683,1291,812,400.57,47.59,25,31.75,3.57,16,2,589.74,143.04,359,488,MALICIOUS
59826,78014,365,92,2384,4846,66,1123,1100.92,473.08,21,27.9,36.85,2,36,658.78,277.79,865,287,BENIGN
46718,89390,347,92,3726,12868,942,26,981.25,153.81,31,11.4,11.27,0,15,380.74,327.06,195,160,BENIGN
53073,65892,88,155,4458,12524,821,796,1373.67,230.08,36,35.19,48.0,21,15,336.54,145.84,683,199,MALICIOUS
1669,21176,236,31,6624,4527,825,626,1284.09,237.05,30,48.22,27.11,48,13,451.51,307.07,173,175,BENIGN
48593,33212,262,350,9652,9568,1246,525,1107.09,394.89,34,62.95,47.95,40,47,408.48,232.32,444,332,BENIGN
33125,40449,336,392,10784,1044,213,962,548.16,1.71,31,43.8,5.23,45,38,629.09,265.22,89,139,MALICIOUS
15085,97366,430,356,11569,7984,1425,668,545.9,294.15,29,25.03,24.63,62,43,975.1,29.87,186,499,MALICIOUS
49472,27677,194,447,1151,8645,366,1408,65.14,394.45,26,66.65,38.62,85,41,998.62,271.57,120,383,BENIGN
26299,52951,277,343,14300,11076,765,724,810.82,440.05,27,52.81,23.44,31,31,453.17,147.3,818,291,BENIGN
60266,62189,105,23,10461,4194,316,1080,1028.22,104.78,26,38.79,0.46,4,33,10.72,431.94,398,264,BENIGN
1814,4376,282,396,2936,9341,1232,1188,840.88,295.46,38,90.57,42.7,0,2,143.48,479.64,470,237,BENIGN
42412,56620,365,114,9600,2709,768,850,1452.47,78.42,38,47.35,24.09,81,13,586.55,133.3,590,443,BENIGN
30497,37060,196,196,1117,6267,1414,434,51.67,428.87,27,89.09,31.12,49,0,105.53,116.59,513,75,MALICIOUS
33975,26644,102,264,13116,8307,393,1142,1496.51,469.47,30,61.06,38.46,82,3,735.91,235.86,510,55,BENIGN
26783,43897,8,98,10330,12447,481,1475,617.64,338.8,38,61.36,26.66,67,30,907.59,368.69,500,305,BENIGN
40646,37220,34,221,1427,11225,192,1010,858.84,360.07,26,79.71,27.93,23,3,6.51,1.74,285,497,BENIGN
11417,13508,273,13,1209,5591,721,498,665.52,379.46,27,2.97,20.86,29,24,152.77,159.36,964,52,MALICIOUS
31215,37949,275,303,6736,12817,82,272,1121.78,401.07,22,84.5,7.38,21,24,801.89,93.85,821,157,BENIGN
13793,59901,218,144,14964,553,439,295,565.23,478.25,32,58.66,12.01,98,19,740.27,152.15,193,32,BENIGN
40410,86687,170,420,9994,8353,472,184,1491.8,496.26,36,85.66,48.94,26,24,283.01,255.33,692,335,BENIGN
37249,72509,390,354,2847,4395,1162,1260,1425.12,416.64,32,0.97,44.17,5,8,614.49,16.08,191,477,BENIGN
53714,56749,143,101,6150,9813,438,888,448.01,65.09,27,19.55,45.43,75,39,376.9,308.04,193,39,BENIGN
16657,26502,219,15,2351,1354,327,873,957.14,233.41,29,43.03,39.55,19,42,298.92,477.03,457,85,BENIGN
30186,35256,71,116,9997,6997,786,1492,807.14,73.42,28,28.66,22.83,75,45,886.52,252.76,869,127,BENIGN
14526,51904,295,453,14056,14094,748,683,1069.46,352.21,28,43.1,3.53,98,34,218.76,382.75,610,316,MALICIOUS
22738,92683,259,304,3967,3297,777,51,337.13,403.09,20,45.22,5.59,50,20,719.34,301.12,234,448,BENIGN
52577,53196,188,469,14295,13203,437,69,668.23,194.07,22,36.94,1.57,68,44,170.77,332.14,926,428,BENIGN
8875,25059,275,30,14121,1175,1441,1477,406.3,216.77,38,95.83,11.73,98,0,999.98,177.09,575,278,MALICIOUS
63439,29438,473,403,6191,9310,556,1106,919.46,63.74,21,85.33,48.82,31,46,488.4,456.45,818,409,BENIGN
64110,24866,414,278,9421,8310,882,274,1073.35,479.68,28,51.32,3.92,53,4,166.3,317.57,322,88,BENIGN
28139,64480,415,188,2117,1896,1499,674,896.83,314.95,37,31.98,23.71,96,3,232.36,306.82,343,171,MALICIOUS
15399,59318,49,273,1669,3032,89,708,22.34,44.55,24,11.13,12.64,59,23,821.31,188.52,971,395,BENIGN
17760,55942,172,133,14819,13633,671,632,32.9,425.47,32,78.87,46.56,78,7,963.75,96.39,345,179,BENIGN
21060,90825,324,126,7495,4876,1294,585,214.37,300.43,24,6.39,12.82,91,35,522.78,130.01,81,352,BENIGN
2490,98043,188,360,12384,9783,44,802,462.39,456.79,39,56.78,48.58,80,0,972.11,335.56,47,38,MALICIOUS
56912,68532,200,375,6950,2470,99,975,1255.7,65.75,26,77.42,21.55,86,14,102.19,339.41,480,52,MALICIOUS
34358,26721,421,172,8903,10237,915,422,512.22,165.04,39,75.53,34.5,38,39,607.84,127.37,963,26,BENIGN
34266,72204,134,403,1814,314,791,1357,170.52,442.45,28,21.1,39.38,72,2,879.49,444.34,725,489,MALICIOUS
23850,74225,338,488,596,4064,608,291,330.66,104.09,25,43.96,39.52,77,44,199.97,125.11,308,193,BENIGN
6893,40156,403,377,3031,3415,446,880,347.63,22.45,30,1.16,22.65,1,13,500.84,11.21,978,344,BENIGN
8217,10713,399,367,597,8139,82,37,698.81,405.5,39,73.51,40.06,71,10,827.09,376.44,607,407,MALICIOUS
56458,21285,12,363,8498,13673,1080,652,970.44,12.64,25,91.09,6.97,27,15,815.86,87.2,449,346,BENIGN
26616,33280,429,179,5781,3390,1353,796,805.89,235.97,35,12.96,35.86,70,12,56.58,460.39,982,286,BENIGN
59370,77400,112,451,7873,5338,465,230,207.67,55.45,27,80.96,18.69,51,37,386.99,237.77,879,331,BENIGN
32531,71671,350,56,10540,13199,1471,1166,994.27,278.46,38,10.68,24.52,0,28,419.19,209.61,816,64,MALICIOUS
22201,12994,407,111,8626,13561,595,742,1429.95,279.54,24,33.33,14.39,50,35,567.25,319.15,279,66,BENIGN
3598,35161,398,140,7665,4994,1147,390,383.76,373.91,32,30.71,35.98,38,7,161.67,298.87,999,377,BENIGN
61866,48282,149,267,2322,8177,945,1109,1400.4,364.84,21,83.92,47.86,35,19,389.03,114.99,797,358,BENIGN
31054,36580,406,89,3239,2144,232,835,632.51,374.25,38,25.4,34.6,58,48,654.97,115.92,49,181,MALICIOUS
42383,13655,93,252,9817,14812,897,413,1479.19,199.63,35,69.81,48.29,84,30,138.86,195.85,605,300,BENIGN
10018,9238,198,409,2954,11146,1413,643,6.72,199.76,36,22.82,22.23,12,28,654.8,226.42,332,261,BENIGN
23588,82421,382,487,11104,10823,1393,891,1420.22,310.91,38,76.3,16.76,21,19,417.74,471.84,237,396,BENIGN
45700,45136,46,277,10722,4451,96,69,34.72,209.49,35,23.28,14.07,73,31,232.63,291.97,474,43,MALICIOUS
10519,48146,373,73,3772,4685,903,1414,1345.57,27.46,23,69.91,32.43,64,8,329.16,195.3,71,92,BENIGN
64923,18908,48,296,7449,10489,873,1462,1493.33,309.4,37,18.88,16.06,33,23,807.22,39.82,811,263,BENIGN
31847,80528,468,473,13391,13616,405,343,714.94,323.51,29,72.18,37.73,72,12,688.52,490.55,607,354,BENIGN
38236,475,398,129,11587,10672,242,708,837.36,272.39,38,28.92,37.68,37,37,409.77,266.57,618,132,BENIGN
19127,4303,196,219,7557,1708,1376,1093,1126.63,258.6,24,43.55,0.88,98,17,924.82,135.09,763,293,BENIGN
14560,28792,33,162,4115,8219,1244,812,1093.7,214.89,30,85.91,23.6,12,17,768.62,261.58,272,171,BENIGN
16181,94473,242,168,2023,2774,915,1279,774.7,215.81,25,16.49,7.86,71,38,890.28,228.14,635,285,BENIGN
2546,57789,279,310,5450,525,1011,333,1403.18,393.1,26,98.19,16.76,22,9,242.08,393.24,480,394,BENIGN
59493,93696,140,221,12880,12896,1482,637,1153.75,131.56,20,54.65,7.48,30,1,932.6,246.88,71,322,MALICIOUS
45584,62047,333,423,14651,6176,304,947,495.45,378.23,39,68.59,25.97,14,29,53.13,309.69,83,373,BENIGN
14756,67901,102,7,5969,2466,730,455,1010.63,263.21,20,35.13,19.48,57,40,161.04,410.47,398,325,BENIGN
22672,46298,437,145,587,4149,1432,812,85.75,469.88,31,55.41,17.34,92,24,417.59,78.4,844,176,BENIGN
1043,16603,394,168,9235,8316,599,1096,769.76,139.4,34,66.04,44.35,89,33,309.72,205.68,180,107,BENIGN
23847,84013,293,308,7579,9075,567,750,199.68,351.73,37,28.76,22.47,96,25,935.63,453.77,714,278,BENIGN
20846,57079,175,237,4699,4096,439,1481,1148.07,148.64,29,75.7,31.49,93,21,376.39,491.37,793,481,MALICIOUS
26599,35589,16,221,1007,2992,343,664,1128.27,462.52,37,17.59,2.48,29,3,669.14,79.07,333,341,BENIGN
24436,90220,264,223,9386,5003,564,554,883.61,421.06,36,70.61,49.75,71,12,488.08,410.86,27,296,MALICIOUS
5225,43191,487,143,3950,13968,647,657,267.31,49.63,22,66.16,12.22,53,20,566.2,187.52,114,10,MALICIOUS
5074,64923,278,481,12631,14995,229,1003,92.82,164.39,26,6.25,7.48,55,44,834.79,308.02,915,180,MALICIOUS
21291,88788,263,56,3586,2205,1207,144,305.2,477.81,33,32.14,13.18,51,13,518.85,230.86,507,167,BENIGN
54751,4913,425,235,5568,1929,1028,711,402.83,172.33,22,17.64,3.64,89,43,176.27,201.09,711,365,MALICIOUS
54419,93698,277,497,3899,11117,968,630,275.54,131.51,31,37.74,17.39,89,13,326.86,132.67,793,52,BENIGN
9489,82987,326,366,8185,4791,1252,932,1350.88,444.58,35,64.2,12.82,49,31,557.09,434.64,341,320,BENIGN
42456,88873,55,302,12503,11307,607,789,227.01,128.47,30,25.13,3.29,49,17,552.36,314.71,661,242,BENIGN
26038,73186,394,378,14152,9207,763,1154,1346.44,320.85,34,67.91,23.77,25,10,236.28,359.84,476,8,MALICIOUS
20924,78261,364,20,2489,7136,1434,716,882.74,334.0,24,79.72,37.8,90,14,946.18,87.02,20,161,BENIGN
12195,59245,480,227,13041,2295,345,413,1059.59,343.46,31,86.75,27.34,27,2,803.51,201.38,360,283,BENIGN
43691,38850,154,330,10779,2527,669,419,1434.99,22.74,29,9.29,23.51,83,36,999.86,235.41,693,37,BENIGN
51596,56579,404,312,12135,9044,201,904,113.49,435.85,25,25.27,36.38,94,47,948.82,112.49,96,421,BENIGN
7636,41624,443,250,8834,7832,534,1104,1496.0,378.67,39,1.77,37.49,88,17,530.5,296.18,331,332,BENIGN
63655,63932,248,255,9694,10720,1032,717,63.46,5.81,33,93.13,32.41,15,49,140.0,159.92,640,201,BENIGN
15778,44987,295,313,9543,8850,191,238,705.27,157.28,31,29.16,41.11,68,40,833.28,277.79,209,343,BENIGN
38632,19786,481,215,2246,13457,292,565,1351.68,342.01,25,78.83,21.92,52,25,316.44,45.32,688,210,BENIGN
38784,80364,192,310,8150,7399,711,319,490.91,431.96,26,37.99,30.97,3,4,180.27,137.44,823,371,BENIGN
63889,13360,452,119,11144,10305,971,840,1168.38,321.09,25,35.39,22.82,9,33,413.49,239.24,633,345,BENIGN
42090,69879,172,150,8558,9931,601,547,600.37,73.12,27,82.81,3.15,62,46,491.2,347.23,873,463,MALICIOUS
61409,12749,352,470,3638,544,1319,566,1231.4,200.92,33,52.06,12.85,25,21,305.14,128.65,796,33,BENIGN
30572,48691,442,42,5066,5780,554,533,281.15,230.23,39,2.27,9.52,52,40,984.17,180.13,110,156,MALICIOUS
44012,56353,329,269,4677,8694,1338,248,655.1,170.32,32,33.48,42.7,78,19,126.0,181.27,638,240,BENIGN
25614,69026,151,394,11970,1656,83,446,915.29,9.05,21,49.21,47.63,18,14,252.98,346.71,616,428,BENIGN
11153,68878,398,16,6676,10710,50,808,981.17,160.7,29,42.63,36.72,21,17,919.66,432.42,660,73,BENIGN
11276,9889,426,330,7384,163,834,326,111.66,269.87,27,90.4,10.95,43,13,229.49,287.49,867,446,BENIGN
58309,27359,66,68,11655,13027,479,185,483.46,277.64,31,54.8,5.66,22,9,950.95,25.62,729,300,BENIGN
21524,39993,369,400,2490,6285,291,1284,785.97,130.85,28,1.99,17.68,56,12,898.17,75.06,836,348,BENIGN
15928,92557,88,454,12880,8238,1358,1110,929.57,333.72,29,18.22,25.13,5,15,970.85,213.46,459,318,MALICIOUS
25992,97163,223,194,5910,14257,68,172,635.7,278.55,36,21.84,18.74,4,46,15.29,463.89,932,169,MALICIOUS
11737,56238,295,116,10640,7012,1220,1227,713.08,256.26,21,24.31,9.46,88,47,313.74,204.36,506,124,BENIGN
48518,71016,3,354,13152,14657,1358,639,1275.0,499.69,22,50.42,31.46,60,25,88.25,325.29,185,200,BENIGN
16828,14668,285,81,8560,13080,315,404,314.33,310.21,22,66.54,28.25,97,48,602.43,299.3,284,179,BENIGN
22005,34519,100,72,1258,8826,182,882,1421.95,240.52,21,92.59,44.9,25,2,382.72,130.92,952,478,BENIGN
21332,29839,138,303,985,9375,1378,1046,1436.72,220.64,39,39.17,0.36,43,7,963.22,472.83,672,178,BENIGN
62273,45498,107,215,5165,13965,1184,224,193.86,458.05,37,68.34,7.61,11,8,245.0,165.02,12,176,BENIGN
52078,70893,485,359,3755,5071,779,1481,165.52,463.67,24,2.59,44.32,9,16,524.8,489.95,300,202,BENIGN
31192,40813,301,416,10847,7245,1351,260,1330.47,331.9,24,10.91,7.4,99,34,614.47,281.87,925,248,BENIGN
18090,77782,257,184,10081,1812,468,634,1346.7,73.11,33,99.88,31.13,87,7,564.76,148.19,435,34,BENIGN
8015,37930,335,367,14102,14849,882,1396,1062.78,200.36,29,25.84,46.42,78,23,517.04,378.41,583,155,BENIGN
16872,35538,238,357,14219,7926,190,1085,1483.06,315.68,34,71.91,23.35,20,48,372.93,469.42,617,442,BENIGN
30643,54892,152,154,13552,4430,26,526,1312.38,154.83,27,4.31,33.15,59,31,41.89,241.56,818,184,BENIGN
12734,23237,416,321,625,3339,995,87,557.95,114.75,32,49.21,10.09,77,39,166.16,198.09,148,194,BENIGN
52499,36517,380,249,5602,9258,1273,558,1250.65,422.79,39,31.82,26.63,4,38,91.48,91.71,586,150,BENIGN
3279,46999,386,330,12566,8176,440,752,1041.61,194.63,35,75.57,36.78,39,47,856.4,491.21,524,311,BENIGN
4613,1677,102,45,12661,420,934,320,1313.0,168.21,33,48.96,38.48,24,44,137.07,340.96,720,182,MALICIOUS
39155,71643,255,216,5069,3113,1049,563,1083.8,188.67,31,71.57,25.83,9,47,914.54,334.44,704,300,BENIGN
65250,10041,135,495,13419,6754,555,59,472.08,224.29,21,2.39,17.7,86,7,628.45,486.17,214,498,BENIGN
33600,74858,15,225,4783,3968,318,990,173.91,410.94,39,3.91,18.73,80,8,852.05,81.06,23,112,MALICIOUS
17590,32506,160,353,7584,12929,1457,753,90.19,454.77,31,63.96,24.1,87,47,17.78,470.63,312,12,BENIGN
25094,37803,387,386,9654,13538,382,141,1109.56,146.44,21,95.67,4.55,41,36,925.29,326.73,934,110,MALICIOUS
62476,17137,491,397,1902,7658,198,282,70.85,307.53,36,1.95,1.0,61,40,804.48,257.27,645,392,BENIGN
44661,25833,460,467,13350,13600,231,1330,520.34,461.58,20,30.2,32.98,83,7,716.59,388.61,582,241,BENIGN
55413,39057,356,164,9373,8125,1103,681,269.74,53.84,25,49.26,7.36,80,30,635.81,314.73,848,358,BENIGN
33738,60022,245,41,7485,11977,684,622,380.96,487.16,27,16.45,31.63,63,38,710.01,153.18,194,157,BENIGN
44682,1330,383,342,5654,13221,1458,1036,986.86,182.01,26,96.89,22.67,37,41,995.73,28.03,507,455,MALICIOUS
47168,16901,351,396,5874,14644,783,669,481.41,313.08,27,44.39,30.2,32,33,623.18,265.25,650,9,BENIGN
8987,79649,411,436,1551,2370,67,587,1145.96,465.49,24,23.77,15.85,77,18,221.92,226.24,352,276,BENIGN
7770,9109,344,242,11415,6280,1017,1409,723.64,131.28,20,79.44,38.36,38,42,410.0,293.53,653,29,BENIGN
29746,99067,415,242,9664,4148,663,493,121.47,71.75,20,24.79,18.38,0,9,83.13,320.14,153,446,BENIGN
32448,78312,260,499,7993,11472,544,224,368.46,493.47,39,76.53,21.83,87,42,299.35,101.97,218,120,MALICIOUS
34744,95322,488,325,8098,14271,23,1435,1325.03,217.93,36,37.7,5.57,73,16,996.6,181.19,238,251,MALICIOUS
12839,32017,372,268,12126,6500,289,693,39.32,10.39,26,74.55,33.74,29,1,9.6,238.83,247,31,BENIGN
4135,12978,72,204,9933,12704,1358,1085,536.36,228.6,28,13.06,43.86,89,45,973.45,14.38,105,310,BENIGN
56449,11421,65,468,4198,14133,1233,716,1428.56,145.68,29,53.21,47.07,39,19,428.57,206.51,127,306,MALICIOUS
3710,35142,435,30,2787,2512,1038,193,1358.89,240.38,23,77.96,16.07,12,27,299.23,60.16,962,377,BENIGN
61016,17701,438,213,11820,9911,767,1432,627.85,441.95,27,40.36,27.38,57,16,551.09,158.72,2,80,BENIGN
11898,25397,142,209,13739,12002,1213,1374,1483.7,386.96,24,47.54,32.06,72,19,528.7,54.22,302,463,BENIGN
49162,74630,378,203,714,6927,847,924,116.35,146.04,22,54.45,23.45,20,3,391.49,263.44,302,205,BENIGN
44705,72580,137,421,10647,1045,1100,133,1279.48,84.53,30,13.88,10.98,21,42,326.08,241.65,484,140,MALICIOUS
14016,73271,195,166,7723,13680,860,1112,676.5,411.26,20,74.37,13.42,6,3,582.32,422.07,765,436,BENIGN
35573,35428,225,99,12052,14107,735,730,449.8,456.33,25,81.45,32.89,20,32,987.96,3.29,68,422,BENIGN
50034,32643,221,369,6559,11329,922,215,98.27,259.33,27,41.88,4.28,3,18,250.33,442.01,666,160,BENIGN
1860,30250,334,271,5941,11818,863,1060,1176.92,187.92,34,66.74,0.72,71,23,859.94,345.54,669,4,BENIGN
26111,84102,38,32,2714,1340,850,901,947.8,361.59,28,89.5,40.34,72,49,969.41,443.52,111,78,BENIGN
58618,15091,219,126,2163,1444,1132,680,1413.48,325.31,30,36.93,17.64,8,41,642.3,302.26,452,421,MALICIOUS
21317,60342,139,120,12807,644,1218,190,960.43,209.41,33,79.91,48.46,68,13,645.08,25.25,495,391,MALICIOUS
26593,65445,209,276,1001,7996,70,1464,1287.29,160.18,23,4.38,1.04,44,8,906.24,230.79,744,237,BENIGN
4926,7948,242,485,13007,6880,559,607,1108.92,328.84,22,2.16,33.97,0,14,905.62,325.01,498,426,BENIGN
22668,19012,136,43,10057,14140,275,805,1474.86,221.19,35,50.2,14.57,31,28,905.46,42.52,873,296,BENIGN
2998,3558,15,218,9807,6612,367,769,589.58,190.47,22,36.93,12.4,39,42,540.58,129.66,3,196,MALICIOUS
2090,6070,387,197,1972,10530,235,582,1119.35,160.27,35,54.22,45.29,63,35,791.58,470.19,440,367,BENIGN
7656,49940,211,384,5755,10379,699,1112,417.25,465.45,21,51.8,38.72,15,42,897.66,382.79,240,198,MALICIOUS
19981,96515,84,485,6684,12727,599,1292,1084.76,140.46,36,25.76,15.76,50,4,74.35,250.66,489,99,BENIGN
28333,14143,121,88,3853,2308,232,228,789.62,476.22,35,34.39,7.48,5,44,318.12,296.69,643,404,BENIGN
45102,20649,441,491,1231,9008,1243,569,1325.28,406.47,20,86.2,32.12,1,2,643.44,472.41,871,14,BENIGN
61451,46883,315,322,9626,6773,861,1303,838.49,196.32,26,18.34,5.66,90,1,502.04,54.13,55,186,BENIGN
19874,4386,495,346,6587,3138,537,1137,543.48,395.26,37,5.72,23.42,95,3,249.64,488.26,872,214,MALICIOUS
30556,86094,185,157,2989,610,464,47,447.07,239.66,28,59.04,8.99,34,24,370.0,469.89,765,293,BENIGN
28318,25464,87,309,985,13132,833,161,817.88,147.24,24,53.4,10.93,17,48,298.08,325.99,252,276,BENIGN
32367,88745,110,185,4568,11742,651,860,185.73,214.97,26,28.32,4.34,1,21,763.25,387.03,13,18,MALICIOUS
1117,70804,419,153,3924,1499,524,826,590.18,106.04,28,29.55,19.88,81,43,729.45,200.5,173,185,BENIGN
56509,52702,159,85,14855,2957,1353,804,1060.83,21.31,21,29.14,36.37,0,15,858.41,13.68,762,140,BENIGN
45723,41446,103,406,10912,6224,1066,1439,1193.05,134.82,20,3.84,5.69,18,2,900.89,182.62,236,467,BENIGN
53958,83852,428,131,9298,1817,921,97,3.0,6.84,27,4.54,24.59,42,34,716.3,200.81,263,188,BENIGN
48917,10397,389,150,11651,10467,629,836,1388.45,178.39,30,54.97,22.58,29,28,7.93,1.35,728,25,BENIGN
6589,12842,329,161,237,5426,414,130,1234.14,413.64,24,23.42,43.72,26,6,456.3,317.71,605,422,MALICIOUS
41391,48866,233,376,8870,12266,789,528,919.12,378.52,25,83.98,13.24,7,0,595.96,22.41,353,38,BENIGN
32564,28433,468,195,915,4404,473,64,1055.76,204.26,39,46.55,16.59,16,25,588.59,29.08,388,137,BENIGN
56849,96027,416,400,7066,9827,462,1472,984.87,162.93,23,3.38,12.08,11,47,640.95,434.14,472,458,MALICIOUS
51756,20311,49,208,11765,10090,1288,948,266.19,102.75,38,95.95,6.71,70,31,218.18,51.66,650,200,BENIGN
18391,76022,384,277,10755,5857,1101,1274,461.8,368.89,33,62.39,0.62,85,47,500.63,435.83,958,57,MALICIOUS
56920,81907,404,26,12463,12486,717,1046,764.97,495.65,31,90.0,24.56,20,27,877.0,197.56,772,72,BENIGN
50431,55027,262,382,12941,12458,1284,166,1473.29,461.84,24,51.17,49.97,80,38,366.9,237.76,940,215,BENIGN
58857,47114,142,273,3640,5704,1476,964,990.15,318.7,25,21.73,34.63,2,39,417.46,343.45,93,127,BENIGN
54463,42664,122,163,5028,2672,375,1263,1258.96,238.41,28,88.66,10.58,34,49,902.05,492.24,870,315,BENIGN
3794,67256,50,282,4055,10952,1289,1399,960.9,204.23,20,10.73,27.67,52,15,925.24,256.61,222,352,MALICIOUS
55303,51627,395,126,8692,93,398,216,357.63,95.2,33,42.67,27.79,54,14,650.99,295.33,236,492,BENIGN
46961,15443,133,146,6070,7146,88,1168,504.18,362.49,33,1.72,39.66,15,11,326.18,45.52,284,66,MALICIOUS
12373,42422,95,218,8434,11039,668,44,730.45,213.71,37,85.31,14.35,69,21,437.18,94.48,188,285,MALICIOUS
46796,44896,248,386,12608,24,206,584,809.9,113.36,23,80.92,48.27,19,41,200.48,341.04,709,239,BENIGN
18672,69179,237,131,2565,1385,20,80,606.45,352.45,33,66.89,43.8,83,24,901.88,448.63,888,369,BENIGN
56120,97445,339,175,2947,11999,1003,662,572.44,150.44,32,45.52,10.59,20,20,849.28,465.5,746,494,BENIGN
3790,91884,498,103,5185,3666,1004,307,769.12,265.24,26,63.95,14.49,74,10,461.94,370.05,268,50,BENIGN
24456,25313,395,73,2625,14562,1201,468,514.97,253.83,31,99.8,30.85,65,21,96.72,485.05,217,127,BENIGN
26385,43996,332,112,8025,12255,168,292,1203.82,353.93,37,28.71,20.72,13,35,677.21,160.15,232,397,BENIGN
40788,97351,338,349,8545,7511,958,46,234.66,305.15,37,51.55,45.21,15,29,506.36,305.95,211,429,BENIGN
7077,43407,267,487,12757,6822,422,1351,292.19,275.97,32,61.79,22.64,88,3,976.7,157.91,726,61,BENIGN
11422,95037,364,24,12783,2194,1244,1129,860.3,313.74,36,90.38,35.48,63,30,955.14,486.71,839,69,BENIGN
62349,37388,419,68,14595,1787,409,206,1072.59,488.4,28,16.91,41.26,1,41,160.11,203.11,922,185,BENIGN
63664,55617,362,7,7191,11757,1252,1365,1375.55,142.01,36,30.42,24.93,74,24,911.73,208.36,326,233,BENIGN
8374,83195,206,199,1276,8592,156,76,377.69,75.64,34,56.69,43.41,24,49,952.26,332.39,89,205,BENIGN
46948,30598,171,250,12342,1357,1382,552,199.22,497.76,36,15.16,2.51,37,18,612.17,216.0,658,114,BENIGN
64526,41512,197,396,6114,9016,891,1093,249.97,38.17,26,73.77,14.7,95,24,139.13,429.04,47,323,BENIGN
39752,53909,219,464,682,5210,1346,1363,928.12,252.87,28,61.88,4.78,89,40,758.99,462.39,981,56,BENIGN
45928,95660,400,386,3734,1524,584,115,27.69,208.66,26,92.88,24.47,8,2,174.82,292.26,326,70,BENIGN
56131,35038,215,210,1651,5409,235,111,829.55,270.61,25,10.04,24.46,50,41,689.58,142.44,632,365,BENIGN
57258,62589,412,196,3563,1683,379,851,1091.35,221.24,29,15.98,42.31,23,4,433.35,238.1,587,313,BENIGN
44842,96728,464,262,14370,9320,962,1193,199.82,296.03,31,32.4,27.55,11,39,416.45,261.87,798,440,MALICIOUS
13776,18345,247,291,11208,13991,509,423,851.05,489.47,20,21.61,49.11,89,48,579.97,137.49,302,265,BENIGN
18332,67667,433,176,11665,5647,853,1436,210.56,491.16,26,0.45,0.44,94,3,223.59,359.65,858,44,BENIGN
33712,4504,192,297,10962,2465,932,12,638.51,116.8,29,74.33,33.17,37,15,824.42,87.72,79,409,BENIGN
58710,56677,358,414,2194,13209,177,1320,438.7,7.12,23,78.4,9.39,47,38,381.6,493.24,536,360,BENIGN
31921,20622,358,441,4915,3943,800,1244,535.04,46.58,33,87.72,14.39,59,46,529.52,499.45,850,286,BENIGN
22184,37546,86,246,9060,4972,483,1267,1437.64,243.52,27,86.88,13.79,98,40,517.26,241.27,927,104,BENIGN
45914,23789,72,156,13870,13004,268,1339,955.44,23.1,38,19.9,27.69,57,29,904.91,381.03,518,223,BENIGN
58689,17829,265,248,13670,11449,1267,95,868.46,9.13,25,55.03,38.61,26,0,948.31,85.95,19,342,BENIGN
29307,35084,135,278,458,7335,1436,575,1329.19,413.81,22,68.96,48.52,33,12,246.52,412.79,717,21,MALICIOUS
22938,76016,16,175,6113,7908,216,814,98.19,470.52,33,80.17,34.48,32,41,12.66,199.86,44,0,BENIGN
60067,8359,244,18,11455,5246,1069,213,1362.39,330.19,22,66.6,28.33,0,0,309.1,254.48,936,359,BENIGN
60406,58182,461,374,8714,1902,421,219,955.67,281.77,29,4.08,24.29,47,26,489.04,258.81,218,86,BENIGN
32955,62613,164,247,3017,8302,1382,139,416.39,43.06,28,30.08,19.49,25,30,862.43,497.58,489,417,BENIGN
63421,52612,47,192,8293,9204,907,979,580.36,486.61,27,62.5,1.53,6,26,830.17,467.75,190,409,BENIGN
36687,73810,155,472,10709,10352,1251,672,995.93,457.73,35,50.3,8.14,75,7,736.68,424.56,406,264,BENIGN
33447,53727,357,291,10798,4440,378,796,1165.73,300.93,24,60.09,35.05,25,27,885.28,361.12,937,303,BENIGN
59312,24548,137,5,13108,6369,460,1249,197.34,159.44,25,11.91,24.17,32,17,224.74,428.35,125,168,MALICIOUS
55490,74675,377,204,14072,12095,1080,726,327.29,255.69,31,21.73,22.33,30,17,938.23,88.51,123,194,BENIGN
37763,26298,313,57,5429,11009,640,1496,379.09,234.04,35,88.7,24.65,35,48,341.6,271.67,608,388,MALICIOUS
46997,6262,108,411,10008,4053,648,132,1450.44,248.86,27,25.98,45.15,25,43,215.53,69.35,448,443,MALICIOUS
28638,26117,273,51,2998,5424,1011,11,422.56,493.76,38,96.68,23.39,32,40,532.52,4.18,741,109,BENIGN
60140,32696,285,307,9464,2970,1139,668,152.19,71.21,32,79.5,10.38,54,48,116.79,203.01,268,27,MALICIOUS
51785,95497,272,307,6001,8336,1207,311,803.75,331.7,29,97.6,22.23,22,0,578.43,141.02,85,2,BENIGN
4527,1583,354,159,8673,4935,140,1314,1156.87,223.8,36,60.91,22.77,8,26,601.44,203.16,687,29,BENIGN
26573,22451,138,314,5687,1669,1454,1428,62.76,61.13,39,60.24,8.99,18,22,398.33,119.41,829,55,BENIGN
61285,68369,365,5,1310,14964,639,240,834.41,360.39,22,40.13,44.59,8,23,662.57,390.59,870,54,BENIGN
50862,76382,242,45,8857,10896,1197,1420,1263.57,3.83,33,30.13,37.62,67,4,767.83,294.52,846,389,MALICIOUS
40716,36135,265,242,473,5159,1389,1439,598.39,26.98,22,78.08,46.91,24,2,595.82,168.44,245,439,MALICIOUS
3767,88612,84,66,1231,458,1282,1486,574.18,178.82,35,13.19,9.33,61,32,785.12,360.71,375,365,BENIGN
18655,95559,86,6,4323,5967,596,1474,333.04,380.24,36,41.09,42.62,73,27,788.13,355.62,206,384,BENIGN
4931,80048,304,26,3386,4235,1490,481,1091.15,128.62,29,21.57,48.42,85,14,684.14,400.79,863,78,BENIGN
56817,57440,481,60,7376,5069,471,973,857.35,163.18,22,38.93,14.53,76,46,701.04,198.95,90,193,BENIGN
9601,16555,2,297,12174,1810,885,1454,895.73,198.37,36,24.93,49.54,70,45,251.63,95.69,55,393,BENIGN
23517,60274,52,403,8539,2384,127,335,134.74,365.14,28,35.45,26.05,30,4,787.25,326.01,971,374,BENIGN
53684,56982,423,30,10081,12546,406,409,1462.19,308.79,31,89.22,11.3,14,21,491.99,256.24,883,317,BENIGN
18026,53719,387,14,3043,797,1384,1041,1472.44,279.26,33,28.67,25.39,14,2,20.47,482.69,55,15,BENIGN
64417,61030,241,240,5521,3113,1342,27,1380.63,270.08,36,47.24,4.28,34,8,483.27,222.52,575,466,BENIGN
61217,32495,422,194,9800,6210,947,461,596.66,497.82,32,26.65,6.63,38,29,390.45,306.95,464,341,BENIGN
54069,47939,453,319,9992,2858,469,885,1264.34,252.79,31,65.44,30.58,61,32,16.78,338.62,371,290,BENIGN
43784,57594,122,386,7359,13950,722,1346,77.92,251.97,34,32.05,35.18,7,23,316.93,490.02,896,353,MALICIOUS
9953,77951,478,227,9673,5933,259,931,626.18,462.89,22,56.13,21.4,60,18,515.43,480.99,400,196,BENIGN
25531,60633,398,473,6157,13285,551,512,1200.4,35.37,34,36.81,6.57,67,8,465.08,431.65,966,425,BENIGN
11402,68434,36,216,9738,4201,1155,274,785.54,33.31,31,47.22,16.81,40,42,666.08,6.62,221,363,MALICIOUS
40575,49649,283,306,7632,1746,631,726,1401.27,33.23,21,58.41,22.91,95,40,771.68,86.51,498,285,MALICIOUS
18424,8263,407,394,9871,6190,499,642,1331.29,205.08,27,49.45,5.24,70,48,710.91,27.54,416,262,BENIGN
36539,89772,5,77,11729,6078,1066,29,454.03,311.67,25,69.71,20.77,3,44,421.26,180.07,641,347,BENIGN
57625,92622,158,377,1561,2228,904,71,730.23,272.49,26,66.08,4.77,80,27,895.9,443.18,855,419,BENIGN
35347,8036,186,343,11720,14505,282,845,1062.22,434.88,25,1.47,11.32,11,13,460.42,380.65,517,264,BENIGN
18486,10117,90,95,6816,13712,1381,1467,682.21,298.72,39,29.93,33.23,91,49,440.47,418.78,215,445,BENIGN
24332,36633,489,332,2787,10193,1139,1372,1179.65,320.93,36,3.38,13.39,93,19,99.99,459.94,804,312,MALICIOUS
58682,75567,473,426,12942,14224,245,108,890.74,450.51,33,56.92,7.15,56,33,960.89,180.18,535,178,BENIGN
55290,62726,101,198,10720,2630,1409,1450,327.16,456.53,27,34.61,28.96,51,29,838.93,164.88,716,216,BENIGN
59193,9584,20,444,6499,6720,713,510,150.68,63.16,20,19.33,38.44,24,35,511.51,205.05,246,312,BENIGN
28171,2788,190,141,4770,4118,400,499,321.3,387.62,33,46.58,9.82,11,2,281.62,26.18,151,33,BENIGN
62315,84626,184,137,10130,8112,157,1250,153.64,318.2,23,30.67,6.7,11,32,816.32,307.24,845,303,BENIGN
28730,32078,151,37,2010,7076,129,1278,289.19,148.91,26,36.01,1.63,28,47,465.89,229.52,305,134,BENIGN
31528,48622,196,302,5588,2317,754,738,927.67,480.19,29,62.07,42.67,58,7,531.21,207.87,213,65,BENIGN
29688,8592,62,368,14863,5777,1401,1244,1075.22,362.09,36,63.57,27.86,4,28,594.51,368.65,334,335,BENIGN
31862,37687,414,123,834,12125,989,1121,839.29,138.27,24,75.36,25.13,69,0,545.15,486.52,755,354,BENIGN
58268,61712,328,357,12268,6511,1377,1470,319.52,371.96,33,35.82,32.0,66,39,632.15,187.47,534,350,BENIGN
48248,16496,219,223,10513,4647,462,609,735.15,169.34,26,23.29,7.35,83,4,673.37,444.38,838,143,BENIGN
38914,18330,275,454,6177,6687,710,747,1009.49,75.3,23,33.06,44.03,1,32,428.15,197.38,852,9,BENIGN
59512,12788,210,342,14939,4203,686,683,588.96,370.68,23,43.44,20.4,77,18,916.6,226.68,281,39,BENIGN
34952,4851,446,98,11668,11324,913,722,1176.04,96.41,22,97.07,15.91,32,39,608.18,176.79,253,280,BENIGN
63412,89187,396,134,9087,429,1157,1145,486.51,46.73,26,38.32,22.53,87,6,892.83,188.17,892,238,BENIGN
26313,92656,396,499,6175,6493,402,431,251.36,111.1,22,85.94,15.3,79,28,68.96,332.36,701,394,MALICIOUS
46071,35809,393,332,11780,14001,526,908,1373.31,48.98,20,16.44,11.03,18,15,765.62,416.82,236,279,BENIGN
52172,47527,314,344,836,13954,611,667,280.59,371.76,32,22.04,9.21,77,14,274.17,283.86,248,91,BENIGN
14014,62820,39,245,9559,13169,798,1193,792.21,458.67,30,3.9,7.24,1,16,733.34,157.61,935,373,BENIGN
40737,91176,197,431,14488,315,734,567,1426.78,19.03,33,18.39,8.22,15,10,676.2,152.22,123,55,BENIGN
36350,4742,413,52,2634,3595,598,503,1230.72,317.78,20,87.08,16.27,58,11,117.3,362.24,944,374,BENIGN
31251,17667,106,214,8177,6349,635,1205,950.74,68.95,33,35.28,1.33,77,42,861.4,267.05,329,386,BENIGN
39213,36426,175,332,10666,6014,1255,1225,293.49,355.48,22,41.24,4.37,40,4,175.03,315.19,34,486,BENIGN
5356,90414,404,489,1466,3785,132,316,855.65,328.51,34,9.29,44.26,89,38,439.9,386.54,490,86,BENIGN
42998,23329,300,276,9900,14890,172,1100,521.74,443.13,26,72.1,11.3,98,49,635.55,274.09,509,197,BENIGN
31780,65339,120,461,8149,11619,403,716,1415.87,75.98,38,77.78,27.13,20,0,290.92,342.72,700,482,BENIGN
47229,37581,399,38,6028,5084,1063,1127,575.17,231.97,35,84.81,4.89,31,2,661.81,75.58,868,338,BENIGN
44007,62677,45,466,13929,3717,533,228,119.66,322.9,22,90.05,26.13,60,2,279.46,406.63,772,120,BENIGN
22541,97209,382,209,10625,1865,746,1250,477.83,206.74,25,34.09,42.34,76,5,259.66,354.36,27,118,BENIGN
64952,13855,318,282,4012,695,453,751,1335.63,56.05,29,38.63,39.32,15,40,623.06,468.39,691,28,BENIGN
23119,10711,466,55,2731,9725,1331,599,1163.17,110.97,24,16.14,40.24,16,15,177.01,225.21,37,424,BENIGN
54170,35900,223,110,1625,10299,983,956,203.86,345.49,29,36.78,20.94,85,16,728.04,16.39,198,305,BENIGN
49826,88052,325,0,3734,14608,1315,937,199.75,237.76,30,51.14,36.67,27,19,391.81,51.92,737,181,MALICIOUS
32408,26434,462,31,5775,14130,999,660,374.5,97.81,21,3.4,23.38,31,29,150.14,471.4,982,304,MALICIOUS
31506,65930,56,43,5527,9555,1194,188,1455.09,71.51,36,90.47,32.56,34,24,797.97,328.01,93,197,BENIGN
55246,48419,53,205,295,4829,1126,1068,658.04,266.98,35,0.23,22.62,14,16,660.93,218.23,44,24,BENIGN
15597,45879,310,98,11480,3106,233,266,735.0,168.66,27,93.12,39.45,46,39,651.92,437.0,173,169,BENIGN
2572,88034,143,161,9934,2922,3,646,309.81,356.15,39,45.06,13.79,28,48,915.53,283.74,677,73,BENIGN
34112,23038,478,221,11604,7813,506,906,1326.52,122.36,34,93.75,44.08,27,26,912.99,402.56,221,243,BENIGN
10972,78566,398,467,12989,5561,802,553,958.0,210.18,22,78.81,5.45,21,3,382.73,488.42,303,464,MALICIOUS
20503,92900,247,461,14881,3289,116,471,250.45,463.9,32,39.19,38.33,22,14,956.1,230.42,753,25,BENIGN
58701,90184,128,163,14114,13623,1490,800,235.62,36.18,28,85.65,32.67,92,0,792.54,467.99,728,239,BENIGN
19228,26597,120,447,5554,11239,1040,856,650.83,15.09,29,47.52,25.82,95,44,303.96,148.89,343,279,BENIGN
41377,75251,318,401,6996,4144,827,765,994.9,433.93,23,15.63,0.94,27,41,574.51,13.65,245,136,BENIGN
60794,41704,234,306,12815,3800,667,1281,36.76,172.13,32,16.22,35.22,86,41,435.36,131.14,570,246,BENIGN
4228,89906,315,312,4721,7054,801,1137,5.86,492.74,34,72.09,33.7,81,28,395.48,151.07,366,65,BENIGN
29825,77446,485,261,8437,10922,1249,77,929.7,29.11,25,83.12,23.53,34,21,127.12,416.83,898,275,BENIGN
61221,44092,478,73,1436,8520,20,805,1250.09,209.68,27,11.97,35.12,38,10,446.38,8.33,102,210,BENIGN
40193,50355,485,136,2491,10310,402,953,800.79,225.52,25,51.37,30.47,24,44,196.02,273.32,329,47,BENIGN
21049,35810,438,447,719,10292,882,353,574.39,363.9,21,94.86,11.68,92,6,591.67,283.94,894,333,BENIGN
59528,4203,107,89,4713,13756,1186,557,134.43,416.57,25,31.69,34.87,19,15,59.47,70.21,39,250,BENIGN
11581,83954,431,366,8441,14791,403,497,1452.33,436.8,33,16.62,10.29,14,23,613.18,467.79,973,405,MALICIOUS
4447,45395,248,147,5403,1522,737,1490,359.77,152.08,38,51.58,17.76,82,49,773.05,328.32,121,375,BENIGN
33902,93999,149,42,2380,9756,1246,1392,1001.57,334.49,29,45.38,4.84,44,30,356.95,401.2,385,365,MALICIOUS
3831,89250,352,24,11481,7911,693,340,789.9,210.33,32,96.76,44.91,89,42,275.61,271.26,358,159,MALICIOUS
59977,36447,82,171,472,7567,1441,1252,144.32,302.12,24,51.56,6.55,93,6,672.34,104.02,201,356,BENIGN
4667,57761,147,312,14021,7964,1320,417,1029.2,209.7,28,75.48,24.31,53,0,862.85,463.24,931,176,BENIGN
52617,11487,204,135,13132,3657,346,1129,1330.43,415.56,26,54.3,24.13,62,19,57.04,231.69,540,288,BENIGN
35539,2606,243,204,477,4907,1301,1332,1291.89,310.21,26,3.15,2.75,30,23,564.94,176.38,756,347,BENIGN
34294,26844,312,402,2947,6882,455,1498,1063.22,92.61,27,24.19,3.43,26,27,496.79,101.48,702,477,BENIGN
34201,15620,354,73,1264,9693,1000,341,844.61,134.86,35,6.81,37.97,66,34,396.49,456.69,553,313,BENIGN
19311,26319,176,448,2315,13402,1422,102,1390.46,189.83,22,65.07,21.82,97,25,518.7,151.77,119,24,MALICIOUS
56793,20304,489,205,4304,5107,76,95,986.53,275.16,20,51.01,35.52,51,15,983.23,255.48,430,115,BENIGN
25602,97053,334,155,13344,4662,1162,1227,1280.06,371.57,21,86.74,41.03,34,25,925.59,58.28,603,62,BENIGN
31451,12981,290,477,12573,4765,865,366,1065.91,366.29,37,20.89,14.68,50,26,36.01,271.87,384,329,BENIGN
17644,63752,435,461,10320,3361,195,254,535.15,176.11,34,4.99,33.02,11,3,167.58,78.97,821,237,MALICIOUS
40805,37359,52,77,9969,9310,145,565,448.87,343.58,22,33.4,46.3,65,10,417.33,81.76,741,131,BENIGN
29181,70074,214,401,914,3703,1354,814,903.83,467.7,25,80.56,20.45,58,11,488.91,271.42,922,471,BENIGN
28835,23253,486,379,1149,14232,710,975,1126.65,248.12,20,39.0,41.68,14,4,453.31,476.31,691,16,BENIGN
22946,15874,284,275,1543,10432,524,1405,856.38,181.66,21,72.43,36.09,21,13,910.79,231.46,478,238,BENIGN
55962,69511,166,184,4610,7465,794,1189,381.65,457.62,37,62.54,28.99,36,4,167.58,35.28,93,337,BENIGN
15177,96887,413,44,13761,286,1089,904,1259.15,303.03,38,81.93,43.37,56,47,312.89,40.65,189,216,MALICIOUS
22285,30597,160,175,14274,1135,1269,647,71.82,456.99,38,15.31,33.79,54,33,413.27,493.84,387,436,BENIGN
59594,58431,262,439,13787,12856,1360,1424,253.69,357.3,27,62.6,18.4,70,24,187.12,100.75,285,195,BENIGN
1994,65138,103,179,12303,1762,412,1016,41.87,97.32,36,27.71,27.26,0,29,282.45,484.64,374,64,BENIGN
9877,41312,85,467,3096,2398,596,711,1390.28,127.24,32,64.24,44.14,17,34,480.33,16.7,331,117,BENIGN
4103,1802,171,434,11647,3502,706,1452,1078.6,369.11,37,32.36,0.71,98,31,786.87,13.51,537,150,BENIGN
16451,13939,339,456,10544,3556,7,695,848.73,139.88,34,24.12,18.14,16,27,336.17,474.04,706,42,BENIGN
50778,89392,440,103,7771,897,144,599,110.09,228.16,21,46.05,43.23,91,27,938.96,224.86,721,376,MALICIOUS
22045,36910,280,58,2939,6955,1333,1303,1348.17,103.34,21,61.4,15.85,59,26,971.84,256.28,656,317,BENIGN
51893,62602,109,79,2816,4792,1010,1357,674.33,493.68,26,81.34,5.64,59,4,87.9,83.89,344,256,BENIGN
23526,47745,111,212,13370,14125,285,679,1108.59,77.91,22,75.87,8.57,18,19,635.83,373.65,376,87,BENIGN
60600,80334,483,270,1310,12222,1203,1385,175.07,437.73,30,30.63,49.29,90,42,835.65,102.0,938,311,BENIGN
32910,36578,75,224,8074,9733,35,583,1114.35,349.37,20,84.24,28.09,16,41,605.78,366.11,784,313,BENIGN
63686,34866,206,183,9122,14228,66,41,337.55,441.4,28,26.91,9.44,30,38,777.31,334.78,84,201,MALICIOUS
63613,88069,411,369,2046,12093,490,353,165.98,154.49,28,32.78,19.42,70,18,548.5,140.55,754,219,BENIGN
10360,68458,402,98,5534,3431,54,1418,503.86,224.63,39,23.5,19.83,0,4,833.61,475.52,339,161,BENIGN
22313,50911,68,123,7823,9228,1160,1486,994.22,153.63,25,97.91,18.93,43,10,422.25,56.1,478,428,MALICIOUS
20701,34887,192,92,1456,11294,7,270,334.96,464.49,32,75.93,19.58,13,26,50.89,477.12,67,229,MALICIOUS
59935,79567,429,33,12609,959,1361,70,1316.32,424.38,39,98.79,9.82,20,15,96.87,24.39,902,122,MALICIOUS
53279,89701,98,138,10827,3649,855,886,489.65,180.23,21,9.54,1.5,16,26,32.1,133.22,190,42,MALICIOUS
60295,20006,308,41,7687,8886,1290,534,571.11,471.64,21,72.64,15.88,1,25,350.71,499.33,39,411,BENIGN
65179,30092,241,281,5904,9207,1495,1292,940.43,325.2,27,9.31,19.57,73,29,812.19,495.96,281,160,BENIGN
63332,85452,441,94,2330,14287,717,1129,1161.12,259.11,30,77.0,38.21,6,35,44.89,26.7,453,86,BENIGN
61244,11898,339,374,11580,13003,904,52,804.98,93.2,37,77.44,49.84,25,41,479.16,5.73,690,72,BENIGN
21769,17883,144,496,12507,6478,143,42,818.64,169.77,39,3.81,19.74,30,34,196.86,333.18,944,134,BENIGN
52527,55518,396,173,11070,12247,475,695,1421.28,87.87,28,15.49,1.0,25,31,304.79,295.04,489,179,MALICIOUS
23839,51711,288,207,6576,4513,144,92,903.37,405.35,29,18.65,7.96,58,3,889.13,52.78,305,94,BENIGN
27069,93798,345,6,5126,8855,603,670,1220.17,370.94,22,5.33,40.5,16,41,925.53,91.44,760,481,BENIGN
53003,67345,219,152,12407,495,288,650,781.64,368.31,25,54.25,26.75,77,37,500.63,306.03,867,293,BENIGN
42189,91087,267,248,7696,4875,914,1328,801.75,447.89,34,81.3,39.82,63,34,472.45,113.99,146,22,BENIGN
21871,82411,303,274,1911,5231,557,616,31.62,441.92,26,50.63,15.16,11,13,222.27,397.91,499,391,BENIGN
40679,58281,117,231,3869,2441,912,455,319.05,174.43,37,66.89,30.64,17,27,830.23,21.85,127,442,MALICIOUS
1469,17386,83,156,311,2793,339,1390,1330.64,489.78,36,10.61,14.43,2,6,584.22,13.36,355,306,BENIGN
20215,81537,85,137,14639,1889,773,1371,861.78,236.37,36,55.32,2.41,96,40,732.48,162.56,763,118,MALICIOUS
61605,22396,193,140,4649,14885,1106,308,1376.76,152.23,34,55.56,29.38,89,5,926.0,280.16,106,309,BENIGN
6883,95953,481,257,13600,11939,255,1475,105.57,405.47,31,59.27,22.47,63,42,70.31,415.58,710,37,BENIGN
47384,48947,305,119,3678,12173,30,1236,1310.12,10.03,29,32.63,32.85,34,48,741.03,390.74,719,215,BENIGN
22089,3538,188,465,13651,8107,977,796,51.36,26.3,37,88.03,29.47,45,0,838.65,16.28,794,153,MALICIOUS
32436,213,403,227,1406,3188,319,907,543.57,7.66,33,81.83,1.84,79,30,635.23,127.02,844,319,BENIGN
14744,97344,250,293,1374,3503,325,439,1363.7,19.13,22,19.98,34.88,85,18,730.55,361.99,35,103,BENIGN
16443,23319,373,319,9201,13766,1351,469,1338.35,346.6,29,81.44,16.23,23,20,497.55,83.95,683,357,BENIGN
5426,32910,88,107,2431,10459,357,750,383.25,106.92,22,6.97,33.43,50,20,913.98,269.86,456,331,BENIGN
56164,92473,132,253,932,224,811,1315,370.65,273.87,23,87.83,17.7,38,36,741.37,102.13,796,212,BENIGN
33121,28649,422,361,4680,10550,1091,1154,711.47,374.04,22,32.3,7.03,42,8,530.98,408.07,257,130,BENIGN
23663,27889,120,374,10305,9435,766,1245,1405.0,351.66,35,63.52,6.2,70,10,40.36,196.8,622,487,BENIGN
4899,48464,363,100,6729,5402,1232,749,1350.61,356.57,29,78.73,35.15,93,34,538.35,16.79,938,16,BENIGN
18696,56920,498,212,4508,13986,1483,1390,403.81,365.28,21,42.67,37.3,5,5,435.53,395.64,80,28,BENIGN
23330,90198,381,153,14100,8124,107,138,482.47,494.88,24,87.65,20.36,61,43,976.06,11.53,933,90,BENIGN
41207,7961,79,140,12373,13151,631,1049,1244.66,182.63,22,3.51,11.58,62,2,1.67,45.2,835,264,BENIGN
64653,65145,2,265,9482,11693,984,217,299.22,440.51,27,51.61,38.85,99,7,349.08,121.56,853,106,BENIGN
17109,8542,347,432,7336,3449,852,817,287.93,381.44,38,77.31,36.01,48,22,805.26,223.93,963,295,MALICIOUS
12198,61644,95,448,11483,583,307,68,420.17,492.19,22,0.66,42.03,72,25,869.62,496.08,277,161,BENIGN
64721,72392,133,126,6724,11190,845,73,232.3,432.3,33,51.52,42.34,9,44,388.28,153.77,376,329,BENIGN
4603,81013,350,122,12246,7786,995,928,497.04,178.42,35,4.55,9.06,29,37,132.43,286.26,833,262,BENIGN
38858,65151,144,224,14775,4297,394,836,1486.0,411.75,39,43.39,32.13,71,45,672.96,236.76,882,464,BENIGN
10289,85028,31,229,7728,5558,278,897,1376.96,184.32,32,58.92,30.97,5,21,699.86,307.08,483,76,BENIGN
53738,35080,423,350,14743,13926,1220,1318,600.44,361.02,23,5.72,10.61,22,43,783.53,229.88,568,161,MALICIOUS
14138,2095,79,452,14725,8187,583,768,1144.8,375.07,35,66.18,24.8,90,35,783.38,36.02,948,52,BENIGN
21036,39228,219,109,8532,3556,1079,182,190.86,284.03,30,14.28,6.15,87,42,389.38,308.07,764,68,MALICIOUS
65402,62857,290,134,2221,110,1470,1404,751.2,114.55,35,15.11,23.93,25,0,643.91,241.36,212,415,BENIGN
51201,74135,375,298,1192,12264,999,272,995.63,25.07,27,29.86,19.98,26,16,463.17,410.37,423,210,BENIGN
34888,60620,34,79,4911,31,255,487,808.19,45.01,37,95.36,22.82,71,5,897.46,370.48,998,379,BENIGN
9325,58332,233,350,14009,3329,184,902,1007.31,37.9,33,90.03,11.04,74,49,811.24,483.74,384,334,BENIGN
62937,71213,401,92,7508,8497,1047,590,255.49,402.24,27,47.31,49.5,71,39,702.86,7.59,830,458,MALICIOUS
64150,40595,478,492,4088,5143,371,77,754.06,156.68,34,72.19,48.63,94,39,894.66,447.48,2,65,BENIGN
2641,86719,362,343,4801,3505,572,1088,1353.11,149.73,35,41.08,1.84,8,49,481.64,131.44,86,44,MALICIOUS
52056,10215,255,176,6945,3964,1362,1094,50.26,392.58,32,29.45,38.8,21,19,626.17,280.57,920,227,BENIGN
22967,74671,336,51,5081,7451,1113,816,500.4,173.94,32,88.24,4.3,31,18,191.25,7.84,459,54,BENIGN
52852,7799,138,93,207,12276,1401,1414,1236.29,156.72,34,57.1,2.35,40,45,732.21,469.27,689,410,BENIGN
15407,49520,443,393,9685,1682,721,90,1143.31,395.33,24,21.77,20.42,27,23,417.19,126.47,728,134,MALICIOUS
17294,86487,411,296,1739,7399,1217,986,584.98,486.19,21,71.76,14.21,87,21,210.35,417.36,368,288,BENIGN
19619,50092,127,157,8896,8018,889,194,268.62,63.08,22,11.76,19.2,6,42,452.83,468.72,994,193,BENIGN
18349,8635,176,254,10047,6841,145,154,187.12,296.54,39,94.87,2.43,30,46,429.41,106.36,113,429,BENIGN
51789,91349,60,76,7293,11810,853,1058,84.32,428.56,31,7.64,39.03,79,6,35.46,39.77,554,19,BENIGN
26213,27998,48,192,10491,4408,1399,89,316.79,221.02,27,1.82,24.84,62,9,949.8,422.86,217,159,BENIGN
21186,25899,117,82,12846,14881,687,301,700.94,305.63,30,4.65,34.45,73,11,105.52,340.78,494,296,BENIGN
53282,66135,4,4,1144,10137,629,249,954.79,489.42,21,77.83,2.05,46,4,92.29,138.43,273,487,BENIGN
6245,36351,302,435,8561,928,412,428,297.44,235.39,27,66.18,3.21,46,2,152.94,216.1,786,3,BENIGN
30095,70386,398,357,421,6103,1169,1240,183.53,267.45,35,15.32,13.97,7,47,415.59,412.25,333,26,BENIGN
5644,15671,226,309,7002,11923,144,1057,695.6,225.73,24,87.89,6.9,97,9,482.65,169.86,134,397,BENIGN
25210,61125,474,175,6081,9227,176,1473,81.86,258.68,30,73.4,26.82,88,16,96.88,313.37,161,229,BENIGN
46976,54145,269,258,8505,14903,7,604,1109.69,180.68,23,68.51,20.08,50,47,53.65,473.54,519,263,BENIGN
35142,39360,84,43,13211,9543,411,1433,1003.89,333.66,38,8.19,27.88,88,40,455.58,4.67,819,75,BENIGN
63883,26809,18,89,12148,6376,897,1382,1354.9,394.38,22,1.35,0.48,60,40,782.39,251.44,776,265,MALICIOUS
19879,31859,419,29,5230,4334,111,848,1438.29,334.09,22,3.34,23.07,48,37,856.5,307.68,214,370,BENIGN
23171,23751,44,382,12754,11448,1080,1226,1256.82,197.34,21,8.59,29.77,12,14,790.27,340.43,168,267,BENIGN
3510,87874,37,438,11017,13003,124,641,906.25,114.38,32,0.17,28.4,2,1,826.62,132.46,110,31,BENIGN
31019,46806,50,218,9993,12504,34,126,1379.5,273.18,24,28.97,37.5,89,42,16.92,365.86,58,407,BENIGN
14680,53846,248,26,10403,8042,1060,841,335.24,241.5,23,26.05,48.16,66,25,415.6,200.39,393,419,BENIGN
38006,73835,57,468,11926,12386,859,25,1177.07,261.24,37,92.93,30.79,45,31,483.88,69.05,627,193,BENIGN
57513,38251,243,274,10417,9337,862,425,235.26,106.76,36,20.46,6.04,0,11,745.46,73.38,488,236,BENIGN
2829,94388,456,453,12958,10916,68,248,1336.02,137.7,24,28.83,38.79,62,9,86.68,450.85,838,164,BENIGN
2480,33643,445,47,8893,641,1032,400,536.74,4.66,22,0.11,4.3,18,8,891.38,158.62,871,367,BENIGN
51717,57623,111,339,10551,10839,418,898,808.4,45.76,23,82.2,11.6,4,11,76.34,108.34,789,73,BENIGN
27688,42670,302,327,12454,6185,810,272,1378.6,59.82,29,4.06,12.37,98,7,364.65,265.53,397,461,BENIGN
34726,18051,197,194,5110,11801,52,1427,36.21,492.09,38,21.81,16.42,61,43,718.62,380.11,503,84,BENIGN
37992,97606,353,172,1872,11172,1077,1399,862.8,58.98,34,34.59,48.7,79,41,111.38,115.42,591,334,BENIGN
43699,77153,353,37,4795,289,317,1123,1374.01,426.31,21,92.51,45.66,17,31,963.83,337.45,380,144,BENIGN
45847,71789,292,246,11050,4487,1061,409,948.73,90.14,38,41.13,38.89,45,4,309.89,392.92,884,165,BENIGN
8599,96220,118,52,9012,9714,1307,1245,1166.62,13.31,26,38.66,19.66,24,39,509.67,53.59,892,353,BENIGN
17480,41344,193,369,4416,5791,448,165,837.43,320.57,34,28.23,0.95,85,3,500.45,163.65,946,479,BENIGN
43969,76732,299,342,14205,6493,56,160,469.64,413.68,25,0.07,35.32,3,49,422.2,42.2,28,135,MALICIOUS
9394,84951,240,364,1119,2758,568,478,987.55,192.91,26,9.51,44.27,52,11,483.85,115.56,352,214,BENIGN
9947,374,334,478,14509,1075,1074,1168,872.78,384.1,31,88.8,1.5,50,26,581.42,263.9,535,206,BENIGN
63914,6848,398,144,8022,13099,396,304,488.85,339.4,35,23.11,7.16,51,49,192.84,204.0,896,323,BENIGN
26638,6699,382,423,14942,12510,1423,511,999.06,480.85,36,32.27,4.4,53,22,333.72,461.77,266,376,MALICIOUS
34446,43545,159,360,9798,8047,1040,334,1497.23,166.96,20,87.03,37.75,38,25,369.89,400.15,923,291,BENIGN
21154,54464,462,171,5692,12637,193,38,1430.15,128.91,38,88.09,25.44,39,37,355.51,84.25,593,300,BENIGN
19107,10295,50,184,6111,5770,1284,264,727.37,11.35,30,63.04,36.6,87,0,358.47,347.43,920,92,BENIGN
14477,5617,85,0,11646,11965,1345,744,417.19,360.51,26,41.72,11.13,19,46,293.9,185.77,439,362,MALICIOUS
29092,92530,37,398,5133,548,115,317,17.09,439.82,21,26.93,1.86,46,34,822.12,422.81,811,161,MALICIOUS
17791,51795,347,307,8435,370,1193,746,1474.43,140.9,21,33.63,46.72,5,42,529.09,337.02,363,158,MALICIOUS
31133,7464,279,129,12789,12232,1254,1096,1054.88,495.05,22,93.32,17.37,95,39,184.52,171.97,812,356,BENIGN
10793,54559,107,313,9920,4524,736,19,1268.3,164.3,35,16.62,47.68,51,35,520.5,370.64,813,185,MALICIOUS
26559,52393,92,463,6141,5055,1081,1327,1034.67,109.39,26,0.23,17.08,66,1,975.82,343.42,796,201,BENIGN
58437,36907,136,269,11369,10272,590,317,1073.99,454.82,28,91.69,12.27,70,45,825.42,213.85,371,363,BENIGN
19003,60370,440,368,5614,7420,1392,369,161.07,495.29,27,37.93,8.53,35,35,568.62,295.88,709,99,MALICIOUS
47339,17604,427,192,9398,13147,199,108,113.93,175.65,23,47.18,30.68,63,20,922.97,61.22,152,405,BENIGN
27173,49184,360,361,13004,3752,1345,455,212.45,302.5,27,67.26,21.39,85,27,310.17,193.81,412,494,BENIGN
15775,22254,383,74,3299,10359,1281,908,240.78,427.21,38,59.13,47.01,40,9,690.61,132.73,212,150,BENIGN
32236,38395,436,98,12344,13059,565,778,1068.02,329.95,20,76.05,30.23,56,2,147.15,417.25,426,221,BENIGN
33165,75519,467,197,12548,13633,1355,1122,519.49,61.42,29,70.68,43.48,52,15,32.3,279.67,942,322,MALICIOUS
24289,45421,269,135,2597,444,452,148,297.6,8.92,35,31.35,2.61,13,7,353.76,223.37,889,272,BENIGN
35049,54937,160,435,3669,1129,753,815,35.31,302.63,38,17.94,39.86,66,12,655.26,188.52,895,467,MALICIOUS
28668,49465,43,365,13225,14636,704,892,794.57,364.84,20,80.01,47.91,30,39,74.24,135.1,544,280,BENIGN
16701,24658,327,184,356,4337,817,770,326.69,434.7,35,10.11,6.61,70,14,667.7,173.88,481,46,BENIGN
16130,42660,472,229,10310,13700,572,1188,1401.34,356.95,39,83.89,17.42,46,9,547.81,444.92,536,18,MALICIOUS
53724,37897,34,210,5211,4691,1113,566,1290.83,488.35,31,7.17,43.61,45,11,192.72,472.51,731,183,BENIGN
65030,94378,359,214,13771,4966,200,808,683.68,387.57,31,52.99,36.75,46,11,726.5,468.17,281,103,BENIGN
1765,35515,437,314,1980,13113,343,23,788.91,4.69,33,21.18,1.97,78,1,634.47,455.17,657,418,BENIGN
59477,37107,251,161,13961,3504,739,366,1413.93,436.15,34,66.4,27.85,33,26,776.07,230.9,155,158,BENIGN
8955,66687,332,30,11681,9397,1463,1122,44.1,295.31,23,37.85,2.67,93,33,552.21,196.23,440,305,BENIGN
33828,17893,453,280,1971,1621,142,175,462.66,382.93,30,63.66,10.82,79,26,474.18,260.56,508,322,BENIGN
56049,78554,312,443,13619,2941,602,1236,1460.12,360.34,29,78.24,39.38,17,28,201.16,322.84,832,454,BENIGN
48526,9307,239,2,603,6019,1398,104,514.19,346.63,33,41.1,0.5,70,26,98.96,99.49,870,385,MALICIOUS
2827,89823,184,417,9581,3594,875,302,1326.41,186.4,24,60.41,32.18,43,14,492.69,164.13,978,158,BENIGN
38397,84556,239,372,10939,9356,153,1068,1038.79,365.62,24,14.26,19.44,98,26,862.17,65.52,191,353,BENIGN
34421,16951,389,59,10620,13634,1325,1169,956.47,185.4,25,63.38,45.19,96,11,383.74,174.61,437,426,BENIGN
14481,15408,243,252,10680,12703,1477,736,64.1,225.05,34,46.76,36.63,3,24,444.72,372.51,472,379,BENIGN
22039,92816,49,81,9395,7778,1125,1430,186.0,137.88,25,33.88,34.73,16,25,182.1,271.12,326,312,BENIGN
18734,25703,242,170,135,2356,565,1242,1217.44,185.46,28,26.25,20.83,81,2,687.51,128.35,126,320,BENIGN
16105,25399,447,405,7434,9711,1306,1043,91.38,143.01,32,10.7,0.9,65,0,214.18,13.14,62,202,BENIGN
13215,18706,182,490,4978,2295,1081,1023,166.76,488.27,33,8.54,49.59,30,39,28.13,11.11,804,204,MALICIOUS
10522,55691,102,41,9860,148,43,1200,1436.75,37.19,34,32.92,17.43,43,22,341.33,483.59,352,412,BENIGN
50378,70625,346,322,1862,7956,623,1283,1378.38,50.7,37,99.66,46.74,41,11,852.21,253.05,851,118,MALICIOUS
18484,54612,294,317,1353,16,735,1443,187.19,141.2,38,21.34,45.11,86,15,845.82,5.34,247,365,BENIGN
6915,59716,449,153,7058,9315,1212,984,1114.35,43.59,28,92.57,48.99,31,19,764.63,403.92,495,262,BENIGN
37510,75662,71,69,4695,9171,1316,946,709.61,383.41,33,70.83,25.58,6,34,729.52,372.24,561,204,BENIGN
50560,47814,126,99,11570,8885,1407,309,116.72,288.47,32,82.61,26.12,81,21,133.32,99.74,581,105,BENIGN
17693,86352,439,76,10990,11158,1491,400,16.11,445.13,27,73.54,26.29,72,49,159.57,152.57,696,371,BENIGN
58284,45984,279,401,514,7300,427,542,700.63,60.59,34,59.83,2.72,66,46,171.1,89.41,310,419,BENIGN
13823,34831,460,84,3006,8512,1024,246,1094.74,409.64,34,2.6,47.2,9,35,908.89,447.38,216,209,BENIGN
62686,69693,336,277,14071,6608,116,780,477.44,13.37,33,2.32,0.88,46,25,388.09,340.23,415,217,BENIGN
3394,39688,239,146,2178,9244,1239,439,943.74,82.64,22,29.25,10.23,81,1,975.79,418.26,765,28,BENIGN
19818,23378,94,455,7703,1044,392,763,1050.77,234.91,31,87.92,8.22,58,3,563.71,34.16,882,395,BENIGN
17021,35476,69,172,5862,13295,75,1387,516.81,317.54,23,48.76,39.64,42,0,882.19,42.84,242,56,BENIGN
62733,42670,238,130,12264,9515,758,1243,1446.38,271.45,34,5.57,17.68,98,31,608.82,224.74,614,43,MALICIOUS
63224,17323,153,403,10510,6070,147,161,541.95,119.41,27,87.46,5.37,69,18,129.38,479.12,683,22,BENIGN
57727,94867,324,333,3773,13683,888,207,709.69,355.5,38,64.91,46.34,79,10,606.43,204.38,13,52,BENIGN
4086,2228,127,376,2718,9978,1359,371,303.22,359.2,36,22.15,32.39,77,7,688.07,457.18,0,314,BENIGN
23763,29524,277,272,2961,9752,956,824,499.08,291.65,35,63.96,21.01,4,1,278.16,465.73,263,491,MALICIOUS
41791,75726,65,111,9067,11910,552,323,809.35,22.42,27,31.23,11.23,30,32,931.8,188.42,520,304,BENIGN
57600,46175,135,135,4246,14806,141,641,1391.92,307.46,29,98.32,5.95,6,1,785.95,217.1,663,315,BENIGN
11793,10064,409,293,8377,12471,618,1119,326.41,305.0,33,96.47,28.82,64,5,381.17,91.75,952,99,BENIGN
38894,52687,293,450,9648,1457,1214,681,879.51,355.12,30,24.04,39.99,95,5,796.8,165.79,188,465,BENIGN
19358,15294,276,218,5123,5444,259,1002,346.17,369.54,33,26.85,41.77,79,48,414.42,213.81,721,48,BENIGN
54437,31858,119,104,14457,2136,201,1291,268.2,196.26,27,92.82,9.38,88,30,67.92,193.3,167,168,BENIGN
34418,64100,127,334,5976,10847,906,766,1320.27,243.42,21,2.77,38.56,83,5,369.45,310.33,853,335,BENIGN
22705,43321,304,391,12340,7758,154,1012,19.62,170.98,20,5.98,28.09,18,1,627.8,104.41,876,14,BENIGN
30109,4506,433,420,3581,2914,1249,551,322.66,476.8,23,55.19,5.0,48,6,682.71,441.54,647,328,BENIGN
56567,22954,476,240,5592,3429,768,258,674.67,441.26,30,49.72,2.82,66,23,0.53,461.27,543,66,BENIGN
32394,73014,123,132,6917,3788,212,780,577.59,381.97,29,50.5,26.98,27,17,855.86,284.71,208,298,BENIGN
19819,13722,331,254,2410,14737,758,979,1237.26,95.16,27,56.0,27.12,77,33,390.18,117.44,832,172,BENIGN
31095,43665,346,142,5330,10249,1381,375,150.4,325.18,36,93.33,36.8,1,14,909.14,287.66,772,18,BENIGN
20926,52227,376,326,7607,12293,377,513,687.19,490.31,20,27.04,31.76,15,42,961.86,169.15,16,149,BENIGN
64471,34658,341,207,1338,63,281,926,1372.43,477.68,20,80.87,8.44,96,33,733.79,107.68,763,436,BENIGN
4833,74504,338,44,9894,494,273,807,36.51,82.35,21,46.94,42.78,73,35,959.58,443.21,864,147,BENIGN
53405,2064,427,150,11934,6291,106,454,676.11,218.07,21,0.15,12.95,41,24,600.35,229.2,504,260,BENIGN
32639,12122,194,74,8698,6397,211,1465,1116.97,137.07,32,21.3,36.52,92,35,882.45,422.17,14,97,BENIGN
58355,22502,209,92,1795,11994,1314,135,1190.56,205.94,24,36.71,0.21,36,0,185.06,58.22,436,150,BENIGN
54879,68872,111,274,3294,5012,1060,115,506.69,323.44,39,36.06,24.63,84,28,720.27,365.49,540,483,MALICIOUS
43223,28603,187,1,14302,6576,1220,964,162.21,352.05,24,30.44,47.27,59,49,342.18,214.01,80,54,BENIGN
52922,36495,99,482,7391,7816,247,1148,110.37,289.48,29,21.08,7.89,59,35,56.34,118.75,168,355,BENIGN
46065,19041,114,336,2649,2753,785,332,886.25,367.64,36,34.29,7.31,40,43,661.89,231.74,530,293,MALICIOUS
42074,83632,288,364,11640,937,339,344,1047.91,336.35,39,8.73,8.84,82,35,759.3,253.19,759,491,BENIGN
35619,49776,57,69,7668,2763,593,302,1218.89,372.64,25,98.44,47.14,59,41,279.82,19.52,616,119,BENIGN
10049,90539,492,43,1339,4638,397,40,234.3,66.88,25,62.41,23.07,10,27,768.03,377.06,146,162,BENIGN
52376,8298,409,447,11586,8486,570,1434,12.62,331.06,20,88.56,43.86,49,0,672.67,424.87,986,52,BENIGN
64464,82042,119,23,10519,2331,1310,970,1313.17,331.09,27,82.75,11.05,19,45,922.57,329.65,221,14,BENIGN
21700,48942,132,243,11767,5404,1269,1051,1415.1,363.71,37,12.79,24.4,61,49,472.85,1.71,926,401,BENIGN
24062,41923,212,301,2749,1587,796,1312,308.89,397.92,36,97.61,35.92,58,19,617.56,213.95,963,355,MALICIOUS
36914,73001,426,490,467,13105,525,10,1369.21,248.07,36,34.8,10.47,70,20,978.81,277.97,456,145,BENIGN
19516,44380,191,121,7261,14524,308,1169,994.13,338.61,35,16.65,25.9,72,46,554.75,386.22,848,260,MALICIOUS
28415,84790,494,201,4605,10672,1019,499,391.4,493.5,27,94.63,47.97,28,22,853.24,413.89,13,252,MALICIOUS
56113,48062,483,363,13128,2270,1283,1065,297.09,329.43,26,87.73,24.6,50,42,469.29,381.34,638,318,MALICIOUS
2837,41497,262,452,14838,959,1240,885,53.8,328.87,25,75.15,3.02,34,7,462.96,336.27,566,53,BENIGN
55571,36231,374,136,10868,3126,1100,642,0.74,78.69,37,61.13,22.03,67,44,417.79,383.82,783,277,BENIGN
45482,99195,72,148,14864,3569,915,915,550.61,234.59,36,84.4,12.51,75,43,412.66,331.84,680,184,BENIGN
8820,4993,264,205,3055,11658,648,1169,1001.26,252.0,36,38.34,29.55,68,10,414.81,296.38,99,438,BENIGN
8145,93153,489,291,4427,13521,498,404,611.88,34.2,31,73.85,44.81,36,18,198.67,201.72,551,179,BENIGN
27193,7835,279,367,1776,11960,276,1118,1401.15,464.05,36,58.24,31.91,69,10,58.81,118.41,505,242,BENIGN
28718,44981,315,418,3128,2133,549,1280,1296.63,58.95,32,82.94,39.65,67,20,561.19,0.02,568,258,BENIGN
20239,95696,130,76,13314,9780,1043,641,1196.0,254.76,29,18.16,17.45,56,16,862.21,152.88,1,290,BENIGN
3835,53856,364,152,639,12977,551,298,152.77,484.42,27,84.31,23.39,44,46,202.06,415.17,636,232,BENIGN
18774,39132,217,300,7991,14185,431,688,976.08,463.86,29,66.77,34.19,59,34,530.86,97.45,322,92,MALICIOUS
34057,5256,236,475,9284,5781,565,1021,1455.5,27.19,34,90.17,10.6,97,25,330.07,296.21,681,287,BENIGN
29641,65006,204,424,8213,8699,1372,868,38.54,406.64,39,68.1,17.36,46,37,735.19,397.65,613,139,BENIGN
34626,67554,271,179,2880,13548,627,546,922.4,44.34,22,74.18,33.24,53,21,990.36,182.25,121,249,BENIGN
28163,38567,80,462,524,9272,100,449,1055.89,101.47,26,33.0,11.09,47,32,174.45,162.54,411,264,BENIGN
33583,96283,486,407,14822,11098,0,1039,903.38,446.36,23,45.56,39.05,92,17,976.81,395.18,300,247,BENIGN
52493,27206,114,308,12480,11854,397,1128,1157.01,170.72,34,53.45,31.77,49,40,376.33,241.05,811,189,MALICIOUS
7785,5105,5,221,659,5386,1050,1109,1422.61,155.44,35,30.05,3.73,73,18,819.19,62.59,999,358,BENIGN
29585,7609,170,7,9804,10366,132,28,1156.6,122.68,22,82.25,3.2,67,19,885.51,334.17,53,13,BENIGN
37639,90003,176,217,780,7527,408,165,1411.7,410.35,27,85.34,19.33,57,17,430.57,90.67,969,322,BENIGN
5855,86259,376,272,5358,8620,205,895,1117.76,395.47,28,12.26,12.51,39,3,560.5,126.39,697,161,MALICIOUS
34034,19958,59,423,8747,1462,1344,518,1.14,102.64,24,5.49,21.98,9,5,392.18,87.25,649,56,MALICIOUS
50928,44615,105,160,2050,13340,1049,1388,985.1,372.71,27,8.61,40.85,57,21,75.49,211.6,833,186,MALICIOUS
13138,88673,46,6,558,10814,1433,407,1232.0,80.93,37,35.27,9.47,99,40,554.46,77.43,242,320,BENIGN
41475,71879,179,94,9585,11930,779,464,940.77,342.47,27,21.68,22.07,85,21,244.16,489.75,263,134,MALICIOUS
63116,58481,309,372,11647,10038,190,411,336.56,389.61,24,94.65,31.66,32,1,44.43,1.21,42,264,BENIGN
49759,30955,62,184,1733,11515,1122,548,508.72,422.95,28,92.28,28.54,94,12,710.93,479.52,13,362,BENIGN
13925,55564,383,88,13963,13077,421,847,1266.42,125.21,20,96.64,10.59,30,4,392.78,94.51,482,157,BENIGN
49934,53180,207,434,10157,10943,172,1224,752.75,273.46,26,1.11,9.0,11,14,43.72,170.27,828,109,BENIGN
20804,59415,59,111,4506,4644,1332,156,1497.24,138.26,33,47.87,12.26,1,15,151.85,495.62,865,290,BENIGN
62796,86600,161,112,8550,11226,945,249,386.28,258.99,30,74.51,36.93,43,29,710.72,379.64,397,84,BENIGN
48789,97784,106,498,6964,12156,1173,119,473.75,472.03,26,30.58,10.38,63,17,239.85,398.2,984,45,BENIGN
1863,88799,209,398,14700,13022,1178,967,671.93,92.0,26,2.43,19.54,87,31,803.96,189.49,410,378,BENIGN
57707,1014,438,391,10072,587,1154,76,644.0,326.37,36,81.91,5.81,63,14,841.28,241.59,390,311,BENIGN
50422,1142,85,321,8343,3142,333,734,280.88,195.37,32,32.63,31.28,21,48,921.13,9.49,341,35,MALICIOUS
43543,63618,26,58,12655,8185,1088,90,893.47,221.12,36,59.64,22.41,55,2,562.67,219.74,250,204,BENIGN
45599,18510,311,264,2082,10429,1491,652,541.43,141.52,38,5.61,38.77,15,14,302.88,86.05,296,38,MALICIOUS
16091,29355,321,186,11511,11328,756,1138,312.71,249.77,36,41.65,30.37,23,36,718.09,142.12,98,371,MALICIOUS
14709,99054,302,272,14552,7814,499,671,30.12,413.87,37,34.63,38.19,56,30,940.52,122.47,400,26,BENIGN
60825,53350,2,57,1785,7970,552,616,1071.09,406.0,28,4.97,26.18,34,38,599.82,451.13,355,412,MALICIOUS
12873,51255,245,240,13178,5253,245,858,164.67,322.9,27,19.47,49.6,97,0,246.54,362.42,588,315,BENIGN
42850,24357,319,293,4341,5812,1388,1131,263.61,307.5,23,91.67,32.48,2,19,960.66,354.81,425,314,BENIGN
26364,30263,255,62,11165,2607,695,562,624.05,90.6,32,71.87,9.78,74,32,808.87,425.9,457,65,BENIGN
36546,90501,453,435,7529,9482,1215,1382,271.31,338.62,24,31.76,1.57,35,28,665.67,59.48,915,18,MALICIOUS
31366,13641,366,18,3202,8399,975,309,199.99,431.12,39,94.7,45.54,84,43,37.24,438.43,203,458,BENIGN
17141,41478,156,438,13766,7651,399,73,473.35,420.63,36,82.43,12.6,11,21,360.0,497.11,965,92,BENIGN
22194,62336,185,198,13734,4859,1379,1197,1499.73,97.91,31,78.42,28.85,49,4,643.44,405.38,706,299,BENIGN
48502,98211,446,66,11065,7297,983,1460,1001.75,413.01,36,1.89,16.73,40,6,555.14,352.57,126,389,BENIGN
10104,80350,109,351,11939,14400,1310,468,421.3,126.62,25,52.44,13.43,43,38,674.73,114.22,753,457,BENIGN
31685,85814,238,97,10734,14177,118,877,39.46,137.74,26,17.6,25.69,28,30,833.29,429.07,162,292,BENIGN
49201,6292,222,244,10489,9521,990,1485,227.54,73.51,33,37.67,1.76,34,10,366.01,269.93,425,133,BENIGN
29612,10237,39,292,4294,11216,1488,867,684.41,302.56,38,40.26,42.84,89,25,428.34,206.03,197,138,BENIGN
43727,72332,92,141,9896,12014,606,986,903.78,285.53,20,13.01,45.14,90,29,311.83,19.95,46,411,BENIGN
52424,97706,423,243,3909,13817,1499,967,1072.38,399.0,39,87.77,30.22,34,7,326.49,16.71,422,388,BENIGN
11207,72518,347,392,2862,7832,1286,1471,693.58,310.92,32,33.61,50.0,73,16,629.76,345.46,185,449,BENIGN
22737,74965,275,318,1648,5737,1007,87,1316.58,315.75,24,68.3,44.94,44,46,39.22,122.65,224,105,BENIGN
65007,87912,267,86,13698,2106,1301,650,1048.8,449.4,22,56.6,45.7,77,44,473.52,219.96,360,452,MALICIOUS
15258,88923,134,317,13707,14390,1295,1328,904.35,285.81,28,51.25,46.86,80,25,851.12,386.86,460,330,BENIGN
1790,61867,216,183,2391,5317,978,1469,855.68,78.35,29,92.6,38.08,80,35,24.04,228.54,513,346,MALICIOUS
63712,76742,111,131,14733,10291,1030,1328,1162.56,341.95,25,88.94,31.49,71,45,785.32,457.69,638,139,BENIGN
56353,36096,243,48,7573,4719,32,1259,943.33,115.03,34,25.97,35.91,82,17,797.9,17.96,972,359,BENIGN
11417,6829,441,495,12558,6022,1259,959,1008.24,300.24,37,60.42,18.54,21,17,371.41,147.06,8,99,BENIGN
65496,8418,320,393,1644,3513,149,305,1290.47,12.04,28,80.98,41.39,30,2,156.31,373.77,227,111,BENIGN
23810,51816,60,215,1784,13395,1070,855,59.68,382.45,27,73.47,6.01,37,40,735.82,348.53,770,51,MALICIOUS
30287,41140,189,497,636,10080,1437,738,354.09,91.7,32,26.37,13.49,51,32,621.99,106.62,64,153,BENIGN
27273,74423,301,29,11501,5488,461,580,14.61,405.31,30,81.17,0.25,33,34,308.98,376.01,401,385,BENIGN
37537,24097,30,353,8403,1830,588,1162,853.13,485.0,29,83.36,42.34,89,46,385.75,71.92,524,339,BENIGN
26365,26624,25,177,11914,10449,114,1261,1098.2,18.76,20,61.26,15.05,87,20,592.59,395.44,814,371,BENIGN
54085,26755,480,222,7315,9801,1399,1411,1215.14,18.91,29,90.21,4.68,2,18,668.61,114.22,568,238,BENIGN
56748,19258,114,129,4740,12750,1294,76,733.78,275.83,36,85.36,37.9,39,25,19.62,411.76,167,393,BENIGN
25805,13435,246,451,6716,1263,801,733,920.38,499.99,39,95.35,37.95,18,2,584.4,357.45,887,41,BENIGN
15346,94792,323,296,11962,5424,1499,1332,276.25,494.68,33,53.12,42.47,8,4,496.6,3.7,230,121,BENIGN
53411,67151,164,73,2419,8766,1455,666,729.36,88.83,21,11.75,22.72,46,23,186.77,47.15,993,152,BENIGN
8762,84646,113,326,6778,4907,484,563,946.88,29.17,23,63.83,35.41,76,38,465.64,279.97,142,166,BENIGN
62701,99865,19,156,3430,4876,527,436,1443.9,333.44,24,47.28,0.83,28,9,297.71,450.17,129,190,MALICIOUS
19427,46847,341,4,10724,6746,693,229,738.0,121.36,30,53.03,33.12,42,35,189.42,243.28,452,48,BENIGN
4200,15885,175,271,9089,10274,230,101,510.44,475.4,36,32.86,11.88,63,39,43.14,111.99,150,12,BENIGN
49219,51691,194,296,6047,2775,138,728,1020.58,228.52,26,65.05,33.2,45,12,323.67,151.85,85,336,BENIGN
19469,61007,116,376,13914,5677,975,571,388.12,52.82,34,11.47,21.42,70,36,425.05,43.75,74,170,BENIGN
32562,13165,387,286,647,14753,496,1211,1109.57,281.53,39,52.99,27.09,57,28,864.96,490.45,207,26,MALICIOUS
38368,75574,468,135,1300,6008,279,1206,707.76,418.31,34,96.11,47.59,68,18,181.99,467.88,525,13,BENIGN
53085,32925,40,161,14468,13244,901,555,18.24,308.24,23,6.66,49.8,33,16,394.92,375.18,913,418,BENIGN
12936,73960,310,342,4314,9239,808,1251,759.14,40.97,24,47.7,25.71,52,23,72.49,495.82,915,361,BENIGN
27520,88102,159,174,3537,1873,706,800,1142.9,235.58,26,9.34,41.23,89,49,30.5,483.08,916,361,BENIGN
56161,81679,489,43,815,7949,212,961,36.46,154.61,27,33.81,9.39,45,34,624.77,245.64,17,340,BENIGN
37192,70635,276,238,1509,13579,623,1135,1218.47,436.54,20,34.03,13.55,95,12,521.82,264.89,104,248,BENIGN
4022,1115,380,467,1182,3637,1138,1361,999.85,469.57,39,97.7,15.89,22,15,320.95,407.43,232,16,BENIGN
2866,53334,242,3,8849,7524,331,1031,773.78,162.2,31,56.13,2.87,75,28,450.64,459.2,208,496,MALICIOUS
3764,44029,416,50,1973,11266,741,108,761.42,29.51,20,46.84,13.97,74,44,633.6,99.58,2,44,MALICIOUS
64302,60560,327,341,10682,9060,997,881,1153.35,330.87,36,9.13,8.29,37,45,474.45,119.56,134,56,BENIGN
3627,31509,267,330,2490,6894,677,929,433.37,377.13,31,60.29,28.83,77,14,358.41,496.98,32,335,BENIGN
49758,78201,446,494,12190,11555,62,594,604.41,444.53,32,96.92,46.08,6,6,167.07,240.92,980,116,BENIGN
40428,59722,281,165,1235,3926,825,1123,453.25,344.61,27,82.27,21.59,44,5,40.17,384.89,977,400,BENIGN
25721,81113,463,497,14878,14864,1109,1261,877.43,105.38,29,13.6,34.51,99,4,655.87,261.26,359,83,BENIGN
38818,60024,132,238,10340,6665,1464,583,1142.08,413.42,38,90.1,10.72,62,1,501.34,378.69,946,280,MALICIOUS
34839,17519,363,348,13172,2846,6,45,1496.27,499.0,29,65.21,25.75,67,39,807.54,449.52,232,433,BENIGN
60450,13412,448,13,5687,196,1170,1481,914.01,181.41,27,1.24,12.44,33,28,931.96,253.47,316,93,BENIGN
26865,68027,282,145,13192,10023,798,1041,286.56,196.98,30,56.1,9.77,83,27,352.24,92.03,73,273,MALICIOUS
51387,47493,122,309,5907,132,975,523,109.2,110.73,37,66.83,44.91,71,13,401.62,316.23,547,484,BENIGN
34438,80985,396,56,10488,1797,405,2,1456.96,180.82,37,42.8,27.46,61,35,646.36,365.07,67,356,MALICIOUS
6728,49713,157,220,8540,10613,428,35,1324.74,276.39,20,22.8,16.92,74,35,45.36,438.24,737,451,BENIGN
48844,84850,69,460,7514,5699,116,1179,780.25,25.01,29,72.97,13.81,4,42,225.85,352.61,705,396,BENIGN
48568,10455,26,241,5068,4085,456,483,1007.38,38.71,21,57.29,35.57,25,35,943.34,183.95,980,497,BENIGN
43888,12754,355,303,10501,3476,1330,483,732.43,25.82,30,80.28,33.65,71,38,535.99,351.01,842,98,BENIGN
10792,16786,316,195,12731,5088,1040,1093,1286.91,408.65,20,99.08,17.37,71,12,725.04,336.43,954,486,MALICIOUS
48314,49425,278,308,14970,2315,755,1051,1113.92,233.61,34,1.14,45.97,9,8,188.8,12.0,458,257,BENIGN
64770,46722,246,422,13588,2130,1025,1341,961.16,471.29,27,56.16,49.09,33,40,821.82,469.88,349,337,BENIGN
11603,11578,451,343,9272,2186,695,298,157.35,295.21,30,49.11,31.11,29,40,293.35,190.45,690,484,BENIGN
8474,608,52,212,1046,9189,913,1114,1494.46,95.58,31,60.76,22.9,66,41,924.31,482.81,233,305,BENIGN
48481,98332,144,34,5060,5453,380,668,505.24,415.53,38,87.55,10.71,36,32,953.68,419.48,983,185,BENIGN
54461,72746,25,149,13989,13958,72,755,1157.11,49.03,35,3.18,23.61,7,45,932.25,364.51,546,259,BENIGN
34886,38406,75,99,13340,7489,540,345,442.71,303.98,38,97.68,35.08,43,12,651.93,204.78,933,166,BENIGN
31931,21273,237,252,7894,12658,655,272,793.97,405.72,26,1.97,23.58,10,27,951.11,435.1,483,194,MALICIOUS
4879,65235,374,272,4171,796,1000,568,1306.38,433.24,30,54.19,41.02,6,32,843.41,388.92,296,400,BENIGN
48950,93772,233,262,2294,14557,1131,83,1000.33,300.56,23,19.26,17.31,27,13,189.22,361.53,295,378,BENIGN
3631,91589,69,25,8676,11728,1433,604,798.0,329.77,38,70.81,41.91,8,17,821.67,193.69,372,445,BENIGN
14729,24195,259,412,3780,12017,8,163,1418.35,342.57,27,9.17,2.78,60,7,635.38,209.08,174,213,BENIGN
1016,36974,300,220,11502,8628,4,65,1148.13,368.02,28,27.92,6.79,52,31,159.02,441.11,527,387,BENIGN
35899,29549,280,78,5521,1730,1088,317,1070.64,458.34,25,17.48,19.24,78,22,223.42,213.0,593,333,BENIGN
7747,51898,71,124,5904,11956,1015,876,870.2,0.01,34,14.01,27.61,99,38,913.7,29.09,385,327,MALICIOUS
27266,32500,193,372,8070,8655,385,571,726.18,455.98,38,18.11,7.84,7,17,757.45,319.02,733,237,BENIGN
3545,76440,364,405,7147,4941,1392,1272,211.47,371.29,37,69.15,49.05,7,2,746.33,409.87,601,237,BENIGN
33193,55166,425,305,8303,7482,851,135,1438.17,255.2,33,6.95,4.2,34,7,375.14,363.7,979,363,BENIGN
21663,47318,207,438,2587,2316,153,225,765.53,104.14,32,56.56,26.86,5,36,250.94,284.51,20,55,BENIGN
9399,11497,224,304,11374,6109,1341,1078,29.78,11.94,38,68.66,28.04,37,36,528.5,307.37,514,275,BENIGN
50873,60981,478,228,10548,5816,682,291,557.76,311.09,35,99.0,30.68,20,0,435.11,345.87,747,292,MALICIOUS
57302,16426,443,420,2089,759,1290,1287,1162.74,103.07,29,53.79,1.09,78,7,691.67,270.54,283,240,MALICIOUS
36618,93544,369,339,6138,9584,1089,130,723.56,252.63,31,81.82,41.95,68,32,727.92,231.04,412,444,BENIGN
38200,3576,142,442,8464,4487,437,1371,431.74,265.64,24,85.42,2.64,83,40,8.85,314.21,151,312,BENIGN
2929,67577,363,8,12037,3438,554,480,902.66,428.1,31,94.92,30.85,62,40,712.79,492.16,400,294,BENIGN
41491,82930,336,284,7476,3472,288,175,766.69,197.63,31,12.15,39.16,10,48,669.13,496.35,125,488,BENIGN
61474,70761,450,211,13099,2478,1316,643,849.87,244.31,26,43.4,39.79,88,11,712.85,253.1,710,414,BENIGN
44334,77466,55,271,7619,14140,1454,1152,1153.76,395.44,21,45.28,49.77,56,44,814.32,228.79,919,450,BENIGN
57677,6495,207,43,13469,13798,1396,862,1330.74,222.55,36,28.02,29.25,6,3,257.55,371.74,50,411,MALICIOUS
38996,1661,73,102,2576,3920,1155,1445,1208.56,61.37,35,99.91,19.35,86,45,218.6,11.94,269,216,BENIGN
30445,12682,358,210,1568,9225,744,476,863.89,434.8,29,6.42,11.62,73,41,161.74,282.39,801,454,BENIGN
3464,52039,407,19,650,3844,85,403,1147.77,181.96,27,62.64,28.81,28,2,667.39,162.65,876,85,BENIGN
18597,18471,408,39,6216,14577,1304,1240,524.06,229.29,30,8.23,21.2,64,47,242.16,169.21,463,12,BENIGN
37289,92840,34,277,5411,11215,237,1250,1498.08,364.68,32,85.27,30.99,17,39,721.7,415.04,836,28,MALICIOUS
26341,24401,33,29,8187,1573,33,1240,802.71,8.89,21,74.57,1.78,96,17,418.0,386.35,237,381,MALICIOUS
45956,9718,185,363,13240,1573,1021,249,372.21,288.77,39,73.67,28.74,39,44,357.36,404.57,617,365,BENIGN
35727,69269,113,382,7729,2728,971,207,808.68,478.29,28,17.77,27.77,67,5,717.05,117.93,548,219,BENIGN
32554,20152,109,230,5703,10375,1060,945,1165.97,201.5,34,88.59,11.32,22,48,645.82,249.13,340,184,MALICIOUS
1537,72082,277,140,14089,12502,866,107,1202.23,276.83,23,71.7,1.24,79,24,84.88,472.03,970,313,BENIGN
7535,15033,396,25,1097,14653,1221,1181,469.36,52.23,34,38.95,19.06,41,2,61.41,148.81,608,210,BENIGN
41351,47997,467,360,5460,7630,507,1050,757.5,338.88,32,21.86,36.59,26,46,299.74,456.69,942,202,BENIGN
18678,96449,425,38,5855,12835,952,191,432.61,426.05,21,37.28,18.54,80,21,848.34,370.95,187,393,MALICIOUS
10330,70955,203,105,4391,8261,923,1096,545.83,492.64,34,87.52,6.18,37,11,486.64,330.84,124,281,BENIGN
45755,6749,423,327,7762,5787,377,1406,193.07,99.51,31,48.16,28.99,49,16,114.79,362.93,950,95,BENIGN
17323,59474,376,20,8,5215,977,435,1105.36,232.49,26,7.66,35.27,2,49,323.72,85.03,223,151,BENIGN
30634,92737,68,438,2796,3709,782,274,218.37,353.69,30,79.98,33.71,61,32,473.22,309.71,267,113,BENIGN
18229,21068,409,386,5067,1414,1469,1176,1276.91,401.9,28,89.45,12.08,77,25,464.82,153.56,701,436,BENIGN
64222,72948,11,58,10731,9468,404,1212,30.97,392.44,39,72.82,47.53,74,8,563.52,496.76,92,409,BENIGN
22237,65910,450,71,12208,7561,1473,1002,683.83,368.77,36,64.55,41.55,99,30,728.19,368.68,791,289,BENIGN
19822,19869,279,303,10050,2021,697,191,1009.87,76.91,34,96.94,8.46,29,49,998.81,27.86,726,173,BENIGN
27843,54682,17,408,12275,2466,852,766,960.1,122.64,37,73.52,37.52,26,43,81.45,227.85,392,34,BENIGN
51057,86134,69,275,10319,13303,1284,19,467.97,246.09,35,71.09,37.72,29,12,175.11,320.82,3,388,BENIGN
51076,91141,213,239,5133,1318,179,975,1277.78,58.59,32,57.29,46.48,85,32,555.88,211.99,681,209,MALICIOUS
45197,9857,375,41,8225,7401,1044,754,1198.53,495.15,28,56.05,30.83,7,16,179.54,68.17,347,232,BENIGN
1255,44722,417,259,7370,14429,298,803,551.27,17.87,38,9.72,32.3,84,17,711.41,158.11,366,179,BENIGN
60146,73291,112,162,2592,8182,922,657,581.91,21.46,20,16.44,19.17,79,45,247.95,206.66,514,414,BENIGN
47911,29937,43,41,1180,10669,573,4,1337.08,361.24,24,64.71,42.31,48,33,554.71,286.02,460,488,BENIGN
42300,86707,115,84,6505,3862,466,1170,237.91,190.87,38,41.68,25.81,82,34,687.19,342.78,336,10,BENIGN
30010,49690,103,296,14090,4274,633,1411,255.67,95.18,24,34.92,25.28,40,1,412.08,54.93,563,239,BENIGN
4491,80073,31,307,13526,4741,464,890,709.86,162.03,27,20.94,48.02,83,49,550.71,435.56,291,24,BENIGN
18662,42009,400,374,2247,1405,363,303,1470.26,295.13,20,34.57,17.21,75,5,584.52,57.72,748,316,BENIGN
21781,53094,437,468,1242,5958,69,320,555.54,403.48,26,25.63,27.35,56,32,710.46,277.47,553,496,BENIGN
18707,84519,104,426,14647,5418,1005,1145,222.81,409.14,21,89.06,23.19,18,11,38.77,163.26,907,381,BENIGN
20873,2302,245,268,4078,10237,1003,114,1272.84,66.7,39,50.09,8.24,90,14,918.09,353.57,649,150,BENIGN
52246,53966,343,363,390,13942,717,675,1180.43,87.21,31,94.06,8.84,55,48,590.7,147.57,707,353,MALICIOUS
58251,44488,431,195,11189,4575,368,926,517.58,440.35,34,44.28,37.31,47,1,116.56,435.65,818,54,BENIGN
23797,74055,375,326,14426,9827,411,110,1374.65,455.9,20,28.13,33.36,38,46,80.11,136.89,474,269,BENIGN
48594,62474,96,424,7784,3795,106,324,1181.23,410.87,32,40.01,35.47,70,0,624.4,294.0,148,266,BENIGN
32037,97207,470,57,5567,4661,157,1268,138.62,15.21,21,93.52,21.04,63,48,207.78,49.13,277,272,BENIGN
4398,2909,475,67,6355,9365,444,868,968.51,231.37,23,34.36,18.38,66,13,618.08,117.36,235,347,BENIGN
62143,57208,170,205,4851,6650,999,187,691.03,68.19,26,74.65,27.95,96,25,417.52,171.51,66,292,MALICIOUS
24438,275,110,391,11026,4061,1,1397,977.79,2.6,20,81.31,0.81,58,18,363.36,237.01,816,393,BENIGN
41471,96166,228,451,13271,6341,161,1039,1463.26,91.5,31,90.41,33.1,95,41,540.0,125.89,688,380,BENIGN
43033,95430,320,64,11848,2185,946,993,1358.25,82.68,22,50.68,33.75,69,42,397.04,403.54,320,233,MALICIOUS
12161,35998,55,452,7881,9580,700,1346,90.26,429.76,26,89.59,47.5,71,27,944.05,24.76,491,234,MALICIOUS
41764,43738,439,19,8984,11793,1017,322,518.15,204.32,35,21.01,46.09,60,41,26.62,192.28,710,157,BENIGN
35856,35891,1,425,4427,922,1369,638,1353.58,262.17,31,62.97,20.74,37,26,756.01,178.52,642,216,BENIGN
48122,78293,490,62,10334,2008,309,1327,1126.16,182.89,26,38.03,37.64,49,9,359.65,15.95,4,217,BENIGN
31577,15529,167,143,4711,2094,375,1481,491.45,186.36,29,14.48,15.8,43,40,921.76,224.37,556,81,BENIGN
41265,8647,44,363,1383,8344,1169,1437,448.6,281.67,26,77.34,23.64,60,48,514.54,189.99,812,466,MALICIOUS
54113,3129,109,436,14967,4840,1427,1149,471.27,209.22,31,35.23,13.89,58,2,629.16,116.85,803,249,BENIGN
39849,40590,115,338,14340,1013,1381,943,925.73,156.92,26,42.35,12.11,54,11,682.68,469.22,68,363,BENIGN
64471,16882,203,352,6569,7717,1112,932,843.94,294.73,33,69.64,17.97,29,37,863.34,386.78,81,246,BENIGN
10226,67138,354,315,12419,2152,955,236,620.13,100.62,24,70.91,25.14,18,38,427.59,287.26,693,362,BENIGN
51081,53963,341,370,8683,12664,1231,6,662.88,153.61,33,42.4,43.97,95,43,414.45,366.15,333,222,BENIGN
60268,5012,211,162,10040,13316,327,621,479.5,480.45,20,60.94,4.82,16,7,173.18,472.33,115,438,BENIGN
3808,49389,38,491,6049,3870,268,355,923.26,475.62,21,63.25,44.47,23,48,55.22,220.28,800,427,BENIGN
11480,33253,498,408,13612,4939,1025,166,582.77,274.09,38,24.6,48.5,92,4,921.2,398.43,894,277,BENIGN
50903,35353,205,84,7999,8076,1165,91,542.66,19.82,27,2.75,47.53,80,30,978.03,399.14,687,47,BENIGN
4592,1372,445,491,7321,4954,1046,241,757.37,272.86,22,97.41,1.3,78,16,970.4,439.9,383,482,BENIGN
9936,11707,239,490,1912,5743,819,1471,791.02,492.58,21,10.96,28.25,29,12,664.49,498.07,64,423,BENIGN
2287,59240,134,217,2220,3725,616,253,418.07,360.61,20,21.2,17.21,89,23,905.86,483.22,97,42,BENIGN
64421,55904,170,370,534,14279,410,1044,399.04,312.18,20,79.6,11.16,23,7,937.06,207.79,35,264,BENIGN
62172,7054,360,320,7757,5162,663,1340,1356.2,252.41,26,24.53,19.87,67,32,354.11,184.43,805,224,BENIGN
22712,94902,163,459,13417,9372,929,675,538.61,438.0,31,85.4,40.94,87,11,529.3,361.88,682,48,BENIGN
5690,45778,185,85,701,9796,110,1321,1173.76,391.3,31,15.38,7.94,75,33,471.38,170.39,343,350,BENIGN
54004,5169,486,125,9979,4306,993,1216,624.72,210.09,38,36.66,47.76,40,27,342.99,48.87,678,168,BENIGN
16876,35353,145,333,8177,2479,1484,1336,684.45,15.03,29,40.5,10.25,56,31,126.92,424.99,731,482,BENIGN
52906,28245,287,176,9402,6336,571,485,1402.68,315.95,23,41.87,28.58,42,14,189.94,432.21,498,107,BENIGN
22991,22694,329,100,6763,820,699,86,1110.55,88.15,29,88.95,17.13,75,14,49.34,277.07,920,420,BENIGN
13227,82382,373,272,2030,5201,488,1138,253.09,329.84,22,67.77,12.92,58,33,179.41,371.67,52,314,MALICIOUS
44602,94519,476,183,14397,4575,268,1107,1341.53,64.14,20,55.93,22.22,78,32,165.05,12.37,981,366,BENIGN
53940,62022,269,276,12348,1048,900,539,1129.56,200.74,22,88.84,29.72,50,34,230.32,164.89,609,64,BENIGN
39610,26901,203,212,13216,1114,1416,1202,264.48,444.58,36,2.7,11.13,2,18,663.84,5.27,572,465,BENIGN
48463,99693,214,431,13469,3769,241,1345,1259.39,176.85,35,75.01,31.89,12,5,764.21,409.84,811,157,BENIGN
61020,17762,115,222,2854,192,377,786,617.84,325.49,27,44.74,31.03,33,34,877.47,329.31,662,489,BENIGN
43498,73792,232,61,11145,12508,1452,1357,316.56,344.52,24,15.63,31.34,52,38,735.17,359.69,186,67,BENIGN
38880,25544,190,168,6584,14136,189,472,997.91,264.39,22,35.8,42.59,62,40,65.93,373.05,718,9,BENIGN
46721,94893,156,375,13602,12615,1127,835,1382.58,307.83,31,53.41,3.33,91,18,640.25,152.27,41,72,BENIGN
20264,41987,8,447,5809,7595,205,848,867.99,309.51,23,9.56,22.34,18,49,786.02,87.13,516,184,BENIGN
13488,46483,380,25,10688,11757,764,667,372.16,360.55,28,26.54,29.76,14,40,442.71,88.31,606,27,BENIGN
50083,57141,45,212,9074,4697,468,1364,41.64,195.93,25,89.16,15.32,83,36,118.04,279.43,452,217,BENIGN
60598,62963,318,447,3977,10676,986,335,1321.63,480.61,22,48.9,6.25,29,11,440.94,125.02,771,156,BENIGN
50529,80314,286,370,5738,397,778,931,408.37,129.94,20,13.85,18.63,57,45,998.42,446.86,995,195,BENIGN
25930,8626,403,347,6977,13318,968,1054,882.17,35.93,22,76.1,1.6,29,28,103.69,151.62,624,95,BENIGN
64398,69828,77,224,13068,9010,1283,424,1103.53,114.6,36,11.35,18.01,84,46,865.51,366.66,74,69,BENIGN
15539,69163,181,204,4771,12239,1189,1216,838.97,163.41,34,15.67,16.47,53,1,466.93,482.25,800,373,BENIGN
28019,8202,267,183,13721,5164,77,677,1039.63,496.98,25,60.25,13.48,53,39,10.21,415.32,689,247,MALICIOUS
5256,54207,259,141,13196,8402,165,694,1250.48,71.49,34,98.68,5.62,31,48,694.98,56.04,622,377,BENIGN
46918,94928,422,434,4655,12439,1318,1373,200.97,443.04,32,30.97,0.7,89,24,876.71,360.22,169,209,BENIGN
19271,79821,94,319,11627,4910,501,41,373.99,334.03,32,12.62,40.69,39,8,546.77,282.49,151,120,BENIGN
45610,29125,81,6,2542,5843,1240,1399,305.74,498.53,29,15.52,23.21,77,14,445.47,406.9,348,5,BENIGN
64856,25565,420,358,7708,4555,95,713,1319.66,489.51,22,34.26,32.95,63,5,215.67,454.28,691,108,BENIGN
55900,19935,353,423,13522,1073,243,1468,917.9,64.23,29,4.3,22.19,60,11,839.87,458.21,853,45,BENIGN
47562,96824,258,389,8675,263,81,934,1045.16,25.7,25,98.15,13.65,0,39,702.61,342.12,915,241,BENIGN
24300,60807,270,247,12506,5595,1424,710,914.03,268.27,29,51.97,11.08,84,43,715.69,201.34,491,233,MALICIOUS
19328,55593,147,373,4502,14850,790,1496,289.05,250.97,22,39.5,46.2,42,5,658.92,496.13,380,337,BENIGN
5011,76403,433,49,3949,47,1392,1403,669.7,116.16,20,67.9,14.13,22,26,472.61,327.15,404,137,BENIGN
51329,93392,385,423,12471,13073,1258,1117,847.35,434.89,30,47.46,1.52,68,5,509.51,87.51,6,2,BENIGN
13469,41655,442,234,10092,10376,998,266,772.96,448.45,27,72.99,19.19,23,26,185.38,338.26,354,274,BENIGN
19291,15818,92,62,3272,228,1286,48,1011.34,341.07,32,85.18,31.84,13,49,442.06,400.46,894,56,BENIGN
12248,16462,242,486,13372,2946,1481,641,391.97,290.8,31,29.76,15.14,82,3,576.67,248.49,914,47,BENIGN
61156,9841,375,25,7969,14290,1445,587,434.25,469.29,24,22.27,8.12,84,1,487.97,382.35,660,31,BENIGN
5048,87372,136,442,13162,12006,1082,1092,1209.47,191.68,29,61.86,20.74,41,37,282.29,5.33,282,163,BENIGN
25053,60693,203,75,14245,1547,980,600,1448.77,437.52,32,99.75,17.99,69,2,96.5,41.47,832,281,BENIGN
57305,5791,67,267,5800,2061,1269,312,1028.86,209.71,34,58.9,11.2,97,15,729.42,300.38,894,110,BENIGN
12441,93294,192,164,11406,7645,1131,642,373.67,29.63,27,20.09,35.26,40,30,991.88,198.79,131,324,BENIGN
20032,28277,489,395,10207,3317,951,1480,482.57,489.37,23,19.53,34.31,53,14,480.89,34.7,174,85,BENIGN
56398,46583,70,312,6728,2577,900,938,221.99,387.28,37,86.8,17.39,57,14,167.3,351.59,570,124,MALICIOUS
51067,17813,476,433,12265,2711,636,848,302.42,18.09,34,11.59,21.64,74,43,432.32,29.76,145,321,BENIGN
8610,46255,142,128,3338,11023,1362,147,1364.85,479.09,28,73.36,12.85,59,41,121.17,49.47,846,472,BENIGN
52524,93985,271,365,12266,6536,824,1098,780.65,400.16,25,27.09,19.13,72,40,661.02,367.06,255,453,BENIGN
19433,80868,14,252,9848,10376,463,1212,35.87,295.93,21,75.33,49.84,75,45,378.42,219.37,227,133,BENIGN
21796,32311,365,170,12074,2182,601,17,1162.3,405.35,24,67.14,12.36,31,26,359.22,377.56,913,51,BENIGN
37644,95790,325,250,2628,2157,978,698,1036.36,201.67,26,64.21,30.49,50,14,860.02,51.0,358,402,MALICIOUS
55732,81071,294,452,9689,527,1139,18,569.38,107.05,32,27.69,11.66,63,45,206.91,100.88,457,449,BENIGN
20260,15998,403,481,6110,4691,436,1383,658.01,432.51,24,52.96,12.52,0,33,771.9,270.26,108,65,BENIGN
37901,6538,235,353,6355,6494,1262,1339,1353.85,157.78,32,51.46,45.57,36,32,170.73,340.28,338,228,BENIGN
58853,22822,404,141,11275,8258,84,199,1021.52,161.47,24,65.82,3.08,50,41,72.44,83.59,153,294,BENIGN
6993,32985,102,188,13608,8146,415,1023,915.2,281.18,31,42.52,0.77,55,9,3.23,489.39,536,386,BENIGN
14528,26789,438,392,5838,9577,1151,1273,892.79,26.52,21,57.21,32.21,45,33,21.91,154.18,203,142,BENIGN
18008,81552,150,330,2865,635,536,252,596.59,281.3,20,68.99,33.78,89,46,954.15,135.8,417,190,BENIGN
48283,97313,275,67,8256,8749,727,67,1389.57,68.66,28,97.2,47.14,71,4,533.06,355.65,675,404,BENIGN
4001,83795,101,33,10538,13196,1193,124,238.0,104.0,23,23.7,44.08,39,22,217.02,366.54,419,297,BENIGN
9733,21095,417,174,1876,1008,1287,252,138.3,415.97,22,44.43,48.91,77,26,546.24,385.1,447,44,BENIGN
28773,54272,79,18,10173,8521,361,1177,155.23,149.92,33,43.01,4.07,32,20,847.2,452.3,307,307,BENIGN
18287,32582,217,110,10657,7664,999,506,744.95,153.44,35,20.91,27.24,13,26,749.46,154.39,100,336,BENIGN
22003,28001,464,157,4438,11075,460,433,1443.34,377.65,38,58.19,6.3,97,36,930.53,144.2,530,161,MALICIOUS
55150,88637,356,487,11043,6227,406,1203,750.41,260.89,34,1.68,29.46,18,40,74.98,153.13,980,290,BENIGN
7393,46685,135,483,14218,4706,11,1241,243.84,266.46,24,30.07,32.46,6,0,543.36,279.92,274,470,BENIGN
19036,78808,283,51,7645,7877,828,1175,334.54,394.16,26,77.75,0.22,17,10,168.89,311.27,127,437,BENIGN
24591,13542,274,374,1096,8744,800,1085,1277.75,173.5,31,63.04,18.27,50,12,719.51,51.67,247,269,MALICIOUS
7801,41884,354,389,3375,2447,269,606,814.18,311.2,23,10.08,32.38,99,36,605.78,375.36,917,395,BENIGN
18721,55676,13,477,4223,2191,925,1075,17.76,486.76,31,30.91,41.67,0,12,481.85,232.12,993,339,BENIGN
33340,92982,312,83,2716,9385,1470,1489,184.86,451.98,28,48.74,24.88,58,4,247.04,38.96,836,133,MALICIOUS
28288,71446,266,132,12053,13663,1052,1326,852.8,132.22,32,30.4,15.73,41,49,756.87,359.5,446,330,BENIGN
15458,37152,472,55,2892,2009,181,241,1041.2,231.47,39,29.93,39.3,22,48,483.52,318.98,541,269,BENIGN
59137,41325,4,355,14125,122,1387,466,969.86,94.96,29,58.55,33.12,70,45,999.3,152.11,137,79,BENIGN
63704,58031,329,323,10064,14884,1281,758,804.59,128.69,37,43.62,5.1,10,35,180.02,488.7,368,269,BENIGN
54353,56991,471,487,1076,3851,978,561,1015.22,146.49,37,8.83,24.3,14,35,777.88,316.5,364,48,BENIGN
28748,80305,267,98,5555,6807,1283,399,370.48,146.59,21,91.96,4.74,21,15,368.21,426.77,678,421,BENIGN
1043,55201,146,156,4910,4306,1143,736,186.88,68.65,37,95.24,23.13,22,33,946.14,134.91,551,310,MALICIOUS
22272,2456,267,388,11762,10389,239,543,884.81,32.65,20,78.29,25.02,94,46,323.48,178.61,291,163,BENIGN
24258,64184,438,344,209,5019,418,67,1085.52,334.59,36,23.68,45.31,17,29,431.94,453.76,591,273,BENIGN
12159,83309,171,237,10388,12862,436,1213,1243.3,158.32,25,52.1,35.41,45,6,31.96,312.54,205,269,BENIGN
55226,24008,423,67,9518,6594,238,1427,673.13,339.33,23,34.39,19.0,18,34,981.96,232.81,13,66,BENIGN
25810,63467,308,102,9801,14892,1219,639,1000.64,264.8,25,51.7,46.32,53,45,175.73,117.0,634,118,BENIGN
19724,12777,467,123,3231,11364,384,790,650.14,457.83,25,81.2,8.66,77,24,54.8,303.45,414,92,BENIGN
9604,48564,284,243,6598,10588,1079,599,1433.59,345.76,36,2.73,11.75,36,19,269.31,29.71,220,284,BENIGN
42196,13495,494,199,1453,13944,795,748,1075.96,338.02,39,56.32,4.5,6,4,678.69,119.61,388,7,MALICIOUS
39231,65119,102,347,8972,10040,1395,121,1143.89,292.48,30,89.5,30.85,3,25,735.93,391.78,748,347,BENIGN
58362,95172,118,179,461,2844,810,1274,79.91,428.25,35,7.93,49.98,16,49,699.31,25.53,145,203,BENIGN
25022,67871,378,336,9541,12872,533,207,1330.49,323.02,23,49.03,48.21,6,17,178.39,106.72,310,151,BENIGN
14953,11315,219,352,4793,6123,569,1243,1090.81,472.55,22,55.04,0.14,8,13,123.16,318.95,639,173,BENIGN
38131,63248,388,440,13753,12743,1195,1270,1148.6,117.54,36,24.38,22.28,81,23,433.93,205.37,694,188,BENIGN
54123,55975,203,0,5444,6736,1291,1491,372.46,209.45,25,25.86,1.08,83,1,656.87,479.55,829,423,BENIGN
10216,27818,483,92,5855,9243,954,60,625.41,375.35,24,11.45,33.05,48,15,961.18,258.12,806,456,BENIGN
19971,41325,151,196,11520,4853,291,924,145.33,448.94,24,76.19,34.3,28,43,847.76,428.04,258,6,MALICIOUS
18501,61922,329,138,10151,9929,1252,827,950.43,375.81,20,43.23,24.32,18,28,371.38,400.79,48,15,BENIGN
3818,23711,276,381,12921,342,1465,383,443.87,43.83,25,35.28,36.08,32,44,707.06,485.83,979,231,BENIGN
29359,25538,157,77,1485,12198,564,739,1426.87,399.92,32,59.66,6.1,84,7,799.02,149.83,410,160,BENIGN
64733,71341,455,57,2128,3371,171,467,163.41,93.2,24,2.73,0.18,53,9,503.76,496.66,545,272,BENIGN
20819,41410,317,134,5884,9595,1178,1005,686.31,87.25,36,33.51,37.85,2,17,115.68,431.65,604,369,MALICIOUS
32615,54956,452,197,13580,7630,143,1412,102.16,450.03,21,9.89,8.37,61,12,97.0,352.93,474,124,BENIGN
56753,20187,464,207,10997,11178,502,814,736.88,360.02,37,100.0,32.07,36,25,396.39,4.02,333,260,BENIGN
60813,33241,270,339,8523,1241,551,579,1193.48,116.59,28,53.79,37.14,63,24,818.41,140.03,780,110,BENIGN
27718,76357,132,375,3352,1068,1391,129,618.44,257.96,24,79.28,15.74,14,11,380.99,391.53,319,441,BENIGN
34911,85188,413,324,79,3706,1315,50,390.09,133.45,35,31.0,30.9,25,13,69.99,101.76,986,48,BENIGN
22598,56915,190,493,13616,10874,1064,129,1411.36,359.15,35,61.69,9.8,59,5,461.69,86.21,607,497,MALICIOUS
58196,65851,177,402,5136,13356,1445,797,196.19,223.55,23,8.53,2.06,33,10,64.65,458.42,686,194,BENIGN
3514,93570,266,131,928,3419,679,163,10.87,159.88,36,3.31,36.13,37,23,849.74,454.76,554,348,BENIGN
43906,66304,111,78,13844,7463,722,72,298.67,79.47,29,58.2,8.26,42,13,425.59,471.57,630,218,BENIGN
63909,88675,301,109,6704,2066,312,1472,118.01,228.54,39,36.6,2.02,94,21,777.17,272.77,350,245,BENIGN
42321,41918,410,259,7187,11345,360,258,1354.95,451.82,36,16.65,8.11,42,15,731.13,344.47,773,290,BENIGN
24715,97302,253,173,7974,14002,704,557,700.8,54.62,28,65.95,1.45,65,42,947.23,400.97,203,379,BENIGN
29965,85764,240,169,9938,11491,997,1267,720.74,229.0,26,68.79,8.71,4,47,132.98,70.65,15,169,BENIGN
45181,29289,304,481,11844,2518,1075,277,1473.1,40.28,37,66.69,34.32,23,31,36.65,126.96,434,120,MALICIOUS
46154,33382,434,338,9950,5842,162,1384,122.56,32.62,29,75.0,34.15,32,3,800.79,118.84,457,469,BENIGN
46095,90495,142,11,4926,12128,1412,90,1015.66,260.65,38,10.24,24.49,59,48,898.97,273.84,139,270,BENIGN
1225,61789,221,404,2251,13435,1109,349,86.01,238.19,34,5.78,32.09,47,32,515.74,416.82,334,241,BENIGN
39132,49834,59,450,29,12581,899,1219,288.54,294.0,21,17.96,10.92,82,20,192.46,479.02,937,24,BENIGN
2600,77883,458,83,7045,13323,520,898,164.66,180.02,26,33.66,26.86,58,29,383.28,420.53,331,288,BENIGN
8954,64348,366,46,4326,7364,1160,566,1321.61,280.93,25,49.64,21.75,68,36,679.42,306.26,585,47,BENIGN
13394,29129,107,18,3285,12976,918,1072,391.6,200.51,20,61.2,43.25,73,12,361.93,373.26,496,323,MALICIOUS
52930,91421,142,491,10550,13346,649,1335,288.53,31.09,30,21.23,7.4,44,14,494.55,452.61,80,319,MALICIOUS
9938,11250,38,330,3148,4580,426,941,295.13,292.64,34,22.12,17.86,79,48,610.71,418.92,991,329,BENIGN
50605,65415,53,144,14901,653,1492,397,1035.57,276.94,38,99.8,28.5,61,42,80.46,174.61,133,121,BENIGN
56852,72935,175,312,732,7824,779,1275,1323.89,104.62,20,78.78,5.17,26,38,290.55,271.63,290,455,BENIGN
62787,91601,112,326,6274,14062,754,1314,510.79,242.69,22,13.33,24.64,67,28,757.32,160.79,683,316,BENIGN
20965,10552,191,337,1665,12568,633,427,707.79,209.51,29,34.57,11.89,49,36,776.11,70.83,671,217,BENIGN
35380,24418,246,10,3448,9267,565,1368,355.44,338.11,36,25.04,27.8,68,14,534.16,491.54,152,432,BENIGN
20057,8952,397,423,13552,14243,240,242,1234.12,310.82,30,45.16,3.82,56,34,973.31,358.85,235,124,BENIGN
49477,34229,256,66,324,6220,726,1240,289.45,54.4,26,16.07,45.54,70,24,408.89,59.62,989,165,MALICIOUS
16881,75073,332,305,9878,11283,738,836,50.39,2.47,39,25.27,39.45,53,40,530.41,436.94,346,180,BENIGN
44318,17429,178,56,5829,11396,1179,666,1150.61,333.24,26,52.31,28.65,45,33,797.93,11.03,714,184,BENIGN
4093,7016,48,457,4589,303,510,636,1072.95,389.09,36,34.62,15.23,37,19,886.28,200.17,727,67,BENIGN
57576,25563,414,304,9747,3014,1307,89,88.63,161.66,23,67.3,19.08,86,36,841.36,170.76,326,312,MALICIOUS
22211,52700,302,246,10677,14896,169,646,917.7,446.44,26,79.93,5.72,27,12,582.15,26.95,482,309,MALICIOUS
13856,35960,23,357,1376,2573,1376,1492,773.77,470.59,21,62.48,8.01,90,15,92.76,159.84,849,49,BENIGN
57301,46088,76,50,9763,1419,150,689,319.39,322.09,34,30.79,8.01,29,7,749.31,289.86,171,439,BENIGN
27994,15353,467,334,12750,10988,800,1327,950.27,367.26,27,15.22,18.54,71,30,435.92,32.93,570,489,MALICIOUS
2762,38425,160,279,6165,4448,481,648,508.52,360.53,36,75.5,40.65,68,12,733.34,421.8,613,138,MALICIOUS
10404,60290,156,306,7828,10838,486,504,518.98,432.82,23,58.18,43.75,49,26,808.75,96.94,731,479,BENIGN
37637,79641,24,92,5232,79,360,274,951.6,71.76,36,6.36,14.69,14,29,415.13,354.61,576,297,BENIGN
39452,2135,202,108,545,11722,390,249,16.14,297.59,25,61.77,19.39,27,8,600.85,101.64,867,241,BENIGN
46228,48177,166,237,2582,9629,809,190,848.91,384.24,34,86.78,7.73,6,9,851.55,52.72,633,267,BENIGN
64833,25744,470,354,4102,7271,132,58,1068.0,411.01,39,39.76,7.11,58,48,993.69,49.39,507,223,BENIGN
15397,18543,54,322,12054,1519,58,201,922.92,324.77,27,14.21,10.37,38,17,794.37,384.11,705,361,BENIGN
9654,76989,429,113,1333,9421,258,1105,582.56,382.03,31,87.03,42.82,3,23,463.05,276.02,568,369,BENIGN
23376,22910,2,213,4581,13398,262,154,1144.34,69.31,30,86.17,44.59,82,29,884.2,320.16,586,437,BENIGN
31069,39795,355,431,6305,10729,406,1095,744.56,140.0,31,87.46,16.38,85,27,31.17,436.64,387,435,BENIGN
16865,86531,490,328,11919,2429,1046,997,131.9,115.48,26,4.04,32.18,74,9,855.06,425.18,992,263,BENIGN
27208,81537,154,312,6166,1707,813,1394,1271.79,161.9,32,10.89,48.36,18,43,282.71,289.63,57,375,BENIGN
63372,42017,231,373,13532,4872,1403,1342,635.44,22.54,30,13.2,28.91,62,31,100.66,308.08,824,193,MALICIOUS
33943,91845,82,60,12544,8676,821,1271,1228.27,113.67,24,36.66,24.08,85,40,361.03,273.88,398,359,BENIGN
44716,74168,51,211,13967,14076,1392,345,149.9,305.52,39,16.18,37.12,37,28,767.23,11.1,351,150,BENIGN
60009,76961,445,236,14371,14545,1100,1395,152.79,394.64,34,75.78,44.15,45,40,250.7,433.94,71,79,BENIGN
36367,55041,442,1,6957,9685,793,1435,568.27,414.56,31,96.12,20.53,2,17,87.47,83.79,400,180,BENIGN
13351,11872,186,176,4540,12558,1125,319,199.61,135.28,25,79.84,28.75,82,2,580.23,34.87,626,51,MALICIOUS
49818,10566,210,18,8642,11791,850,203,229.95,447.18,27,39.17,27.38,69,0,80.51,27.13,972,92,MALICIOUS
5143,34233,157,414,7325,1787,478,570,443.8,457.85,33,49.67,16.33,37,35,400.38,144.63,892,445,MALICIOUS
39238,83830,320,429,11964,14023,681,251,908.05,15.56,35,66.02,44.12,48,47,422.14,143.53,30,219,MALICIOUS
11696,30294,451,421,3875,5765,1446,120,1168.9,81.46,26,8.02,25.91,22,23,749.63,406.76,578,475,BENIGN
60983,90139,299,63,8999,356,975,111,867.3,270.06,39,38.29,38.1,71,27,180.11,145.61,991,153,BENIGN
20214,14650,376,434,4453,1221,477,1368,717.15,158.62,21,32.43,6.26,70,28,595.37,256.39,729,477,BENIGN
15315,81201,229,303,6783,4739,134,1254,1386.59,313.83,38,97.35,4.82,15,0,327.71,271.31,943,164,BENIGN
27130,73684,167,419,3661,4890,909,1168,126.01,18.62,39,72.4,38.43,21,7,881.78,392.18,902,120,BENIGN
54859,1175,429,406,11918,1382,1491,615,800.32,467.35,30,50.03,13.42,78,40,711.82,248.63,185,413,MALICIOUS
5967,29253,143,416,7395,13957,1457,1476,717.22,21.1,32,51.94,47.78,79,49,772.72,290.77,444,421,MALICIOUS
9036,65047,85,396,7863,3436,22,553,851.3,233.57,20,56.4,8.24,45,17,836.13,25.45,663,375,BENIGN
28990,82567,491,127,13400,13201,262,1183,539.76,299.67,30,37.1,23.04,23,45,743.23,420.6,376,440,MALICIOUS
63542,93538,184,53,10818,10511,1144,185,1412.46,413.43,39,40.13,3.28,72,23,251.79,385.19,272,103,MALICIOUS
53643,70002,101,30,12801,12714,238,1484,1271.41,126.77,35,36.27,17.37,75,15,255.67,296.1,573,367,MALICIOUS
21119,3424,130,274,10754,3903,616,884,323.02,28.8,21,58.09,42.1,84,18,439.97,79.04,624,402,MALICIOUS
15930,96139,140,198,2173,6393,1342,749,607.44,311.14,23,81.65,15.39,49,14,965.45,298.53,853,55,BENIGN
22122,95222,295,8,780,9029,569,188,426.16,144.14,26,91.41,8.95,31,25,4.92,176.31,385,350,MALICIOUS
16178,99315,30,181,12027,11794,83,787,132.22,399.2,38,21.26,11.14,47,47,333.55,34.01,968,478,BENIGN
39497,47942,496,278,4560,10417,1365,633,1302.95,404.15,22,91.45,27.67,31,39,96.39,381.49,758,404,BENIGN
12896,55350,262,225,4168,13191,880,140,136.76,136.05,35,2.62,27.06,55,3,799.53,467.75,553,129,BENIGN
63618,4253,316,252,3664,3859,375,928,194.44,359.81,39,36.39,39.77,54,17,611.32,144.88,246,443,BENIGN
47599,33729,142,245,3224,10413,1410,985,1462.62,89.6,23,58.61,6.49,10,47,389.01,262.27,897,151,BENIGN
42037,35291,208,459,3217,11061,952,1429,121.41,194.54,21,64.79,34.57,54,2,327.88,190.62,681,340,BENIGN
28449,70961,187,472,7300,14756,948,285,339.3,50.9,20,33.48,17.04,57,15,440.92,477.34,323,194,MALICIOUS
26880,1468,269,37,9022,12049,879,515,1010.15,294.03,26,91.42,33.88,64,43,914.25,465.61,739,412,BENIGN
37312,60241,46,301,7930,11679,20,1320,209.99,274.54,31,0.83,24.43,44,35,764.84,352.56,527,58,BENIGN
4375,2379,6,419,11286,14730,345,563,1189.44,39.66,23,25.29,29.26,33,7,20.72,392.01,646,144,BENIGN
9075,20864,172,404,7853,245,433,539,1435.85,190.84,22,40.88,11.23,42,8,823.57,271.02,442,51,MALICIOUS
41202,28549,242,370,3780,9073,790,224,512.36,72.11,38,41.37,24.09,95,4,938.56,265.18,640,110,BENIGN
36372,53232,196,386,594,7944,224,289,247.04,93.14,20,77.38,20.96,57,33,57.12,129.37,236,413,BENIGN
48067,21717,162,243,11920,5851,42,1334,871.53,214.23,29,19.06,21.8,67,13,191.47,474.87,564,237,BENIGN
62988,77846,212,81,14632,5710,1346,1264,158.21,434.49,28,16.6,37.2,41,17,251.48,447.03,444,421,BENIGN
35920,25979,296,7,10892,8830,748,442,1051.38,264.7,23,4.17,36.57,83,14,439.25,439.24,764,423,BENIGN
32958,73878,1,209,4126,4175,685,1091,616.59,192.93,23,52.14,45.57,76,43,916.92,471.04,972,319,MALICIOUS
17687,93934,204,270,2375,14910,376,1059,1122.81,424.63,39,57.69,18.04,87,6,524.43,340.79,301,235,MALICIOUS
28150,28545,151,465,13565,14507,1034,117,1026.23,254.18,39,31.8,29.31,99,20,746.9,359.47,688,383,BENIGN
14154,55070,312,285,10910,14478,1070,1028,1094.7,393.54,22,31.97,41.66,64,26,198.09,439.74,95,198,MALICIOUS
13633,99491,104,196,5115,2423,804,544,1108.55,119.29,22,40.37,32.86,69,20,496.74,445.66,823,363,MALICIOUS
52321,32606,172,259,11142,9295,435,568,678.55,61.23,34,59.21,15.81,78,47,824.44,316.03,928,444,BENIGN
23704,50092,111,158,9519,7575,25,756,1094.55,338.56,20,41.51,9.13,57,33,933.74,241.97,635,8,BENIGN
52303,41420,392,482,13040,14922,1497,831,138.21,338.5,36,12.0,5.97,76,3,512.31,265.3,723,131,BENIGN
47019,63690,396,239,5010,13897,1340,831,400.53,188.69,21,30.95,20.91,72,12,535.42,96.06,998,325,BENIGN
52850,61418,133,340,6563,12230,1221,1494,1461.39,90.03,32,88.38,9.97,17,12,194.0,118.53,640,289,BENIGN
21576,83160,171,342,3365,2848,402,1040,1413.29,397.9,33,60.41,31.71,93,19,175.52,354.0,411,469,MALICIOUS
56557,67268,9,9,11463,2633,788,366,549.44,475.4,35,43.39,0.81,18,17,416.58,405.16,413,14,BENIGN
11864,98997,496,249,4953,11315,583,986,1409.14,39.0,25,65.66,4.9,29,2,705.76,153.6,151,351,BENIGN
1849,9927,325,297,6274,6703,978,34,1239.85,488.17,31,82.57,46.95,75,47,482.62,288.77,461,417,MALICIOUS
1956,20804,281,193,7832,14407,101,1126,243.17,162.3,26,1.73,28.89,95,41,414.31,440.52,467,395,MALICIOUS
24029,5993,250,39,11139,905,941,780,241.62,369.03,25,13.22,37.73,61,26,46.35,343.0,769,459,BENIGN
17201,66259,6,252,2942,12901,131,1003,1268.47,35.51,26,44.86,29.65,43,18,409.43,405.45,227,98,MALICIOUS
46028,5881,381,248,13234,6079,637,878,1452.61,170.7,23,32.51,21.61,55,49,18.96,222.8,626,273,BENIGN
49387,6435,347,128,4824,14096,1087,774,865.18,252.61,37,90.94,12.63,80,15,232.45,375.82,27,491,BENIGN
44597,50872,288,356,2034,358,149,198,49.96,460.17,27,39.19,19.74,48,15,52.33,186.32,289,244,MALICIOUS
53969,96004,140,180,2183,6278,449,1364,414.71,340.62,23,80.24,37.29,49,31,243.29,322.19,889,239,BENIGN
12422,52579,488,313,8077,7759,316,1397,1474.86,253.79,22,75.04,26.71,82,15,423.13,339.79,452,434,BENIGN
32584,27010,256,74,12349,13647,24,1356,1408.02,480.15,34,52.12,47.37,30,37,0.07,161.45,51,22,BENIGN
37466,32797,403,187,10507,14991,629,951,1350.94,156.93,28,99.65,44.1,20,24,597.09,74.36,506,465,BENIGN
25602,91150,152,136,14063,11196,1240,701,920.43,337.87,21,43.25,16.35,89,15,867.82,434.46,132,433,BENIGN
35318,77431,50,472,688,6790,838,322,200.04,244.43,25,77.77,12.23,95,39,599.26,233.03,314,44,BENIGN
18685,34974,269,356,10020,307,588,471,300.32,261.71,27,95.79,15.27,5,37,407.97,401.53,120,293,BENIGN
49025,26810,20,234,4477,3361,1330,506,1047.36,230.67,21,32.92,7.72,92,14,932.67,20.82,23,179,MALICIOUS
64915,65178,328,134,3719,7882,1276,1340,1019.62,434.25,36,88.29,36.74,54,19,894.7,183.51,245,271,BENIGN
17474,54378,443,133,5373,5002,653,416,1025.15,27.87,27,67.94,33.97,50,19,237.68,498.94,578,298,BENIGN
13088,50888,109,494,10489,13455,318,1249,1491.93,56.59,21,53.41,25.09,79,46,211.33,136.83,64,369,BENIGN
9232,13862,79,420,9320,412,767,236,1447.5,472.75,37,70.23,26.45,70,6,474.4,325.61,301,120,BENIGN
32345,76313,69,176,9978,6594,964,1473,961.19,80.67,38,68.02,26.81,50,49,957.58,440.97,921,67,BENIGN
19729,5963,386,417,11400,11483,1129,412,899.55,370.44,25,65.4,30.04,17,14,828.57,358.66,259,38,MALICIOUS
1058,86344,281,25,3324,14126,827,131,188.29,0.38,20,73.97,28.91,24,39,347.01,9.03,332,396,BENIGN
54349,47293,415,336,12812,13392,846,103,52.02,342.4,38,91.39,24.08,88,24,951.27,445.78,687,184,BENIGN
7003,12127,376,81,4578,5997,1437,629,1362.31,494.64,26,51.23,26.93,83,17,818.72,422.65,378,444,BENIGN
14399,52411,161,77,14294,5139,1133,24,913.38,145.05,20,43.08,30.62,23,49,926.63,270.95,722,400,BENIGN
46641,57953,374,16,3916,14378,581,225,921.64,99.91,22,63.37,22.06,75,14,547.36,74.63,825,370,MALICIOUS
60284,94905,218,433,3948,11755,666,1413,545.95,295.37,24,10.55,44.32,1,8,543.51,413.69,805,467,BENIGN
40351,58509,390,466,10982,12724,1359,1066,1112.24,133.81,38,55.11,5.74,11,10,125.19,51.5,826,431,BENIGN
31612,45157,55,282,7320,2588,972,569,530.87,71.76,20,68.62,49.77,13,46,781.89,22.08,540,466,BENIGN
30287,65237,34,68,8547,6895,410,642,1222.85,498.3,33,75.22,48.35,57,41,641.91,453.53,880,153,BENIGN
59341,14762,186,71,5014,8345,1415,1149,748.78,68.53,30,78.88,17.79,3,2,326.39,129.22,667,454,BENIGN
34587,65080,429,305,8185,10616,29,668,171.21,481.53,30,67.18,11.6,36,7,824.37,448.17,997,186,BENIGN
43862,46240,21,206,2715,11086,1163,542,483.68,239.46,37,21.01,10.38,89,44,121.18,247.72,774,48,BENIGN
4486,44450,429,482,11877,10317,1393,518,1154.62,429.22,23,10.1,2.68,3,6,486.64,75.89,33,482,BENIGN
31319,32132,135,211,5442,10281,1091,38,214.29,143.64,32,87.76,43.85,37,26,836.03,432.55,408,277,BENIGN
8295,40262,451,449,5197,2112,679,1171,624.28,449.42,27,0.23,39.25,23,38,774.94,323.61,631,398,BENIGN
15767,76852,364,322,9050,6866,919,1060,1441.55,416.37,39,24.73,31.15,17,45,393.93,494.04,305,493,BENIGN
11071,89880,25,476,12543,3506,181,956,449.04,70.72,29,54.34,28.77,50,25,629.26,497.25,923,278,BENIGN
31643,6965,461,205,8934,10418,992,244,424.32,306.25,25,6.72,3.77,36,43,890.76,368.57,389,394,BENIGN
19679,24687,146,350,4042,3913,1331,389,655.16,152.79,22,55.29,33.15,45,33,497.61,236.07,220,99,BENIGN
2118,43031,146,406,1033,5913,1369,881,403.69,478.03,24,19.16,40.44,89,27,400.88,433.63,918,179,BENIGN
59034,75782,425,393,9890,2474,1323,475,460.84,132.32,27,68.35,43.02,22,9,225.48,317.78,641,381,MALICIOUS
24253,45764,415,302,4814,3802,1087,519,1480.9,124.8,35,70.29,22.07,64,26,164.72,193.83,610,92,BENIGN
53906,74394,463,360,1347,8094,598,419,1353.91,342.63,22,39.8,5.26,37,36,407.64,337.09,1,28,BENIGN
7104,2119,464,462,10136,7664,1166,851,81.68,88.34,26,3.54,39.22,5,39,985.35,371.86,462,248,BENIGN
34205,93728,110,430,13470,11405,466,894,508.6,134.13,36,23.66,14.32,18,18,168.47,113.5,546,16,BENIGN
7176,36524,54,398,13749,8065,97,1122,34.85,291.24,39,55.45,18.18,28,13,153.62,444.44,589,135,BENIGN
35032,6146,450,159,6192,13729,681,615,344.98,210.54,38,65.95,23.46,3,34,934.42,317.21,463,337,BENIGN
42034,88224,178,364,2057,14666,166,1004,609.25,217.5,20,62.3,15.0,19,3,804.54,418.98,276,168,BENIGN
41568,81143,342,106,9189,740,261,1403,776.95,395.37,29,79.61,48.92,2,4,592.21,333.35,875,37,BENIGN
59052,37297,328,334,12163,2572,1287,1283,1264.03,385.99,37,66.29,23.15,34,1,273.09,97.82,817,187,BENIGN
24357,16798,492,484,7253,11389,140,488,921.12,417.63,28,20.98,6.06,49,46,343.99,456.85,97,430,MALICIOUS
62260,24233,469,29,14690,13776,372,1461,32.51,52.89,29,3.99,46.01,43,15,116.22,186.03,229,193,BENIGN
28779,49237,67,173,2906,14400,1261,1362,1381.21,365.87,28,44.67,34.87,16,14,514.92,468.84,653,377,BENIGN
35178,63923,480,107,3001,8444,883,686,1232.77,431.58,37,80.21,24.29,57,11,426.51,109.53,976,457,BENIGN
47846,63050,104,495,9561,14755,70,756,1215.42,393.5,33,84.09,39.81,24,20,519.43,450.27,810,129,MALICIOUS
8501,60665,274,442,8404,10287,854,50,688.98,225.46,32,35.56,8.74,86,16,216.55,20.42,582,371,BENIGN
54581,985,176,33,12655,5133,184,1286,925.47,437.09,37,60.09,40.68,33,26,464.26,332.82,698,30,BENIGN
60232,65757,181,349,13252,3972,796,20,768.1,299.77,39,29.68,0.65,11,31,258.38,131.86,541,299,BENIGN
36595,52738,132,71,9725,2633,308,914,35.34,74.12,34,73.68,11.85,47,0,203.07,59.4,35,14,BENIGN
55962,78786,304,87,9637,9061,311,798,610.6,454.4,30,24.18,48.65,51,41,122.55,295.63,247,275,BENIGN
21520,9509,418,177,3859,6710,338,404,1228.77,445.36,37,47.55,9.82,51,10,208.07,492.59,184,342,MALICIOUS
14634,69270,199,366,9546,8039,405,703,809.85,139.72,25,1.45,28.84,26,9,256.25,36.12,291,285,BENIGN
41625,70212,165,129,5025,12310,179,566,1200.55,149.16,22,24.35,19.21,35,28,403.64,184.47,984,81,BENIGN
48391,15222,139,447,14884,8609,867,922,1381.34,308.98,36,52.28,32.56,69,8,690.82,402.53,870,437,BENIGN
12648,56957,84,474,1610,12516,741,183,204.9,319.69,31,12.76,15.84,90,13,884.44,46.58,874,83,BENIGN
46991,25676,228,492,10934,9683,1117,813,562.76,269.92,20,76.16,3.26,3,34,896.01,229.92,25,446,BENIGN
43684,55027,308,59,1031,13027,1405,694,15.74,190.96,27,79.93,33.78,21,21,759.14,49.91,968,274,BENIGN
14919,81453,366,216,6668,2716,284,728,481.49,253.07,28,16.17,47.36,96,2,997.38,387.37,522,230,BENIGN
15507,6866,323,422,2783,564,1263,1381,711.05,402.25,34,68.12,38.87,88,37,51.97,138.62,614,12,BENIGN
1317,28357,98,259,3522,6948,732,434,1295.46,120.14,31,17.57,21.53,87,16,859.62,141.1,174,274,BENIGN
42551,75073,285,45,645,12406,652,467,1096.39,1.7,32,94.02,42.29,59,32,530.92,405.28,893,449,BENIGN
58638,73206,23,133,6733,2042,892,126,104.35,396.8,36,74.66,17.06,30,28,42.67,227.06,234,391,BENIGN
12074,44968,81,381,6894,9251,278,922,1245.93,483.27,27,59.65,1.33,90,0,305.58,454.04,815,264,BENIGN
45178,31667,252,343,13456,6978,1393,1206,693.92,56.69,33,16.32,38.41,66,3,899.86,353.92,63,60,BENIGN
40542,66848,138,215,8916,1478,1008,475,148.02,459.63,28,31.99,48.11,26,29,793.12,325.77,571,106,MALICIOUS
36393,19091,162,224,6180,9899,558,1040,1405.52,356.91,23,7.92,49.28,87,33,582.2,430.16,303,368,MALICIOUS
17184,14156,393,88,14607,3633,1260,620,997.23,147.38,25,20.11,36.94,36,7,385.07,415.63,820,278,BENIGN
26463,25187,360,95,4097,4822,351,985,83.83,97.34,30,23.45,44.67,36,20,158.4,153.38,769,476,MALICIOUS
60029,69362,430,490,6698,3603,968,440,197.59,9.28,37,55.77,6.07,27,12,305.65,260.42,358,235,BENIGN
47601,11410,396,15,14506,1038,1382,1001,1170.45,387.62,24,90.08,9.14,3,5,659.64,204.83,827,111,BENIGN
46946,50257,250,362,2303,4723,928,688,741.3,34.24,38,7.05,38.95,41,25,329.24,260.86,131,279,MALICIOUS
53630,61912,252,192,14585,12585,64,165,1215.54,32.73,21,79.15,49.21,71,29,299.08,354.78,536,254,MALICIOUS
20132,43177,453,487,2837,2614,791,72,1208.91,121.48,34,22.49,39.25,59,33,745.35,15.73,353,80,BENIGN
39477,45705,368,469,115,13548,1297,626,1051.93,17.21,35,82.23,6.75,98,37,594.39,19.61,386,85,BENIGN
1781,96719,419,57,6644,11151,1494,915,1096.6,88.52,24,2.92,17.28,61,40,103.93,170.26,777,198,MALICIOUS
18679,21226,355,441,6073,1453,494,910,359.08,33.84,38,15.81,32.79,95,19,350.96,165.79,728,384,MALICIOUS
62312,95009,318,11,14180,1305,507,1100,1472.48,325.42,24,11.25,16.48,93,1,398.96,206.17,601,138,BENIGN
34804,55500,49,200,8661,7316,951,1286,5.07,24.06,35,67.83,22.92,69,3,676.28,135.1,147,411,BENIGN
53667,65768,175,338,5585,1322,399,965,926.48,251.6,26,75.42,20.62,59,41,446.2,97.02,788,344,BENIGN
1265,56579,199,188,2188,1379,781,933,427.81,69.08,32,89.83,40.48,16,8,571.83,325.98,711,247,BENIGN
59471,31215,107,430,13128,3209,312,1029,993.23,127.82,29,13.02,1.63,18,20,344.0,246.15,491,378,BENIGN
19365,86228,43,11,9250,4628,1341,766,667.61,245.37,23,1.35,23.0,5,28,276.75,310.68,40,303,BENIGN
8950,53146,290,332,1036,8518,690,1329,1014.12,158.94,34,1.7,44.29,51,43,729.62,64.59,913,345,MALICIOUS
47284,43077,495,4,6243,7827,1013,433,1206.62,459.93,28,75.59,48.99,96,1,843.09,131.63,829,149,BENIGN
41582,54638,29,27,5437,10385,113,324,407.23,435.01,30,81.63,9.54,58,9,11.55,485.41,334,133,BENIGN
25070,62200,155,426,2925,7916,587,826,189.52,289.35,39,88.53,40.64,10,7,817.73,6.47,123,491,BENIGN
63168,71702,78,139,7576,1874,512,841,302.5,470.19,21,37.1,40.59,81,14,213.78,339.11,314,192,BENIGN
11268,93499,435,410,1381,13271,482,1154,574.63,371.07,38,37.38,27.32,5,40,962.57,6.53,631,498,BENIGN
54050,86885,383,451,5200,659,217,108,1285.0,335.67,31,91.12,26.13,44,38,950.96,161.11,928,316,BENIGN
16742,30623,458,316,11215,5605,161,1142,1076.58,260.49,28,1.73,19.65,68,4,672.03,112.9,272,221,BENIGN
22708,70250,419,223,12178,2388,729,314,1061.65,87.71,29,23.24,43.66,26,15,598.71,257.32,2,400,BENIGN
1168,27920,69,117,14668,3433,165,517,1308.66,367.48,30,59.98,24.85,57,25,106.14,411.6,943,308,MALICIOUS
19601,40248,59,272,4366,8309,1134,1147,64.88,301.59,21,75.0,29.96,87,18,416.36,160.87,507,33,BENIGN
11535,22546,349,432,13726,9576,280,263,1174.42,231.35,37,8.19,3.18,66,23,60.93,493.69,363,278,BENIGN
27696,68832,48,27,7929,2452,897,944,1479.91,446.32,35,26.22,29.82,0,34,714.41,220.98,634,38,BENIGN
49504,36188,399,380,13774,1692,768,831,426.88,251.2,22,51.16,25.18,39,14,554.97,371.59,101,458,BENIGN
9334,78820,440,114,14639,14812,1231,1194,940.59,479.09,22,39.96,39.88,15,33,606.29,252.13,657,152,BENIGN
27564,70160,175,257,73,10691,1085,843,437.78,50.29,39,31.89,47.76,3,43,333.85,113.3,828,27,BENIGN
33957,71077,12,93,2492,9036,22,296,1398.89,450.88,31,68.84,20.24,36,22,661.33,379.35,507,180,BENIGN
61943,90872,67,392,9016,12668,994,8,811.11,250.8,31,5.41,10.14,53,18,215.24,309.15,744,362,BENIGN
42674,37018,233,194,14212,11286,616,806,956.41,453.64,26,9.94,24.61,23,31,341.68,296.64,178,294,BENIGN
34739,41973,337,380,1384,7810,1411,340,1492.39,278.4,36,66.77,46.9,1,36,351.6,128.22,905,56,BENIGN
5119,45574,179,187,3668,970,494,346,632.54,457.94,35,19.95,18.64,63,39,755.6,102.54,688,67,BENIGN
12289,2294,125,322,8043,7741,269,1015,58.16,307.49,21,88.43,48.76,72,19,623.68,181.96,844,79,BENIGN
27662,93325,105,38,9691,9161,856,1454,456.45,233.71,28,43.62,24.17,25,44,714.74,163.15,17,18,BENIGN
4944,20261,392,255,5743,10670,916,1461,195.39,267.63,24,82.84,39.99,60,5,219.23,451.21,683,430,BENIGN
22895,52950,166,195,6303,14382,611,415,805.99,240.26,24,45.79,11.87,22,36,809.08,155.85,142,167,BENIGN
13643,99054,30,92,3735,18,524,1392,690.9,92.9,32,23.73,32.23,20,18,278.73,381.32,248,175,BENIGN
3978,26955,82,96,2721,439,1232,404,427.5,151.61,39,88.86,7.55,37,43,336.13,228.11,259,110,BENIGN
39140,5965,260,184,8337,14653,773,985,663.93,238.73,36,38.12,23.12,0,33,238.23,379.08,657,168,BENIGN
60276,4896,274,86,11275,5228,88,1217,80.88,231.91,22,27.21,48.56,44,17,617.37,349.86,74,262,BENIGN
32231,42227,386,377,5019,575,285,1474,144.77,81.86,28,79.63,21.03,3,8,65.32,440.34,208,31,BENIGN
57635,83910,284,267,9305,6144,1468,1283,1128.23,477.41,38,25.08,14.67,16,43,696.59,478.94,612,229,BENIGN
22168,36679,487,393,13593,3010,1491,617,403.68,460.39,34,20.3,44.16,10,34,538.72,280.07,502,79,MALICIOUS
36581,74295,174,180,1368,2396,736,1332,191.36,338.13,24,16.77,41.23,33,0,575.8,336.39,496,188,BENIGN
3131,76470,281,310,13747,10624,556,227,1128.0,10.04,34,86.34,39.66,92,7,514.8,63.71,387,353,MALICIOUS
32554,68880,326,493,10714,2424,144,817,558.56,1.86,33,50.66,32.24,41,1,267.09,262.11,549,203,BENIGN
14533,16516,51,42,11813,13542,1193,662,1383.77,376.14,22,42.26,40.1,78,24,234.62,341.53,357,8,BENIGN
43938,7710,357,20,12028,9997,787,163,1260.97,24.6,28,87.48,20.22,50,4,201.66,317.28,595,365,MALICIOUS
36751,94276,495,116,1647,4314,1380,676,878.04,420.66,27,4.11,26.19,65,26,191.52,74.88,158,260,BENIGN
13977,54927,459,376,346,8060,516,929,807.61,400.57,28,44.9,24.87,73,25,880.17,45.88,655,433,MALICIOUS
60209,47817,341,451,1979,4811,1031,891,402.69,111.9,35,75.86,17.87,84,17,114.76,154.02,576,393,BENIGN
29702,21201,273,19,6417,7679,918,919,40.84,265.45,29,4.33,26.03,54,40,381.3,491.65,777,163,BENIGN
47101,55716,135,372,9614,7012,657,960,1324.89,9.7,29,20.22,33.76,60,25,612.02,284.99,474,150,BENIGN
61919,74084,83,465,7312,5917,308,616,1119.51,448.7,39,73.88,44.19,65,41,787.18,337.18,994,60,BENIGN
4258,31574,48,371,11158,14039,180,555,439.28,156.76,38,73.06,2.97,4,5,480.47,385.5,245,228,BENIGN
30502,63698,269,143,6502,12397,690,907,362.55,321.77,36,99.85,15.12,39,23,344.7,426.82,587,14,MALICIOUS
26314,82877,287,341,8060,1969,99,590,520.3,405.94,34,47.97,43.46,83,37,522.41,424.73,322,105,BENIGN
19153,78778,128,3,11140,1953,268,812,305.65,233.95,33,45.97,4.58,63,32,782.91,271.89,472,314,MALICIOUS
33408,11345,238,294,6257,14821,261,242,117.69,156.67,21,8.01,43.18,85,3,127.58,197.65,440,10,MALICIOUS
29800,46386,256,460,9215,8284,837,1475,1365.88,80.1,28,35.52,31.67,10,48,137.94,480.48,756,301,BENIGN
12075,66979,232,260,12651,801,1089,1047,1488.33,121.29,29,64.06,40.2,75,29,884.45,264.87,875,223,BENIGN
51977,6345,450,473,10165,12264,930,1148,46.96,324.51,39,5.65,11.45,91,32,932.07,311.81,646,77,BENIGN
31796,61838,314,176,7123,6080,1457,225,959.12,134.22,27,87.46,17.66,22,38,684.72,467.76,959,264,BENIGN
36997,57545,156,411,6843,2041,194,1036,125.78,232.81,29,95.32,22.1,28,4,788.3,148.6,248,326,BENIGN
12941,49298,431,340,3201,7030,1403,49,971.92,119.16,25,46.26,19.27,21,47,984.59,217.39,407,5,MALICIOUS
1244,61761,406,459,4237,10083,1125,1053,888.56,333.29,22,94.34,7.32,42,29,927.54,3.28,44,186,BENIGN
25053,83523,137,158,11478,11159,4,88,1171.4,489.59,24,51.51,36.03,58,34,744.45,100.99,63,165,BENIGN
37383,33722,278,55,14765,9113,39,606,1270.54,33.51,29,74.58,31.8,65,16,544.32,478.13,907,474,BENIGN
16040,38085,136,150,9006,1680,1399,1001,228.12,170.05,24,55.43,4.55,86,7,433.24,380.53,157,452,BENIGN
58735,98008,350,99,5973,5464,1106,623,268.55,111.18,22,80.3,1.24,46,32,54.12,430.78,720,135,BENIGN
55231,92115,230,263,11727,12472,1070,1201,471.65,60.23,26,41.69,42.35,20,27,112.95,269.44,994,287,MALICIOUS
17720,23910,424,364,8997,3085,966,28,458.57,206.7,23,45.84,21.33,77,44,335.33,385.0,298,464,BENIGN
63236,47818,258,157,13847,7249,1350,299,904.69,160.93,33,45.92,3.93,15,16,881.95,422.45,513,111,BENIGN
48119,76019,362,326,10909,14501,426,763,71.21,425.06,38,44.48,5.0,13,45,78.17,492.2,571,454,BENIGN
5326,97329,103,336,6625,9174,36,137,1171.72,304.8,25,77.44,25.76,81,37,956.1,461.71,56,104,BENIGN
23317,89586,22,473,2144,11959,352,51,502.64,18.13,22,85.82,13.69,80,5,766.38,388.96,706,403,BENIGN
60966,82668,379,206,13517,14715,1373,737,1117.85,243.79,35,22.49,38.59,16,18,819.33,373.57,315,434,MALICIOUS
51680,88156,143,488,3480,170,166,169,116.98,147.81,24,9.03,25.09,12,46,21.65,257.19,544,413,MALICIOUS
54651,88311,185,290,7178,8172,1219,138,1220.36,456.32,22,94.28,31.76,51,33,292.03,89.58,9,441,MALICIOUS
8502,94673,235,386,24,2644,948,320,352.09,292.83,34,74.17,27.07,6,33,889.04,476.62,608,118,MALICIOUS
43457,35131,303,347,14298,3651,1278,729,179.72,63.53,32,77.91,8.94,91,25,67.2,194.65,840,6,BENIGN
40546,98838,186,366,5472,7562,933,1459,1014.39,335.55,25,4.8,38.97,65,27,879.49,460.43,607,386,MALICIOUS
33959,70075,232,107,8344,14529,1298,668,345.03,291.81,21,86.22,49.93,48,28,461.96,150.04,593,131,MALICIOUS
45195,33899,116,95,5200,12808,109,871,665.55,493.34,20,33.29,47.92,77,17,508.26,160.05,446,477,BENIGN
13078,19130,65,314,11572,5289,676,1402,121.4,317.93,23,83.66,18.27,88,21,220.3,402.73,832,248,BENIGN
19038,55248,54,219,9099,4119,1167,487,694.39,165.29,22,69.36,1.88,54,41,485.59,497.62,694,15,BENIGN
64669,66950,71,418,6239,9390,1242,983,741.18,146.16,31,72.11,10.76,92,45,287.06,27.18,492,42,BENIGN
51332,32437,358,107,11879,10760,178,439,838.18,387.72,38,29.86,19.88,17,0,691.35,435.76,365,125,BENIGN
46495,91827,439,341,9933,13059,808,855,1352.82,195.01,35,9.01,21.68,9,43,570.76,266.48,106,133,BENIGN
46283,64777,434,187,11928,12209,237,697,965.43,331.92,37,94.54,30.39,37,44,917.5,158.55,952,261,BENIGN
1821,61513,24,322,7144,12312,551,597,454.26,481.46,34,52.61,4.68,74,7,79.94,490.15,550,435,BENIGN
60713,95101,331,306,4035,10078,882,118,1027.81,457.98,25,15.62,30.35,77,37,877.3,213.56,458,391,BENIGN
51597,4473,312,220,10135,10540,780,732,156.35,355.82,36,80.15,16.02,94,36,179.6,37.22,42,176,BENIGN
8305,28894,427,463,8748,12692,72,964,1220.66,103.97,28,33.43,4.42,60,14,516.97,378.26,995,461,BENIGN
9795,94412,389,208,2986,14904,1261,335,312.18,41.32,35,92.82,30.13,9,27,21.18,202.63,266,184,BENIGN
10870,75576,218,398,13855,10750,704,702,549.28,192.87,24,96.66,29.51,30,9,148.84,462.18,635,346,BENIGN
9774,14226,156,1,6730,8797,837,503,636.23,180.37,22,73.23,23.27,16,44,342.61,148.99,651,60,BENIGN
19026,61307,229,285,463,1147,416,1082,182.17,421.69,30,63.76,25.37,22,9,335.23,103.56,174,165,MALICIOUS
41228,82864,335,142,10943,4089,1408,1070,539.59,322.6,38,2.81,2.15,27,14,214.25,400.78,56,400,BENIGN
3032,14484,58,120,6386,3095,542,1030,428.51,84.79,34,81.6,11.25,94,7,892.67,133.15,249,173,MALICIOUS
44897,63962,297,87,6670,9726,836,1217,1311.8,70.83,30,70.16,12.39,23,31,256.92,209.83,809,388,BENIGN
41066,30822,369,117,12519,4592,154,1358,50.13,58.77,25,67.61,18.21,28,42,619.48,395.48,977,50,MALICIOUS
17783,9844,73,418,11288,7157,1106,1189,1076.44,434.13,20,56.16,48.37,3,11,379.59,469.06,644,366,BENIGN
64511,34429,79,298,9937,4372,1309,302,1479.64,305.99,23,18.75,22.97,19,29,976.96,258.36,500,90,MALICIOUS
17149,84894,120,57,4500,7583,923,42,239.03,258.65,28,77.56,1.08,1,31,237.12,352.47,51,240,BENIGN
41697,95673,335,202,1138,9122,582,1377,354.88,120.45,26,16.8,14.75,10,29,233.18,209.85,419,42,BENIGN
21748,18975,81,438,13273,12241,284,986,1315.97,357.04,35,65.64,3.54,69,25,361.23,177.93,209,377,BENIGN
9353,81066,204,182,3959,8556,290,15,1157.58,462.22,25,14.03,40.01,19,27,346.83,204.25,758,235,BENIGN
9712,45636,493,11,11937,11235,867,154,94.39,100.99,21,85.79,46.62,95,36,616.1,464.5,905,417,BENIGN
32876,41444,132,80,8710,14398,424,1017,299.48,425.9,27,96.37,47.99,36,45,446.78,131.18,364,209,MALICIOUS
27767,50127,227,243,848,9488,1300,1162,49.11,384.27,24,61.98,11.63,91,1,176.06,109.24,437,20,BENIGN
15923,70015,333,70,7880,7292,374,741,648.07,369.65,21,39.7,36.62,71,41,977.77,291.44,216,62,BENIGN
54148,82557,403,447,12813,761,706,573,963.85,175.31,33,69.3,44.98,53,21,785.54,351.82,253,467,BENIGN
18968,4181,200,36,1215,10455,1155,449,1129.07,325.82,36,54.67,42.3,50,33,161.09,197.74,176,287,MALICIOUS
6167,28326,399,465,421,8389,475,1276,1351.88,137.08,26,18.11,35.11,26,20,450.81,88.83,799,387,BENIGN
28694,54977,236,444,3315,11185,23,1347,1139.71,13.61,39,80.28,7.88,17,5,151.76,169.76,647,134,BENIGN
7390,51567,325,132,3722,8951,413,1053,278.17,206.43,37,18.24,18.98,51,30,73.09,396.57,17,371,BENIGN
15859,79002,363,394,6167,5889,1468,1045,89.41,146.61,32,80.28,11.44,11,37,974.75,312.83,68,96,BENIGN
13635,60417,154,116,3801,11494,660,1189,347.9,369.12,32,31.06,6.32,91,2,440.31,437.17,547,371,BENIGN
54796,28317,91,79,10656,2505,1132,1073,664.52,447.95,32,87.18,37.2,17,26,607.0,236.04,594,33,BENIGN
4450,89090,26,217,12699,13296,505,891,208.04,63.63,37,26.2,24.04,69,7,468.27,248.22,297,234,BENIGN
40674,77332,419,229,4830,6538,801,1101,620.86,305.15,23,21.56,11.65,23,39,934.16,332.31,323,368,BENIGN
16603,87500,19,93,9204,3464,518,981,1062.09,0.36,31,72.66,30.03,39,29,388.43,294.17,353,82,BENIGN
61801,99764,179,134,11806,2764,342,1372,1101.05,18.56,31,47.26,45.4,99,3,655.94,210.35,64,467,BENIGN
54928,57681,160,397,6504,2184,479,324,92.77,284.8,37,68.99,27.31,30,47,110.73,304.05,876,101,BENIGN
43537,79838,381,436,11881,903,956,1213,1282.83,241.67,20,21.75,46.7,80,8,20.88,109.21,622,115,MALICIOUS
6726,24738,358,419,9118,3899,141,1267,1350.6,447.3,35,10.07,6.54,4,24,696.04,108.31,662,17,BENIGN
49113,85895,291,383,13296,13361,1116,675,1267.32,262.35,20,17.73,27.91,53,26,898.75,435.36,835,182,BENIGN
54382,77401,252,116,3037,3130,33,1280,218.26,60.18,33,95.98,6.39,15,2,204.77,76.92,804,375,BENIGN
58497,58951,26,150,5005,12749,894,578,1137.17,246.11,31,95.1,34.44,54,7,143.19,234.65,764,198,MALICIOUS
24264,47188,422,399,10244,2940,1205,128,235.16,467.4,26,98.41,37.86,18,15,862.38,122.89,169,128,BENIGN
23601,61865,278,404,13713,4250,414,885,520.79,272.02,39,84.58,16.79,73,10,525.76,372.27,659,180,BENIGN
54306,33448,17,84,2645,2417,1385,1389,1474.88,99.59,35,88.09,26.42,91,0,10.31,159.7,753,287,BENIGN
15791,7074,241,83,5539,4801,1146,54,1094.18,356.73,39,70.11,38.14,75,17,499.01,323.82,541,124,BENIGN
36572,52818,451,28,14566,10660,119,799,222.65,452.07,26,19.82,42.12,74,44,838.19,176.28,59,127,BENIGN
10243,54504,176,166,12579,5168,1105,1200,800.78,377.92,38,47.92,16.38,43,36,601.35,353.46,952,156,MALICIOUS
48757,42106,139,89,4990,4680,1388,971,817.5,328.9,24,49.69,4.73,81,0,754.49,294.2,998,65,BENIGN
65052,42609,9,92,2775,975,721,714,88.19,302.44,27,91.25,39.93,90,45,83.56,366.53,176,376,BENIGN
13267,4277,382,162,6167,5284,1110,1087,738.07,37.28,25,16.86,46.61,19,3,283.99,60.59,443,336,BENIGN
24343,13032,61,411,14910,2072,1362,288,684.94,162.88,39,78.91,15.56,96,8,46.66,38.23,807,124,BENIGN
61099,33655,280,230,12493,9339,173,1232,275.02,346.55,28,19.23,44.19,27,9,993.62,364.38,626,149,MALICIOUS
49970,27103,103,157,11073,2187,958,865,976.35,200.9,26,36.65,35.37,64,26,49.46,146.53,237,231,BENIGN
57906,55046,162,385,11885,1235,501,557,991.15,86.69,26,85.07,23.28,31,6,857.68,265.37,232,68,BENIGN
12952,3394,449,60,11101,9933,752,1347,669.89,337.17,30,81.64,13.81,41,20,885.49,1.32,132,57,MALICIOUS
55172,66705,241,294,9806,9543,219,1004,1022.01,100.37,26,31.05,7.35,37,37,450.04,123.75,416,417,BENIGN
50513,68472,7,76,13101,528,208,189,647.16,413.4,22,55.58,14.64,3,6,852.36,495.18,87,202,MALICIOUS
4408,161,444,113,655,4607,1057,1146,699.67,251.35,38,15.6,38.16,66,2,721.78,319.71,713,282,BENIGN
17345,36640,59,275,2416,1552,413,1460,968.04,364.62,36,15.82,16.61,10,43,51.74,363.6,46,283,MALICIOUS
11178,50438,147,306,13261,9020,1079,182,207.59,352.83,32,18.62,38.44,27,34,472.61,379.18,94,369,MALICIOUS
15886,16998,360,235,4740,8220,266,12,1469.91,144.7,31,7.72,11.21,60,39,932.31,272.32,352,270,BENIGN
5322,75323,320,106,10839,13415,231,315,715.24,425.91,33,38.46,13.13,84,44,461.03,86.91,757,268,BENIGN
25622,7911,255,415,14401,14067,984,1257,1286.77,473.11,28,66.02,26.9,4,4,627.44,283.96,126,322,BENIGN
53747,82872,452,391,11056,9568,1214,888,773.33,420.79,28,22.7,38.16,58,13,338.84,220.11,447,101,BENIGN
4352,762,88,251,10483,5474,469,84,642.73,153.13,24,46.26,40.2,83,27,573.69,352.35,663,125,BENIGN
33029,61853,306,166,5984,12247,1310,1126,767.88,448.73,29,65.57,37.62,40,30,398.73,331.25,425,265,BENIGN
36993,92373,22,193,7248,14721,869,225,473.87,9.79,30,37.7,20.7,53,18,59.59,235.44,544,138,BENIGN
41446,84211,413,439,852,11582,311,1108,141.01,52.52,39,0.93,45.81,8,20,126.2,125.59,933,385,MALICIOUS
50942,49208,336,445,9544,8702,461,224,7.57,231.34,34,91.56,28.23,73,30,505.4,23.05,960,435,BENIGN
32956,84336,200,451,13895,11760,638,170,968.98,315.88,27,4.65,33.14,63,22,204.6,132.02,606,72,BENIGN
65262,82188,289,421,2170,7466,177,1296,715.7,383.34,29,15.99,30.31,49,11,807.92,248.25,792,220,BENIGN
10155,75869,494,264,7549,743,1489,958,351.27,318.17,32,16.43,34.05,4,29,905.18,467.8,537,417,MALICIOUS
39756,84074,215,102,9915,4836,264,229,792.22,444.76,33,11.43,15.46,40,12,179.61,484.75,829,256,BENIGN
8769,53801,432,491,11526,2325,43,1191,1008.39,302.52,37,51.67,16.12,22,23,972.11,438.62,884,366,BENIGN
30855,70740,34,219,12388,8581,878,1034,7.27,278.91,36,49.93,37.75,27,41,599.06,282.58,264,138,BENIGN
37779,73414,387,340,9600,1265,175,974,766.33,182.79,23,65.87,11.76,39,1,299.58,342.87,42,1,BENIGN
5057,52813,119,64,1110,631,860,597,1274.2,103.56,35,8.68,41.82,58,38,276.04,376.21,123,14,BENIGN
6826,33681,58,267,14516,10669,461,1203,773.21,413.02,35,18.97,48.23,60,43,0.66,217.39,712,163,BENIGN
48783,25174,96,422,7113,14226,1183,162,1106.95,230.65,32,0.71,40.72,87,1,914.29,247.95,889,257,MALICIOUS
33839,80474,430,325,3839,1678,643,784,697.95,272.07,37,74.92,18.61,53,28,768.13,198.27,953,331,MALICIOUS
38044,10091,392,277,52,14189,1097,811,747.88,262.19,22,3.42,40.01,64,31,764.73,338.85,114,385,BENIGN
5751,76293,217,91,8076,6993,1012,797,38.36,219.34,27,49.11,8.62,19,26,492.7,8.91,568,202,BENIGN
52161,48905,463,45,11537,14133,961,1324,1081.89,128.9,32,72.65,11.0,75,11,581.72,64.23,909,285,BENIGN
13597,98881,334,333,2914,1129,141,1474,801.97,223.55,23,43.1,49.18,10,5,938.41,394.03,330,340,MALICIOUS
2467,15252,371,480,2150,5499,950,50,1195.51,19.72,24,6.98,5.92,14,31,261.0,390.21,440,29,BENIGN
35281,77274,334,497,7428,7277,204,332,1229.15,97.75,25,93.04,29.94,34,42,406.77,223.85,579,44,BENIGN
14865,62008,44,117,9847,3293,356,946,599.97,13.3,27,62.58,48.52,81,18,965.78,240.97,937,221,BENIGN
16385,65527,108,59,861,4321,257,504,1030.18,418.09,22,49.31,41.24,14,4,38.9,73.82,767,38,BENIGN
3340,37969,268,494,3221,7935,824,86,971.28,371.53,32,14.31,12.9,57,5,542.99,73.92,221,460,BENIGN
52444,39442,425,37,8503,2361,361,373,957.79,55.1,23,5.13,10.09,87,41,609.01,68.27,289,397,BENIGN
24433,84049,398,12,2944,6842,1290,1100,220.92,310.87,38,25.31,0.29,27,5,42.07,355.64,62,336,BENIGN
52119,33029,67,380,2182,2152,284,1104,1213.56,403.62,38,44.66,49.12,18,38,27.87,156.96,767,232,BENIGN
23487,59533,70,185,9981,575,210,1288,199.5,353.68,29,32.44,4.79,84,32,457.65,43.87,58,207,BENIGN
12446,3402,157,168,14691,10882,1289,966,1321.61,377.42,34,51.22,2.04,96,32,445.36,341.37,968,45,BENIGN
50123,1004,224,112,6249,9363,542,267,820.12,28.75,25,90.77,15.63,41,17,354.4,271.89,26,205,BENIGN
14687,18867,226,178,914,11610,306,781,970.9,330.34,28,37.73,14.65,97,32,679.52,322.33,453,366,BENIGN
49005,78014,166,149,8871,1583,1152,1281,141.67,202.8,21,23.83,22.2,77,43,51.59,350.14,981,420,BENIGN
28853,86276,467,180,10605,1804,599,1264,556.8,412.72,26,59.51,6.64,18,45,441.96,2.78,276,102,BENIGN
17943,21049,398,116,9319,8977,1278,998,173.6,205.23,24,29.81,30.28,38,36,484.85,409.56,366,36,BENIGN
25364,90690,147,473,11681,7690,916,466,24.51,87.76,20,11.42,16.29,18,42,459.58,299.64,583,477,BENIGN
6880,92129,153,123,9866,9946,134,1123,482.1,233.66,29,70.0,19.92,1,41,467.2,77.74,835,395,BENIGN
48770,90863,364,499,8399,152,1474,897,939.98,151.82,27,72.29,18.08,57,17,36.21,241.45,491,14,BENIGN
30220,66745,312,206,8890,8254,850,1326,415.48,117.84,22,20.93,23.82,70,31,619.83,279.23,251,279,BENIGN
64766,37303,131,408,5928,8535,53,1333,1168.43,282.92,29,93.99,9.28,89,11,117.28,361.65,605,185,BENIGN
18142,23263,377,394,7475,12046,1015,724,1434.73,115.89,26,51.01,38.53,25,29,560.85,353.88,486,402,BENIGN
52609,88579,298,291,6916,5968,738,1461,1477.25,467.56,36,59.25,19.37,3,27,740.33,107.14,264,252,BENIGN
56990,50206,28,398,5925,11992,1110,774,9.53,266.11,39,7.98,17.65,59,47,316.21,385.27,500,195,BENIGN
1335,32956,234,497,8108,1473,961,1249,407.96,88.58,22,65.66,38.83,79,34,985.48,338.85,960,42,BENIGN
19544,27509,281,352,12423,10643,562,49,225.54,365.05,23,40.54,9.68,23,43,476.96,45.83,610,465,BENIGN
4418,86817,220,241,12625,10606,1255,416,485.68,279.97,26,82.74,4.29,48,43,209.96,175.5,321,151,BENIGN
6393,7662,250,436,8435,13985,1282,1199,898.38,184.69,25,90.65,27.26,39,29,267.53,191.16,140,352,BENIGN
17795,10532,236,178,7263,12217,1326,542,89.69,370.39,31,26.69,49.05,59,16,103.11,22.72,93,303,BENIGN
26118,49479,42,444,6666,14863,1249,1080,1034.45,16.9,27,1.41,3.17,15,7,799.26,79.26,987,135,MALICIOUS
14994,25564,293,365,3138,12485,584,1295,1447.98,351.97,35,3.56,13.46,11,34,808.76,234.27,257,231,BENIGN
13988,37104,488,239,10182,8439,1197,435,1296.55,31.74,39,98.68,38.96,83,6,737.81,75.36,665,353,MALICIOUS
65369,20273,270,399,10097,4938,287,465,625.17,165.41,24,33.28,39.79,65,31,452.26,472.27,336,24,BENIGN
45098,54861,76,113,14671,1181,438,445,1254.49,270.39,27,73.34,36.56,56,8,508.32,294.46,1,75,BENIGN
21506,43039,222,407,8408,608,437,85,867.1,387.47,38,86.27,40.21,45,49,482.32,215.75,429,241,MALICIOUS
29100,26909,17,175,4716,9080,1287,945,378.01,461.77,35,98.21,6.24,14,36,711.6,333.87,949,370,BENIGN
13387,98807,400,183,4807,3532,25,1073,594.3,277.79,32,32.03,36.92,13,32,222.71,349.7,38,477,BENIGN
13391,67001,91,452,8816,11457,586,562,1087.29,274.38,33,72.75,39.78,74,31,868.11,103.49,812,290,BENIGN
55282,20761,456,27,627,8077,661,170,404.48,411.01,37,31.04,27.79,19,0,751.19,54.05,363,97,BENIGN
32644,14337,134,367,9556,11375,590,1065,1263.04,51.58,25,41.24,9.62,42,46,108.29,287.44,559,33,BENIGN
12098,61528,93,17,4860,13782,922,272,943.91,370.14,26,23.07,5.31,23,22,493.01,417.95,858,36,BENIGN
9650,73323,428,412,12795,7090,893,1036,1405.02,273.62,39,80.0,23.4,67,9,723.22,103.95,12,431,BENIGN
17570,43879,304,188,1224,12066,510,1368,1461.44,498.21,29,64.71,26.66,92,21,836.93,124.85,841,233,BENIGN
62370,40824,231,219,3706,4968,1192,583,702.32,209.61,29,95.68,11.44,36,17,611.99,197.5,868,328,BENIGN
51717,91970,282,342,8246,3573,156,503,747.9,83.86,29,98.51,15.47,28,23,409.86,192.73,146,395,BENIGN
44978,22044,324,135,12616,3789,345,1179,921.07,464.02,36,73.75,13.21,98,38,885.24,236.92,587,254,BENIGN
3452,5592,347,371,7720,6776,736,356,789.33,403.08,33,28.96,30.33,22,12,746.49,212.61,472,309,BENIGN
10384,72621,240,317,3883,13667,473,1151,610.66,26.4,32,81.34,19.14,63,34,887.92,80.43,804,40,BENIGN
11872,37626,166,35,8704,13742,1288,561,830.2,13.47,39,65.76,21.06,71,36,117.35,123.38,268,321,BENIGN
27391,67387,89,444,5766,6261,405,810,1009.86,12.12,39,78.88,44.81,51,39,927.4,490.49,906,108,MALICIOUS
36485,84055,332,383,14890,13053,390,391,131.92,128.93,33,73.12,2.93,89,32,500.05,166.55,22,164,BENIGN
46185,51175,309,354,7324,10402,22,597,1068.32,304.55,24,40.6,32.2,58,14,526.2,156.3,237,97,MALICIOUS
60081,30622,471,255,12853,1611,120,765,255.15,479.88,31,45.11,9.79,23,46,236.21,59.51,409,418,BENIGN
12385,16740,347,158,7918,3282,1328,1232,847.71,208.85,37,56.11,4.93,19,4,812.38,239.57,800,424,BENIGN
21588,67885,228,153,12882,9002,106,1095,1087.0,295.2,34,22.45,44.52,30,11,266.14,254.2,26,424,BENIGN
33555,47421,262,34,8767,13502,151,1308,210.83,333.35,39,22.34,21.38,3,43,56.51,192.5,779,95,BENIGN
61236,89319,177,34,9268,14996,330,471,321.1,51.98,38,37.29,13.7,42,1,338.54,269.48,889,360,BENIGN
24980,52969,199,53,3244,676,261,1346,1349.34,270.39,39,41.66,20.44,1,23,812.57,464.31,341,135,BENIGN
26944,30565,39,258,14393,8509,938,1003,711.34,468.02,29,88.11,10.3,10,9,495.81,110.84,559,122,MALICIOUS
55464,94886,482,441,7302,1303,1220,412,243.92,288.46,24,77.5,20.43,25,40,905.85,380.52,324,162,BENIGN
38564,70309,376,52,4974,1889,1011,28,996.71,428.68,29,4.08,23.75,19,40,825.18,455.76,364,327,BENIGN
47285,6924,329,70,13618,3436,1140,17,796.87,51.58,21,64.54,37.87,42,4,657.75,72.53,713,312,BENIGN
9471,88193,278,107,10933,13084,1117,856,1429.02,298.82,29,95.72,47.39,71,49,652.41,191.19,175,83,MALICIOUS
31152,97807,177,144,12346,10548,181,1337,511.05,88.96,24,99.15,26.88,89,24,38.43,106.54,250,482,BENIGN
5541,81537,457,36,13925,719,1073,852,304.28,209.14,27,81.37,21.55,29,32,933.55,223.42,89,140,MALICIOUS
56385,34419,150,147,4005,3669,1128,163,303.73,36.53,27,34.44,24.97,69,46,865.71,457.4,732,28,BENIGN
57572,76104,162,41,5670,6089,721,1279,1140.25,406.94,33,61.74,37.43,13,17,317.18,178.63,638,36,BENIGN
26246,82893,154,315,10186,2152,1343,449,486.83,291.87,35,13.03,34.49,94,27,928.2,490.59,80,234,MALICIOUS
24430,62779,137,39,4062,6068,474,564,1295.67,320.14,36,38.33,45.39,68,11,283.56,376.8,368,420,BENIGN
16879,29984,10,91,8176,9550,123,1406,482.03,282.27,26,47.77,31.66,41,31,165.25,493.57,25,475,BENIGN
63276,63734,403,49,13416,3582,736,1383,737.43,410.34,25,51.02,19.31,38,14,907.61,362.82,726,250,BENIGN
8365,50790,199,299,455,13969,380,1276,600.9,105.78,39,40.43,27.41,73,24,345.79,155.54,205,369,BENIGN
38866,37659,207,41,9353,10508,673,760,758.31,90.02,39,85.66,28.86,61,2,62.98,130.23,111,281,BENIGN
56802,91534,309,301,8614,14555,1145,94,284.81,46.62,37,74.85,13.03,5,3,128.15,265.21,629,70,MALICIOUS
4267,29918,379,429,13186,2396,1478,1210,1048.13,493.79,22,8.74,27.92,84,38,106.33,386.92,385,290,BENIGN
35532,40939,475,299,910,5324,1479,247,889.04,328.0,22,98.31,22.36,91,24,141.93,127.75,291,224,MALICIOUS
39980,30841,316,492,1592,9405,1347,577,782.49,297.42,26,94.57,13.57,66,2,379.45,30.95,997,309,BENIGN
16393,24610,287,334,11646,11469,1485,1201,358.72,185.2,37,20.1,36.73,46,13,226.78,293.01,639,327,BENIGN
3985,96073,54,379,6221,12561,74,178,1052.66,244.56,20,74.38,26.94,70,49,123.54,411.65,735,392,MALICIOUS
24762,43032,421,451,2993,12103,703,1484,737.34,64.42,33,4.45,20.88,51,48,984.39,67.48,510,344,BENIGN
47056,30498,356,455,8207,14028,1350,129,1086.09,475.44,35,56.21,38.25,35,28,52.39,308.02,966,464,BENIGN
59590,61801,18,496,10191,10755,775,1194,1279.31,206.01,38,87.19,8.8,64,6,648.99,283.58,140,234,BENIGN
60319,52472,475,44,4665,13619,732,33,259.86,413.0,22,23.12,7.25,3,6,486.94,471.63,998,87,BENIGN
56213,83435,109,132,10583,14917,416,711,1438.79,335.64,32,31.21,29.27,8,17,234.2,401.84,134,384,MALICIOUS
58943,62504,99,76,5618,12852,1291,984,43.78,393.78,24,15.61,33.03,33,11,217.08,15.09,844,146,BENIGN
16241,80457,257,267,13747,3056,1152,436,984.32,201.96,24,62.32,38.99,55,44,796.2,106.85,35,407,BENIGN
15099,25727,456,499,1155,2202,515,158,127.71,198.66,20,98.97,0.46,90,44,192.85,94.87,606,349,BENIGN
20026,40719,124,111,3491,2892,392,1081,1496.21,362.98,33,38.62,42.42,25,33,456.18,32.26,859,68,BENIGN
34990,14939,2,88,6250,12046,559,170,1298.79,188.73,37,10.82,35.93,52,11,883.93,329.57,292,231,BENIGN
48854,30524,263,499,414,5310,1319,64,446.53,147.2,21,43.26,30.55,47,42,18.22,129.08,25,40,BENIGN
61498,48127,42,258,4663,8200,484,430,89.74,343.77,38,61.46,31.84,44,45,548.35,92.31,440,37,BENIGN
29220,77461,307,285,3000,10857,164,152,54.53,245.58,21,97.06,8.25,31,45,314.58,480.26,534,109,BENIGN
25568,82700,396,380,6212,1656,1169,1312,244.52,209.27,20,3.72,39.12,68,17,983.39,284.5,821,259,BENIGN
7643,89154,485,309,7744,421,1299,1013,798.86,54.84,20,74.8,12.45,52,2,542.41,178.23,135,461,MALICIOUS
28712,78475,398,184,8177,12132,1381,1428,1112.85,71.76,20,76.78,5.04,79,44,608.81,187.01,973,309,MALICIOUS
6409,24704,171,63,9078,3706,282,1460,488.13,392.47,32,48.32,9.46,72,46,78.27,199.7,709,39,BENIGN
28628,34466,491,94,8084,8017,703,490,1482.71,30.96,29,21.61,21.22,13,11,525.61,395.15,373,487,BENIGN
27979,44491,230,160,14959,3821,462,600,1011.36,190.2,26,61.84,49.27,30,13,987.81,474.38,734,178,MALICIOUS
5119,45002,72,419,4821,9618,91,809,245.19,97.51,33,94.87,13.76,47,24,80.38,200.39,105,453,BENIGN
38699,4385,268,433,1004,1994,1171,901,204.52,425.35,35,92.64,7.02,28,32,396.36,101.9,560,131,BENIGN
51399,73852,117,129,13692,5900,1321,72,896.38,277.08,25,49.4,33.31,49,25,806.67,292.61,596,63,MALICIOUS
38672,11458,36,240,6017,2667,1427,1233,1404.31,34.34,23,46.3,33.09,43,24,195.02,7.22,350,448,BENIGN
18248,19450,183,363,1123,7425,1183,303,974.15,322.64,37,68.81,32.53,62,3,941.42,471.07,290,200,MALICIOUS
23826,30706,208,28,4206,4711,862,1375,491.89,260.07,39,83.51,16.36,61,30,41.6,268.36,811,486,MALICIOUS
45742,60045,123,386,585,2641,873,1360,1358.05,131.21,21,28.97,24.66,32,34,163.83,267.6,446,169,BENIGN
36989,53206,253,9,5177,3275,1497,733,126.37,312.35,20,8.79,48.15,89,30,404.48,173.28,922,13,BENIGN
59178,83963,119,444,9630,11658,522,934,862.5,47.42,33,60.78,7.94,66,28,554.1,243.38,749,461,BENIGN
23961,37360,385,404,8560,5406,1299,332,680.69,217.51,33,19.16,42.62,12,20,188.71,187.85,198,375,BENIGN
44011,94859,247,484,3035,3798,73,196,667.27,329.91,20,59.25,46.23,21,21,799.18,378.11,275,127,BENIGN
48765,44482,468,422,4870,8988,1444,1287,1025.59,383.12,20,5.46,31.84,17,11,223.79,13.53,667,219,BENIGN
11802,68109,169,486,8383,4844,728,198,723.44,307.03,35,40.63,15.0,63,10,359.61,264.49,322,229,BENIGN
31283,74880,485,442,4631,6259,1340,82,356.78,359.89,25,24.85,48.89,62,49,614.61,338.14,293,129,BENIGN
31517,45990,261,438,13330,7899,339,320,627.47,316.01,35,83.92,24.04,67,43,307.14,151.24,906,467,BENIGN
36822,90013,150,495,7685,14656,351,281,189.35,57.2,37,17.97,35.6,89,20,474.59,488.89,405,404,BENIGN
37375,33357,455,172,12043,10383,1402,37,986.94,183.53,27,77.68,33.38,72,25,266.36,390.65,883,394,MALICIOUS
59943,82026,492,286,6090,1936,511,1376,377.03,459.71,20,81.73,32.81,50,3,866.65,67.43,305,497,BENIGN
36839,50292,193,294,10315,1299,90,623,268.12,256.76,33,87.83,7.36,46,38,755.78,433.78,284,163,BENIGN
62829,90984,252,55,10030,12603,919,830,62.06,477.09,37,65.8,27.89,73,35,631.11,350.98,493,368,BENIGN
37474,78553,139,332,12190,5094,1344,901,575.29,340.96,38,80.7,41.55,9,0,719.96,50.33,390,375,MALICIOUS
20140,36709,411,488,6800,4362,1097,235,1424.84,330.24,39,81.65,14.01,14,25,226.89,379.07,473,256,BENIGN
30508,15427,31,140,14342,180,155,881,734.41,6.58,37,48.06,25.62,92,43,559.68,434.46,987,395,BENIGN
32723,88133,427,160,14737,6109,78,1166,107.95,375.12,20,30.78,22.14,42,25,755.12,1.71,252,464,BENIGN
18503,74733,121,401,42,1593,256,716,850.13,63.71,20,84.15,5.44,35,42,1.28,254.55,995,405,BENIGN
28756,33994,269,423,8605,4432,673,1327,915.09,167.32,20,92.57,31.5,12,34,815.98,467.79,140,305,BENIGN
40073,59192,369,381,679,2141,818,887,1335.68,471.94,36,70.25,18.53,62,45,936.49,237.69,718,218,BENIGN
21418,21568,357,68,11557,9206,304,279,956.92,181.22,37,83.09,13.15,33,5,335.51,384.2,369,243,BENIGN
27674,93037,80,15,9454,10626,432,77,560.6,362.02,38,6.78,43.05,12,15,841.75,374.02,206,230,BENIGN
12402,32812,45,389,8421,9662,1374,1481,911.92,50.59,23,98.12,37.91,84,38,681.76,470.07,159,486,MALICIOUS
43657,62909,59,139,8138,8114,207,939,1283.3,389.05,29,31.52,6.76,86,44,774.72,288.22,924,32,BENIGN
24052,5592,146,220,6515,4763,922,743,686.54,357.9,32,75.07,34.46,47,39,810.61,356.51,47,199,BENIGN
63070,67177,364,320,4959,10847,1019,971,1305.21,238.22,26,2.91,15.92,24,49,393.46,475.44,162,46,BENIGN
46570,62987,456,445,7177,12197,231,577,76.72,349.99,36,94.9,11.63,62,25,852.81,52.24,261,330,MALICIOUS
14724,74979,13,272,9033,14834,27,994,1236.56,496.56,33,6.29,24.32,51,42,799.94,170.76,300,374,BENIGN
38363,16270,293,404,2334,3447,933,1125,70.54,276.68,32,92.61,39.9,85,35,444.26,248.96,569,131,BENIGN
20050,14508,60,433,2586,5198,920,590,58.83,256.6,29,19.28,43.67,7,40,211.22,130.65,971,95,BENIGN
6714,86235,354,209,1099,6224,1405,995,191.57,115.67,28,60.32,43.44,59,37,232.89,313.55,659,151,MALICIOUS
17996,83942,148,357,5811,6224,312,588,737.91,5.79,32,20.76,46.59,39,2,922.74,119.38,478,79,BENIGN
49852,94233,441,284,30,804,222,513,179.68,161.55,39,51.13,41.73,89,6,257.73,75.88,625,357,MALICIOUS
25226,26842,37,386,10885,10805,1266,486,638.85,313.15,31,30.86,28.89,1,13,429.87,169.09,755,4,BENIGN
12673,44114,396,278,7328,7928,751,991,441.66,487.16,33,55.53,28.84,8,1,324.15,437.61,200,132,BENIGN
19203,22066,357,55,12058,3018,560,1447,1303.17,145.09,31,66.15,28.85,19,18,315.86,179.93,622,101,BENIGN
57967,25760,357,155,7010,7197,973,574,1314.33,408.96,34,85.4,39.34,23,9,375.19,314.64,356,325,BENIGN
44710,68966,28,227,5580,11746,409,872,405.0,404.22,21,33.26,1.19,77,16,225.88,53.9,288,260,BENIGN
64593,1970,278,488,5518,13254,854,719,1491.25,26.6,25,44.31,7.79,20,6,235.4,424.41,249,56,MALICIOUS
7036,78384,60,110,13444,10676,472,73,758.49,32.21,23,5.04,19.22,89,25,376.96,281.35,886,119,BENIGN
46197,80917,320,37,8269,12305,894,1413,1367.18,201.44,38,4.13,22.82,90,14,742.73,127.61,904,485,BENIGN
16947,75550,480,182,7601,1055,1076,805,442.15,458.56,28,9.25,24.48,9,8,716.14,491.21,80,251,BENIGN
29388,99642,164,89,13674,14464,758,310,298.33,363.16,33,42.78,46.07,5,35,542.09,338.83,298,216,BENIGN
25241,94718,254,395,7735,3065,1218,1082,465.24,406.48,39,85.52,33.21,63,17,715.55,460.12,55,58,BENIGN
40902,78059,452,71,3769,3264,1313,514,750.36,208.78,24,72.97,30.22,7,25,931.49,441.27,13,293,MALICIOUS
12778,89139,123,392,3040,2598,1377,599,311.9,433.71,33,43.64,30.81,28,49,195.09,230.14,587,312,BENIGN
58773,65481,142,277,1708,9565,38,922,586.69,372.69,28,13.23,30.51,62,27,15.38,180.94,798,299,BENIGN
3553,78847,473,400,2562,2920,545,218,1474.21,422.6,38,22.1,23.17,64,38,589.36,205.68,255,379,BENIGN
32525,78466,367,421,4774,2667,312,836,1412.45,407.48,22,63.52,7.36,56,18,969.83,354.2,37,239,BENIGN
12218,96356,177,364,12288,13657,1072,824,873.48,21.94,26,2.06,48.75,56,40,172.0,298.9,338,35,BENIGN
10712,39753,26,431,9535,9354,321,973,1433.07,155.97,24,22.9,28.93,15,13,0.95,452.42,426,208,BENIGN
18890,19974,163,63,6648,2905,1125,527,475.05,396.91,29,21.23,12.23,90,11,188.13,201.21,13,479,BENIGN
26978,69523,15,271,2983,8492,364,870,260.58,140.46,22,85.68,42.48,17,40,615.35,464.35,290,459,BENIGN
47305,26780,320,334,54,6982,1002,1287,31.62,455.11,38,21.09,9.29,78,49,579.4,284.66,94,197,BENIGN
32735,27891,115,171,11824,5662,1043,283,532.79,354.16,28,26.34,15.08,41,15,832.44,331.96,398,243,BENIGN
29469,26816,350,242,11009,4044,1275,1101,1341.85,78.5,31,51.66,25.22,92,39,897.66,123.89,199,38,MALICIOUS
9488,38253,471,421,14494,13615,859,1323,812.98,182.37,28,29.87,17.89,93,15,531.74,470.54,26,445,BENIGN
60353,40843,315,160,5779,7591,117,1172,1021.52,317.85,32,1.93,11.4,31,24,237.2,159.99,974,132,BENIGN
23189,3370,330,425,9704,11122,614,452,143.61,356.44,30,72.31,18.99,17,26,258.19,418.84,5,428,BENIGN
52061,94083,166,369,11944,6803,994,292,364.94,0.05,24,76.6,39.85,9,29,698.01,341.09,553,168,BENIGN
6651,54317,252,401,14520,13489,73,486,110.53,219.52,28,4.54,3.34,28,44,676.88,426.11,799,200,BENIGN
40095,74703,302,254,12451,14423,669,851,62.11,489.26,36,55.7,34.06,91,8,650.4,81.92,362,294,BENIGN
26647,22508,225,491,4729,3328,928,858,560.95,419.18,20,14.0,10.95,77,31,402.02,35.27,149,182,MALICIOUS
46506,86128,48,187,457,10299,132,1341,599.78,236.78,38,12.24,32.84,42,35,437.71,388.28,199,241,MALICIOUS
4359,27820,235,474,2778,3573,431,888,135.28,80.02,23,16.36,28.25,34,16,947.61,377.94,774,155,BENIGN
10030,10541,344,467,7906,7516,132,272,1462.26,233.9,28,27.33,32.84,91,25,975.27,252.79,140,492,MALICIOUS
30287,45815,483,381,1037,5266,778,1252,1333.45,194.35,38,94.42,39.79,74,7,822.4,242.3,890,328,BENIGN
41148,24375,176,436,6033,3099,355,1207,1470.39,204.91,28,17.7,5.01,36,27,521.05,455.47,547,188,BENIGN
14391,56314,304,137,41,7978,1099,1327,329.62,327.53,27,46.35,42.68,23,39,215.19,344.02,566,172,BENIGN
16885,13270,427,427,12286,10585,1174,1036,1332.69,245.06,26,51.03,46.95,55,23,694.85,155.32,190,360,BENIGN
18904,33430,295,273,549,14859,685,251,1379.24,460.39,25,4.36,2.18,71,35,934.1,379.96,977,304,BENIGN
62916,37130,21,455,10524,6863,658,25,1399.5,260.94,22,39.91,28.65,88,25,467.8,337.73,715,434,MALICIOUS
33937,43618,402,279,4667,1975,1176,1017,845.0,230.45,36,24.96,21.22,81,0,949.87,458.99,737,70,BENIGN
25534,2401,30,317,14566,8261,1187,1084,1055.19,129.52,36,16.19,49.3,6,19,777.58,52.2,726,77,BENIGN
21922,98939,186,251,1067,8429,330,1137,580.52,60.05,38,31.24,16.14,10,27,34.77,231.49,843,99,MALICIOUS
65414,28049,234,39,12853,10543,508,594,34.61,379.3,21,99.24,4.41,3,6,282.04,318.07,700,131,MALICIOUS
12846,20941,494,383,9216,9061,426,630,1134.21,488.77,29,60.89,36.61,34,15,502.6,461.18,413,247,BENIGN
64697,45198,381,116,4247,14632,1099,1464,325.26,411.79,30,61.19,48.38,38,30,379.07,145.59,277,180,MALICIOUS
29641,38609,427,280,950,1289,767,743,817.66,151.17,20,33.44,10.82,60,29,142.3,225.32,611,429,BENIGN
28194,73698,446,322,12096,9465,1115,735,1244.4,303.92,26,84.32,11.24,89,10,69.18,467.69,419,85,BENIGN
20923,57484,175,435,7275,656,171,655,387.93,209.46,28,36.7,16.55,53,0,100.62,213.95,787,354,MALICIOUS
18528,72004,200,450,5556,12210,406,1362,338.76,113.43,22,86.22,6.31,81,16,286.43,108.17,261,231,BENIGN
62784,72636,383,44,11497,8080,1341,457,1010.46,161.03,38,63.41,31.76,12,13,641.4,38.53,4,388,BENIGN
36570,29319,343,283,9667,5618,589,313,70.76,294.69,30,51.31,26.65,78,42,865.06,420.46,273,260,BENIGN
27882,7320,379,371,6241,10644,360,472,754.61,61.92,29,86.97,0.64,52,0,734.62,195.12,73,363,BENIGN
40067,44813,449,277,1754,4581,644,227,1098.94,165.18,33,81.31,33.65,62,5,224.32,314.01,804,152,BENIGN
58365,59965,294,171,6053,10357,1499,871,221.34,125.34,36,33.45,5.46,51,24,811.34,443.66,289,489,BENIGN
40130,81253,217,185,2824,12312,1447,1176,319.14,7.48,21,63.8,11.32,25,36,112.38,272.28,381,222,BENIGN
29985,70765,73,9,14745,11492,529,1415,468.2,41.59,31,14.34,1.09,17,30,204.39,281.23,335,266,MALICIOUS
19985,43416,95,164,6644,3529,593,750,1275.24,327.09,31,90.49,48.38,53,29,341.44,10.18,959,11,BENIGN
33374,22569,388,121,12111,11467,201,1000,1246.07,266.91,37,25.06,41.91,39,13,748.18,405.22,670,240,MALICIOUS
54214,71512,96,179,11693,13312,1039,932,595.32,340.73,30,8.95,13.05,17,8,711.07,169.23,620,144,MALICIOUS
44569,91651,122,440,6554,8044,636,766,1306.09,58.04,29,41.16,21.62,28,34,223.9,113.42,840,310,BENIGN
48027,80279,21,17,6231,11406,1315,210,1361.25,355.63,33,93.71,41.25,42,33,44.59,211.48,363,439,BENIGN
51999,26304,418,176,11375,7173,1046,782,933.44,30.27,29,0.5,27.45,78,49,821.81,179.24,885,453,MALICIOUS
56527,49765,8,57,11369,12616,1014,928,827.19,118.04,23,81.0,19.03,12,41,103.64,338.51,266,160,BENIGN
20977,84635,229,195,1512,8239,1061,1318,935.65,373.69,21,71.79,2.49,79,47,528.84,304.19,711,259,BENIGN
4782,40012,62,404,13463,3378,801,1254,628.59,193.74,33,98.43,12.63,35,42,851.43,354.31,575,43,MALICIOUS
6493,7507,405,16,12431,14300,909,233,507.93,222.12,32,53.31,5.43,55,15,507.1,161.83,250,315,BENIGN
23408,25998,224,97,1771,4810,152,357,96.67,54.98,39,20.28,18.47,64,24,799.1,247.82,190,370,MALICIOUS
39511,75907,361,481,2099,13220,1128,1086,701.21,451.49,38,1.75,11.87,66,0,13.29,70.68,208,405,BENIGN
42187,90583,155,474,9937,14277,784,1114,1298.32,59.28,27,56.91,16.06,58,4,72.01,22.67,67,189,MALICIOUS
1423,10993,426,158,11325,3783,60,727,1408.38,167.78,33,65.66,16.96,37,20,808.68,460.32,527,36,BENIGN
37164,86038,129,487,11593,4495,356,650,1415.61,412.2,36,90.33,11.37,12,8,813.37,326.91,969,309,BENIGN
11024,56809,116,322,4293,14305,736,678,916.3,129.69,38,97.62,12.42,30,30,25.92,343.18,297,92,BENIGN
34271,59307,317,350,13355,11847,977,495,25.72,39.56,33,95.16,10.0,97,39,970.98,384.4,404,285,BENIGN
55618,31811,185,455,4746,10595,618,279,329.51,499.66,28,0.12,19.34,1,38,16.87,464.77,841,377,BENIGN
42449,73298,135,190,4086,8030,935,1287,91.06,194.23,21,40.43,23.07,3,3,136.17,206.73,132,287,BENIGN
17953,33800,201,259,2639,3008,747,295,991.35,175.86,28,67.75,43.12,7,48,496.75,74.93,307,211,BENIGN
52735,99497,224,376,6814,1023,850,446,1003.91,213.18,25,62.62,38.43,60,38,165.97,440.79,886,42,BENIGN
53418,46982,53,432,12429,4516,213,1001,659.18,463.13,24,5.94,12.32,35,38,805.61,191.52,968,49,BENIGN
64446,34838,346,311,9723,14464,801,598,746.56,355.43,35,2.38,25.47,62,15,884.58,99.79,221,331,BENIGN
34610,55389,246,496,9001,1325,1361,178,682.98,333.13,39,52.63,39.31,2,17,636.77,235.15,677,51,MALICIOUS
6311,40071,9,218,1957,12522,1189,765,1458.04,54.34,22,43.48,11.85,23,24,110.21,25.86,745,312,MALICIOUS
33187,48457,373,39,4575,3514,94,409,920.11,77.52,30,71.94,24.49,32,8,376.88,222.0,76,363,BENIGN
2833,45684,292,184,14668,9200,160,1171,508.97,171.75,28,56.28,13.34,45,12,733.77,253.09,924,99,BENIGN
10474,80507,462,426,14533,7083,1025,729,1227.56,207.53,27,56.62,48.39,2,4,333.44,392.02,757,455,BENIGN
56496,43722,285,86,8194,7469,1494,1031,674.73,447.96,39,76.15,46.47,26,29,381.18,352.52,524,301,BENIGN
41427,1996,453,152,2076,7134,1474,1266,399.17,265.37,21,97.07,34.07,25,28,936.36,14.04,45,336,BENIGN
49678,33835,210,370,1905,8523,360,863,41.64,305.19,21,57.31,24.34,72,12,163.83,375.05,790,411,BENIGN
35330,21900,284,133,14940,14408,305,981,1168.06,232.19,29,58.84,29.09,96,23,239.09,33.76,809,98,MALICIOUS
46360,85356,420,123,3469,7146,753,542,1009.8,118.77,38,68.71,37.65,20,6,995.97,433.85,259,118,BENIGN
11044,4891,478,233,9985,14079,1382,1131,707.69,210.12,23,3.34,40.58,29,33,775.57,322.47,706,20,BENIGN
23033,87183,134,356,10584,2907,1391,488,43.0,286.24,24,50.69,40.42,0,11,950.01,198.6,541,210,BENIGN
40392,41331,62,316,5409,10494,268,1165,1073.07,132.2,27,39.44,25.32,35,18,231.06,44.78,581,148,BENIGN
44424,10432,340,293,12032,11532,1442,84,931.92,315.73,23,59.69,47.55,19,17,498.36,494.02,877,187,BENIGN
17964,23921,263,499,10055,4082,1290,319,745.1,1.11,29,35.72,32.94,40,34,525.17,201.28,408,287,MALICIOUS
39754,66772,206,243,1958,12556,1063,250,1000.9,218.69,21,11.81,18.37,41,41,694.17,140.61,308,38,BENIGN
22307,60705,291,435,11679,8450,907,1489,763.44,212.14,31,21.87,38.03,9,46,991.29,198.23,78,478,BENIGN
61956,24623,310,92,1461,9348,164,677,1323.72,299.43,27,81.66,43.79,83,6,26.43,119.98,314,116,BENIGN
54096,85051,363,226,6950,11806,1048,210,230.27,322.96,31,95.48,38.97,27,9,859.58,218.97,411,271,BENIGN
44546,81807,467,266,10111,2987,1213,104,579.52,113.88,39,51.49,35.21,70,8,751.19,482.62,884,54,BENIGN
21785,29597,193,157,13764,4353,117,1333,382.64,181.87,21,17.0,45.12,3,41,862.95,484.16,60,261,BENIGN
62051,35506,310,455,3934,13981,527,858,276.8,440.61,24,44.61,36.87,87,3,33.36,254.99,505,288,BENIGN
51628,8177,366,127,10969,871,27,773,1168.0,166.41,24,11.43,25.51,18,4,917.85,15.32,472,357,BENIGN
60914,42473,56,291,8598,2232,1032,1383,1410.24,429.57,39,28.11,13.93,58,47,422.56,27.18,304,61,BENIGN
43918,65567,492,327,11613,13039,733,1179,1137.77,193.2,21,41.97,23.83,60,44,173.48,127.94,809,286,BENIGN
54116,19806,455,352,2159,6408,1138,459,951.25,303.12,23,79.63,21.3,20,11,959.86,315.44,933,446,BENIGN
52917,24544,317,52,5465,1500,708,1224,657.48,451.89,35,7.64,40.59,38,18,255.11,459.67,656,486,BENIGN
38504,15381,171,246,4891,4654,957,304,1263.32,271.36,37,99.07,3.97,66,29,506.63,226.17,969,97,MALICIOUS
63624,57945,319,312,14233,7498,523,29,1248.08,379.84,27,39.41,14.13,15,6,675.55,467.98,531,468,MALICIOUS
35143,48671,98,338,7119,3095,1308,1210,873.28,218.44,21,44.61,3.25,92,1,288.68,442.38,50,78,BENIGN
60715,94071,324,266,7218,8115,743,1064,1465.59,465.77,35,36.86,17.72,73,39,923.71,193.45,603,384,BENIGN
15413,89321,296,134,12756,5868,1094,1053,953.29,223.17,24,10.52,18.84,0,21,716.87,320.29,63,364,BENIGN
39049,42583,406,73,2093,6371,405,541,186.98,242.87,23,97.35,2.74,65,49,483.32,119.31,984,238,MALICIOUS
35045,71798,487,82,14938,8849,1080,245,663.21,416.85,39,74.15,20.22,96,8,279.99,301.63,204,458,BENIGN
42512,153,459,62,8980,11969,558,528,902.08,323.42,20,69.4,12.04,54,46,568.25,168.49,652,419,BENIGN
26922,60578,55,30,5837,3034,772,301,549.74,284.53,25,8.55,15.03,92,44,363.24,423.4,718,54,BENIGN
36879,7997,238,213,9745,13140,1079,336,437.55,184.15,31,44.56,19.48,78,30,563.6,36.27,883,498,BENIGN
53261,74131,250,22,10612,3823,1355,1430,174.93,36.77,34,14.12,39.42,69,22,940.03,364.12,108,302,BENIGN
33195,47794,354,196,7233,5323,666,806,814.78,109.26,26,36.2,36.34,61,33,179.48,375.46,142,307,MALICIOUS
13829,35242,498,289,9053,10454,790,211,1100.43,61.73,35,8.86,4.54,94,38,97.85,200.4,87,452,MALICIOUS
20210,36308,215,260,6340,9843,1319,628,1461.86,334.38,38,79.53,38.51,70,13,180.21,28.75,101,420,MALICIOUS
1635,70707,476,107,10982,995,1256,1451,418.06,167.68,37,73.11,47.17,95,11,423.61,378.26,156,18,BENIGN
20785,64607,463,169,2342,9770,201,1265,837.99,377.93,31,91.02,13.07,96,3,254.24,464.66,171,346,BENIGN
28752,79626,57,223,741,2147,956,796,713.78,72.05,23,69.77,23.93,78,38,877.71,342.94,894,483,BENIGN
19275,63408,116,379,11707,13616,147,76,45.28,277.1,27,29.14,20.31,43,30,314.05,371.28,234,417,MALICIOUS
10939,56774,433,488,11452,13031,373,815,1266.47,269.61,32,20.31,17.18,44,23,90.95,232.46,445,199,BENIGN
17984,93216,98,126,11149,6912,1238,688,472.42,154.68,24,53.95,25.93,93,2,147.52,320.54,400,260,BENIGN
22306,87585,481,170,2465,11089,779,396,136.03,73.99,21,62.85,31.29,74,41,144.58,277.94,747,232,BENIGN
43106,79084,281,158,9459,7939,203,1301,893.93,412.81,25,81.31,24.81,36,42,583.1,37.93,459,81,BENIGN
20202,90397,495,158,9730,11686,719,118,426.58,230.8,38,0.93,46.88,56,14,807.04,208.74,11,450,BENIGN
7450,80,214,469,4981,14734,1492,630,394.59,147.15,20,67.27,24.47,41,41,496.04,350.87,780,336,BENIGN
3388,47803,451,342,13470,2231,1391,602,1384.7,398.97,35,66.26,19.81,79,43,73.42,33.64,943,438,BENIGN
56596,79867,179,233,1781,7938,1388,1336,393.71,161.29,25,21.55,25.89,83,26,980.4,41.71,125,394,BENIGN
7441,56894,184,412,8559,13975,578,844,543.45,404.98,36,69.04,30.85,58,49,361.78,255.8,686,225,BENIGN
32364,21062,482,442,1088,10359,624,439,1318.33,80.93,28,38.98,22.29,98,8,603.24,224.99,965,17,BENIGN
17325,39086,32,358,10439,7239,979,66,962.93,0.9,20,15.5,38.82,54,43,25.46,201.51,538,269,BENIGN
36764,14632,71,21,9626,6918,231,1484,947.07,146.42,23,72.76,49.2,1,12,469.61,176.62,753,394,BENIGN
49493,17888,394,319,3296,3306,507,1240,788.4,189.15,27,12.78,33.08,77,31,140.67,171.24,157,256,MALICIOUS
50996,83043,67,467,9226,2380,836,75,42.44,24.0,39,80.8,16.33,82,39,529.85,134.81,288,39,BENIGN
35963,6251,308,438,13136,12759,1312,1063,1170.43,17.7,33,80.44,14.18,7,31,248.1,48.16,416,483,BENIGN
21290,19663,206,325,9122,6646,669,1410,1230.28,257.71,26,98.32,39.28,89,21,925.48,110.9,101,432,BENIGN
54929,71563,414,420,8830,7340,1143,377,1129.46,421.52,21,1.9,15.88,65,42,758.81,435.19,281,88,BENIGN
43050,90799,119,290,2526,11871,1229,1113,621.55,428.13,23,44.39,48.96,13,19,137.68,59.34,208,450,MALICIOUS
18569,77606,380,371,1201,12105,1073,1405,1009.61,54.51,20,73.38,34.66,12,13,332.09,363.35,312,291,MALICIOUS
17012,26481,245,343,1038,911,400,1152,963.57,315.96,25,49.92,1.88,86,4,692.41,263.83,611,241,BENIGN
3168,32921,159,89,14431,3514,83,302,427.49,445.47,35,68.54,11.4,64,38,246.68,394.43,160,446,BENIGN
61658,54090,112,180,7017,7419,1242,396,539.58,401.17,39,41.2,13.76,46,29,525.99,30.5,662,166,MALICIOUS
24500,17541,243,198,12906,6302,827,841,290.69,387.76,38,97.74,10.14,38,7,544.53,245.16,855,309,MALICIOUS
24422,83548,65,276,5269,9731,1194,398,409.09,466.63,24,46.52,41.08,93,36,361.32,375.47,541,85,BENIGN
43265,5592,349,340,11132,1332,1189,471,944.9,240.51,27,98.65,41.28,93,31,496.58,65.84,157,248,BENIGN
8420,69129,240,25,7342,3455,1004,1049,215.41,491.72,26,71.64,7.42,39,0,791.25,388.64,87,379,MALICIOUS
36380,76955,177,419,1780,10649,1300,1169,1058.43,410.08,38,68.73,43.19,69,9,127.65,328.12,764,344,BENIGN
15985,16249,410,104,6714,13243,724,384,299.49,393.77,37,90.98,15.74,81,31,696.91,204.99,267,236,BENIGN
41418,67231,424,319,14255,11897,1332,449,263.59,14.05,31,96.29,0.85,87,22,357.38,435.05,915,223,BENIGN
42345,19450,457,285,3427,6154,1298,718,1112.02,36.6,32,83.08,9.92,76,25,517.27,225.62,47,7,BENIGN
2267,54420,315,64,1636,9534,965,1120,155.56,468.18,32,8.47,12.68,72,10,479.94,74.52,378,265,BENIGN
30879,84851,123,185,7358,2495,614,1448,889.28,212.05,23,9.33,46.23,56,49,879.36,107.6,568,298,MALICIOUS
7963,17705,321,392,0,4388,1179,784,476.82,323.83,33,46.38,28.83,22,41,929.09,340.49,341,73,BENIGN
57748,2850,146,99,4515,14788,918,371,82.99,458.94,24,73.2,24.35,39,38,140.93,40.45,787,489,MALICIOUS
10032,52216,233,26,10877,9724,412,120,1185.8,71.07,20,11.76,21.14,14,35,503.03,386.08,276,278,BENIGN
6330,11145,323,59,1517,2099,1489,59,156.55,332.56,37,12.11,29.83,99,22,620.48,394.41,377,368,BENIGN
17217,5930,104,386,6882,12405,10,763,504.71,487.12,25,42.59,17.59,49,47,112.49,280.63,380,174,BENIGN
36932,79002,371,224,8844,9232,608,1311,1032.41,392.06,20,74.08,24.86,68,46,856.93,497.17,706,88,BENIGN
35533,26734,142,31,11435,8427,555,350,59.58,287.49,30,67.45,44.34,43,48,179.68,439.46,519,451,MALICIOUS
57274,37487,149,239,11168,13976,718,336,760.5,297.41,34,19.26,30.39,94,8,905.32,371.67,875,283,BENIGN
31634,79758,384,302,3756,3723,1383,342,398.33,259.22,28,87.54,15.13,41,42,945.16,498.98,804,146,BENIGN
64262,16086,465,17,1474,8585,1196,1494,1324.05,10.75,21,99.96,6.57,1,15,735.5,110.33,238,78,BENIGN
6117,39950,164,362,1124,575,766,896,847.22,313.88,33,68.4,31.68,13,19,106.86,300.53,648,179,BENIGN
46632,71320,471,226,13341,3039,530,359,331.69,480.42,27,25.43,45.24,79,36,987.09,373.92,2,37,BENIGN
44916,65504,283,369,4768,13821,641,781,146.32,312.11,36,93.31,12.52,85,44,987.47,164.28,136,339,BENIGN
30268,53007,492,121,13479,6079,580,348,1388.15,360.18,39,0.81,21.01,72,11,778.85,468.09,73,63,MALICIOUS
62239,76203,123,280,5640,5176,368,1297,260.45,185.79,38,28.75,22.9,49,27,331.58,348.95,521,134,BENIGN
35484,33855,139,408,7281,6754,691,207,387.06,205.1,35,28.19,37.12,96,33,568.64,258.21,533,146,BENIGN
42267,53313,118,3,555,777,1148,138,13.68,418.77,32,58.32,34.66,91,17,113.0,288.18,685,339,BENIGN
4897,83612,258,97,12900,10979,203,204,910.62,316.13,30,86.32,47.75,0,18,338.18,473.56,140,489,BENIGN
9171,61298,54,380,5365,4765,93,869,330.69,365.22,39,20.35,35.41,82,9,928.27,486.43,303,24,BENIGN
26430,14625,265,333,3105,12082,559,388,569.13,486.51,20,35.78,12.57,13,30,512.24,24.37,153,399,MALICIOUS
11612,43085,119,215,5730,2750,211,184,607.09,387.73,33,49.75,30.02,38,2,802.7,402.47,221,34,BENIGN
33176,94964,452,157,6557,6521,392,1459,433.0,101.74,38,18.19,9.34,88,41,136.29,447.85,77,357,BENIGN
3461,29517,170,393,1656,4392,1336,888,1305.15,173.77,26,46.91,33.86,63,35,837.41,107.34,499,82,BENIGN
11214,16559,492,225,8919,6158,565,1215,1180.21,435.54,21,39.3,6.82,78,34,110.39,183.87,638,220,BENIGN
1963,94240,385,352,8880,5387,104,277,1303.27,327.88,34,80.7,6.32,93,39,988.15,395.41,714,63,BENIGN
22070,10907,434,315,4102,5834,708,1289,447.15,108.64,34,7.68,40.54,69,13,606.39,13.94,275,399,MALICIOUS
34239,51835,62,419,3432,7413,207,1135,795.64,196.86,37,86.91,25.81,12,6,976.33,403.67,167,249,BENIGN
30006,12045,150,336,8130,9882,1285,1325,904.32,482.31,34,12.44,12.26,83,5,804.02,457.25,811,293,BENIGN
43320,23462,108,216,9277,3192,555,807,1499.32,276.27,26,7.44,44.64,2,23,107.78,82.31,305,189,MALICIOUS
21226,20737,220,382,13992,2226,285,713,1392.08,302.01,38,12.67,3.24,47,3,543.76,254.42,240,137,BENIGN
13862,62473,377,249,11774,4685,648,461,711.09,335.95,33,77.17,45.52,91,42,34.63,18.71,896,89,BENIGN
4873,53917,149,359,13314,10427,1437,1483,1214.28,4.49,25,20.68,14.79,24,0,609.16,476.5,8,132,MALICIOUS
4277,21100,375,262,10362,279,1382,302,1431.48,461.11,30,10.61,22.37,6,9,126.16,261.25,82,13,BENIGN
44271,1656,244,205,9506,3568,254,495,1169.72,118.62,25,21.32,8.13,65,16,978.8,19.86,465,355,BENIGN
15750,81840,32,499,13788,1588,947,1496,591.88,25.75,32,9.86,46.43,33,12,162.06,258.23,267,123,BENIGN
12312,77940,238,233,11138,11931,1091,434,360.37,449.05,37,29.54,8.47,74,18,230.42,218.7,356,445,BENIGN
53847,30503,251,5,2369,12968,220,147,568.97,74.76,38,35.91,43.74,17,12,40.79,480.86,528,488,BENIGN
11457,9471,382,242,14260,2757,1212,227,233.15,65.09,32,22.08,47.6,56,26,254.76,201.03,544,490,MALICIOUS
64276,13113,7,213,6804,3926,32,365,315.93,434.39,33,2.02,47.7,1,5,840.47,130.71,104,86,BENIGN
25094,74965,377,65,1527,5989,1433,530,1391.0,190.99,30,44.83,27.64,29,20,959.17,479.31,80,182,BENIGN
26186,71850,293,258,10899,1429,582,1218,713.22,435.47,24,85.57,17.92,50,30,832.78,385.11,874,167,BENIGN
35405,34449,184,186,6980,1147,481,169,1244.21,427.32,39,77.24,27.94,24,42,916.93,368.77,243,385,BENIGN
11793,18600,68,121,5751,2949,364,732,962.27,43.55,37,55.95,36.45,21,11,282.94,498.95,510,446,BENIGN
47624,29167,52,418,14106,682,7,1363,89.65,230.3,26,35.94,36.78,54,41,107.39,274.28,836,345,BENIGN
34357,15791,481,184,1846,4303,176,1340,465.54,343.59,27,98.71,41.04,51,37,875.74,230.62,830,97,MALICIOUS
49537,75782,247,409,8207,9889,110,666,177.91,142.81,27,45.92,42.18,37,35,422.98,425.15,925,466,BENIGN
53894,29441,183,430,10259,3432,863,1475,407.87,290.04,28,63.98,11.17,67,36,736.14,16.47,240,218,BENIGN
61459,29546,298,366,7657,11968,1010,620,918.9,412.68,37,13.39,33.72,77,34,657.33,223.32,512,121,MALICIOUS
61307,73442,283,398,6898,6861,1062,484,406.33,305.83,36,72.92,23.74,93,16,104.36,351.54,696,455,BENIGN
12149,36249,68,454,10428,11779,534,1327,262.64,448.84,39,4.95,14.46,53,5,669.47,353.56,270,390,BENIGN
35983,82864,351,213,1835,6567,143,560,978.29,334.28,25,71.1,14.28,68,40,624.33,72.9,222,66,BENIGN
6237,44744,52,265,12736,3741,309,919,1495.52,287.29,20,76.16,48.6,75,28,490.36,424.77,712,71,BENIGN
29622,5705,461,112,91,12083,552,1459,215.15,303.69,20,78.65,1.51,68,21,802.36,379.23,275,180,BENIGN
19586,99325,43,99,9200,10154,1172,131,337.68,390.08,31,28.55,30.33,67,9,129.04,156.95,429,21,BENIGN
31792,32215,348,208,622,5312,309,902,151.64,280.84,20,58.1,33.9,60,37,615.21,153.43,634,320,MALICIOUS
36996,79415,45,81,3923,14672,1152,388,584.86,171.09,31,79.37,2.43,45,19,988.91,349.0,426,11,BENIGN
24675,92609,49,470,10377,5358,964,1181,576.65,285.05,33,51.01,15.02,76,21,669.43,434.91,651,27,BENIGN
54857,97649,24,90,13791,9765,741,487,344.26,432.69,23,73.43,45.63,24,20,480.64,5.21,349,496,BENIGN
49284,94691,153,145,8698,13692,1043,706,459.87,41.56,27,76.8,10.24,17,11,310.83,142.59,851,210,BENIGN
5366,78646,426,289,12296,5128,886,1076,954.18,55.05,26,78.41,8.37,17,11,46.39,17.33,324,495,MALICIOUS
26586,9927,338,489,2497,10659,1391,830,890.85,252.37,27,85.97,32.02,69,13,74.56,483.62,892,469,BENIGN
65250,55950,77,183,9492,2262,31,1267,1200.25,120.2,28,47.93,40.85,62,46,12.86,132.89,246,422,BENIGN
18546,41926,457,37,10531,3430,350,467,1170.16,373.24,31,89.87,12.71,93,38,872.83,250.69,250,56,MALICIOUS
6931,60586,10,107,1642,7922,505,113,335.19,371.5,31,96.41,42.08,39,6,571.54,419.8,964,26,BENIGN
11197,44366,73,82,8758,1262,651,1107,850.96,12.35,33,89.4,21.85,74,32,466.13,153.08,134,239,BENIGN
45797,94294,99,151,14513,4512,17,938,443.44,414.08,36,23.3,17.57,97,43,470.63,406.9,105,343,BENIGN
24940,10609,393,495,3493,2348,171,296,606.71,481.07,25,20.4,32.66,93,28,475.4,124.61,10,372,MALICIOUS
49495,42317,29,14,12330,12690,1448,1379,926.9,109.57,30,3.52,42.1,70,0,682.72,457.09,162,78,BENIGN
33751,66821,386,294,659,5777,401,136,1415.94,337.98,34,49.88,20.77,39,19,45.63,93.51,860,31,BENIGN
25255,2837,323,3,13602,14547,362,369,1160.81,403.69,24,67.43,23.62,68,11,905.5,182.6,518,278,MALICIOUS
24666,54689,252,90,12292,13303,501,71,510.34,208.9,29,4.0,4.89,83,23,926.87,286.14,404,332,BENIGN
34677,21854,186,115,233,3811,446,607,159.63,43.27,26,49.28,25.46,71,38,358.28,101.58,567,368,BENIGN
31484,60336,438,103,1361,764,553,534,703.73,376.91,28,35.26,6.81,40,42,991.49,14.6,704,106,BENIGN
49889,80911,69,146,12694,3321,45,382,209.35,409.92,33,26.64,45.16,30,41,564.08,140.3,510,204,MALICIOUS
63921,25379,94,37,12380,11501,551,1185,580.72,315.2,25,44.25,1.01,75,14,93.15,452.14,470,272,BENIGN
49251,28759,350,401,3764,6758,324,707,1437.39,267.66,23,23.46,41.03,26,9,830.07,81.04,287,31,BENIGN
14215,53999,41,299,13300,3494,905,1338,108.62,54.42,30,31.52,4.45,29,29,847.11,49.52,248,110,BENIGN
47036,32946,43,272,5641,428,949,1348,1381.82,480.1,32,57.91,38.0,36,15,196.37,32.93,740,419,BENIGN
48811,38459,401,13,4371,6712,283,1303,360.98,352.06,25,69.9,39.15,25,44,185.54,85.24,507,451,BENIGN
38729,84293,59,480,14993,10792,520,929,61.65,446.18,21,72.25,16.22,32,20,465.71,163.97,81,261,BENIGN
27608,45204,368,486,3759,8208,885,573,706.49,427.36,22,95.28,38.12,54,49,609.21,11.28,274,315,MALICIOUS
60404,14962,385,423,11546,3458,737,21,89.41,35.18,34,34.53,25.57,10,40,239.24,391.55,989,415,MALICIOUS
28641,71473,181,443,7492,4625,1390,872,325.27,407.07,30,29.23,42.73,74,19,87.21,490.32,634,137,BENIGN
15640,15874,40,478,13903,5944,1288,1249,1061.48,250.18,34,88.3,38.04,43,0,103.78,282.79,886,392,BENIGN
13101,99441,299,104,11057,12959,820,478,1250.86,280.39,38,4.31,38.5,88,20,350.24,446.91,289,162,BENIGN
7735,36573,218,227,3774,1385,225,874,1261.19,371.33,32,35.94,34.23,19,13,14.3,1.27,431,291,BENIGN
37456,87026,414,178,1912,14010,707,1283,205.12,135.24,24,60.14,20.7,58,31,344.73,495.15,361,453,MALICIOUS
36518,6597,242,405,7457,11665,480,367,208.9,229.87,39,96.83,46.13,61,32,318.19,9.05,562,122,BENIGN
22038,62276,356,442,5905,8123,163,114,1313.56,393.51,37,17.1,36.25,0,2,915.93,338.1,465,52,BENIGN
10773,16898,211,23,6375,7111,1431,1447,1002.35,204.4,32,88.62,46.62,12,35,930.19,495.99,558,400,BENIGN
16944,61278,189,429,13913,12464,990,114,1077.24,477.65,23,88.76,19.72,84,20,658.07,60.01,291,237,BENIGN
19032,74066,31,156,5193,9078,853,198,390.08,223.77,23,77.41,0.82,91,22,798.31,423.22,315,140,BENIGN
26356,62723,279,464,8136,14593,367,203,895.69,428.29,22,71.25,26.26,36,10,780.31,288.88,980,241,BENIGN
49114,3922,166,486,681,5853,483,1386,1474.48,441.78,33,96.76,13.31,17,46,241.76,409.24,947,146,BENIGN
62239,61125,48,215,13760,1406,143,402,327.12,278.62,28,48.21,30.42,62,37,333.02,186.39,649,296,BENIGN
34255,33535,279,119,7624,11903,887,688,458.24,117.81,37,80.29,41.62,88,15,123.92,36.11,539,266,BENIGN
42588,73511,109,291,3572,5667,1245,202,530.09,426.1,24,17.74,41.16,23,0,736.47,181.19,348,302,BENIGN
62927,2467,224,183,3504,4085,1393,113,1097.51,77.78,34,78.65,42.54,78,42,540.89,219.01,502,385,BENIGN
27258,60338,150,220,5419,8509,82,1126,282.16,477.22,30,83.56,38.32,26,12,790.68,154.66,716,268,MALICIOUS
10610,10119,322,395,1990,12247,239,788,272.33,301.78,25,77.82,39.63,19,38,768.34,470.82,721,356,BENIGN
54185,5341,374,6,12205,7820,1171,377,271.61,272.83,36,25.49,34.69,6,36,228.9,38.3,497,306,MALICIOUS
44056,8926,11,220,3532,4169,145,431,381.36,17.81,24,35.88,13.75,33,9,411.0,12.28,619,78,BENIGN
43983,85260,192,365,3858,14488,1479,1330,304.86,9.33,32,19.77,10.17,10,6,98.46,214.8,720,65,MALICIOUS
35458,25113,95,300,14976,1061,298,92,1000.52,363.06,21,81.81,39.55,90,19,817.32,155.66,892,460,BENIGN
43661,77081,374,384,12970,12158,110,414,1329.31,192.82,31,32.12,26.7,51,9,325.68,395.18,760,345,BENIGN
60913,27947,65,40,4980,10265,283,69,1238.31,190.43,38,22.89,37.72,83,30,761.37,119.14,495,166,BENIGN
56826,4766,6,149,11239,12486,195,931,602.0,145.73,28,49.08,9.17,96,28,832.98,85.26,502,484,MALICIOUS
54914,91392,243,356,6616,895,573,521,524.04,477.91,28,2.67,46.59,34,8,904.49,62.78,234,83,MALICIOUS
62527,58328,81,236,13082,5240,1389,313,1025.65,334.95,38,74.19,14.21,10,41,209.48,326.65,424,159,BENIGN
62267,2846,377,382,9228,8711,70,494,1399.02,219.14,26,55.62,37.62,27,15,983.75,472.59,754,110,BENIGN
17662,4795,71,23,6871,7238,923,1241,809.07,45.23,37,1.36,45.59,26,20,423.7,174.28,68,51,BENIGN
43134,70891,318,234,13090,8541,1,1137,1286.03,145.83,34,14.92,4.63,92,25,506.67,261.23,922,342,BENIGN
61154,15020,329,216,6659,5365,1003,1199,83.01,389.59,31,96.92,32.7,82,39,776.48,362.35,431,427,BENIGN
64886,766,37,252,7520,1037,1148,353,575.97,66.1,20,76.25,49.03,53,9,898.85,184.29,180,492,BENIGN
62245,10485,237,348,9144,4887,666,641,1073.86,357.75,24,91.8,11.92,46,7,637.66,321.23,219,220,BENIGN
35718,10577,46,316,3988,8217,888,93,137.13,133.1,21,41.24,31.58,38,33,797.98,332.76,102,2,BENIGN
12438,15573,392,476,2613,4752,1004,473,610.46,60.16,31,66.79,32.97,16,39,645.31,226.9,143,453,BENIGN
51031,76730,293,209,5697,13228,1210,926,1013.86,75.16,21,20.46,18.23,18,10,839.9,181.76,716,140,BENIGN
45629,14097,159,383,5492,6271,711,752,256.75,91.14,28,92.25,41.08,43,20,824.94,213.35,325,409,BENIGN
29647,62750,419,174,9047,14792,865,469,10.26,298.35,31,94.74,39.35,90,12,582.51,157.88,769,250,BENIGN
14631,12755,336,52,4055,10765,801,740,988.59,282.2,22,31.71,19.46,0,37,365.51,408.01,975,189,BENIGN
42378,49429,195,10,8257,14755,618,1035,240.87,494.78,31,28.68,40.25,27,9,882.2,191.8,597,380,BENIGN
55926,91655,423,170,5137,5901,478,837,69.64,93.59,26,90.4,19.55,84,45,831.25,36.34,707,40,BENIGN
60705,91019,44,282,5285,6454,1349,778,121.72,246.22,22,59.75,44.87,22,8,703.91,270.66,948,240,BENIGN
20270,58702,138,498,2695,540,1365,482,872.62,102.13,20,17.76,5.25,34,38,99.11,242.73,998,488,BENIGN
13594,58638,97,394,10260,2135,723,1022,568.78,151.16,35,81.13,41.5,6,47,845.41,69.84,285,150,BENIGN
18953,5151,420,223,2784,4520,786,184,761.61,236.55,28,55.54,26.84,80,21,664.24,164.94,896,43,BENIGN
34792,29737,156,459,7285,4697,172,885,563.8,92.3,30,4.09,20.2,4,23,14.37,234.47,959,389,BENIGN
27226,58019,89,125,5072,14529,1182,482,1016.63,120.55,35,89.68,40.5,40,3,269.93,15.63,202,346,MALICIOUS
59840,53606,406,169,6181,14287,8,901,793.2,378.97,27,34.04,27.01,12,10,684.14,152.64,792,205,BENIGN
14350,19317,318,208,1095,440,1292,402,1167.48,499.16,27,77.78,11.34,21,22,936.79,461.74,496,45,BENIGN
64604,29859,161,483,11458,13633,934,854,1023.93,237.98,31,96.14,42.77,73,23,528.52,333.81,217,117,BENIGN
59186,49221,221,413,14550,5973,298,224,504.54,280.0,21,37.5,33.77,0,5,572.65,384.37,738,251,MALICIOUS
59891,25425,223,7,14990,11871,1305,193,407.75,341.0,21,60.48,18.42,43,13,473.26,272.95,972,418,BENIGN
64532,45479,273,74,1839,13143,463,1421,1013.81,428.24,21,71.76,47.04,44,42,339.21,344.03,121,124,BENIGN
17414,91115,168,311,3409,2844,687,1488,395.65,312.42,29,26.75,18.96,38,12,936.83,458.92,55,435,BENIGN
6859,97830,334,145,5654,266,1290,274,616.55,469.84,31,57.51,43.87,13,4,582.1,295.18,904,344,MALICIOUS
41804,29165,409,361,2544,11467,1151,1444,1231.17,248.55,27,18.64,8.12,2,14,611.16,463.71,144,473,MALICIOUS
18706,11481,310,109,10096,5302,574,94,1216.52,92.21,30,49.41,37.11,79,36,843.21,445.45,216,461,MALICIOUS
47850,57304,151,94,11921,316,617,1091,377.88,411.15,26,67.89,14.74,36,14,429.31,237.97,445,89,BENIGN
3796,71114,243,213,4442,11276,982,595,1171.29,456.82,38,69.51,45.68,94,16,35.57,111.83,630,336,BENIGN
27411,92377,354,246,12036,5804,149,31,1353.62,438.83,31,99.88,35.09,60,10,928.6,306.0,160,255,MALICIOUS
8370,93813,95,394,10035,12163,85,1124,619.69,115.04,32,80.05,25.98,99,47,875.72,486.27,649,239,BENIGN
24644,39012,389,310,7419,3453,1009,1182,512.29,73.33,24,45.17,40.08,46,27,494.24,186.47,926,129,BENIGN
33602,59383,132,407,11716,7219,390,642,1459.18,421.22,28,60.56,25.04,39,7,759.12,291.81,197,380,BENIGN
64088,86885,41,15,14252,9581,1038,127,500.81,185.78,31,23.57,2.15,71,47,196.57,478.33,865,149,MALICIOUS
46162,58992,274,242,1345,3667,723,1115,68.3,297.88,36,19.21,5.42,92,22,793.99,403.39,336,383,BENIGN
4825,53404,197,10,7554,12330,818,253,365.38,284.31,28,39.36,11.05,62,36,242.03,17.63,847,194,BENIGN
44419,31014,241,267,5612,7033,1166,276,357.89,187.36,27,82.78,36.69,46,9,720.6,170.6,658,150,BENIGN
18414,80594,223,14,12952,5006,295,308,925.49,260.44,30,8.81,35.26,34,36,55.94,188.08,456,231,MALICIOUS
15352,19243,90,407,74,10641,1080,1188,371.79,495.07,20,7.6,37.47,12,10,753.62,73.26,72,284,MALICIOUS
41955,40582,403,110,9045,7259,856,848,1450.92,215.13,38,13.96,13.05,24,21,111.12,493.78,127,199,MALICIOUS
7560,48489,293,191,2822,11283,625,1355,1430.7,254.06,30,95.38,27.9,17,17,205.63,12.06,52,25,BENIGN
26861,31113,84,252,6732,11244,1078,1418,1079.71,471.32,23,11.75,14.59,77,49,15.0,1.86,458,394,BENIGN
58174,86762,288,489,7923,10753,114,682,1417.01,120.66,22,35.11,28.48,41,8,392.95,458.44,399,409,BENIGN
47955,24673,413,451,11929,6131,671,43,574.56,66.82,24,38.16,25.88,8,42,221.09,195.63,432,450,BENIGN
53313,64550,231,175,7949,3024,15,753,419.9,477.43,34,44.88,36.72,10,16,195.02,256.05,276,31,BENIGN
48974,51621,44,279,1367,13671,1258,1281,1401.18,128.66,20,19.08,45.96,5,4,586.44,120.88,34,432,BENIGN
49912,60347,372,131,408,12845,1092,1341,331.14,120.71,26,5.36,49.89,2,31,932.35,100.42,187,493,BENIGN
58285,74642,24,87,4228,9909,33,746,1294.23,387.76,25,86.19,3.22,25,26,603.83,84.02,450,463,BENIGN
64344,20284,222,454,6719,9168,813,207,1148.56,4.87,33,61.33,10.75,6,43,423.31,478.93,375,265,MALICIOUS
63861,99285,136,0,13368,5816,333,1281,29.36,229.02,20,71.81,17.06,13,23,298.95,118.6,523,350,BENIGN
19464,27793,281,295,6251,6328,1378,637,31.24,364.35,39,65.84,28.2,79,27,29.46,82.33,238,454,BENIGN
60983,68328,486,235,9244,12017,215,833,892.22,381.16,35,44.75,40.04,11,24,199.16,444.63,466,150,BENIGN
7396,54498,454,212,9965,5040,816,1087,129.28,167.94,25,59.1,25.64,61,16,686.85,142.4,812,265,BENIGN
17559,22806,362,298,870,9390,354,1053,1350.08,144.08,35,71.43,35.11,25,25,515.1,39.15,116,15,BENIGN
12173,55766,432,37,1316,2800,1150,728,841.57,412.9,33,12.14,35.97,8,45,365.9,291.85,121,129,BENIGN
17277,74395,305,108,10091,5857,799,1000,794.54,171.26,23,66.2,11.37,40,11,731.93,441.59,25,192,MALICIOUS
12903,40951,427,157,10304,7119,959,704,1369.71,396.09,36,16.5,48.34,38,30,548.61,455.72,210,101,BENIGN
39868,93868,241,139,8446,7252,726,609,387.48,297.74,36,27.99,43.26,71,44,960.69,293.89,243,273,BENIGN
24973,8828,441,245,5380,9086,511,626,305.6,421.44,35,83.0,22.16,93,21,376.34,268.82,447,229,BENIGN
3789,22469,32,303,10819,7066,416,436,403.43,21.52,24,29.59,38.17,83,47,855.69,16.04,849,351,BENIGN
59800,99835,146,151,10439,6559,373,728,1406.26,232.78,38,85.07,39.48,66,48,124.1,269.75,892,334,MALICIOUS
44148,6639,40,389,10498,6896,551,831,327.24,323.67,32,53.15,14.77,72,38,363.17,310.67,908,378,BENIGN
14895,82281,409,99,9009,5117,679,879,366.66,296.86,25,33.43,12.63,93,22,51.19,46.46,494,468,BENIGN
16510,96819,212,165,4654,1752,1115,1457,886.27,325.46,20,51.23,16.38,28,6,940.01,338.5,76,87,MALICIOUS
40674,84698,460,21,11882,14046,1068,1422,1046.82,391.84,20,5.0,40.19,77,37,57.46,473.43,880,274,BENIGN
58805,20236,111,319,8544,7880,39,673,641.05,163.46,35,96.29,0.2,68,40,831.44,180.15,589,386,BENIGN
5962,57354,137,56,13769,1870,605,413,1091.73,18.58,31,14.95,19.81,97,23,720.84,299.96,720,182,BENIGN
20501,11367,253,47,2761,12172,223,679,35.99,83.57,28,63.37,41.27,89,31,491.34,137.57,294,277,BENIGN
12254,21873,190,481,11934,5756,761,282,1052.07,42.69,27,84.55,11.13,22,41,215.23,397.0,678,373,BENIGN
52053,21485,462,459,8560,1045,575,751,647.7,300.98,38,18.72,5.72,40,6,641.67,189.23,93,104,MALICIOUS
45566,67867,281,7,13045,3924,1021,430,1191.33,307.63,20,9.78,25.02,38,13,770.02,103.37,840,326,BENIGN
50912,27384,483,196,13485,7582,328,1077,545.84,432.75,28,93.2,22.4,66,33,327.28,62.79,506,74,BENIGN
35898,58894,454,25,13104,13788,166,30,759.2,43.95,27,40.64,44.22,60,14,973.97,302.86,223,203,BENIGN
24059,28931,272,294,3929,3366,549,927,58.45,254.97,37,72.07,6.63,20,46,138.66,166.42,298,473,BENIGN
29710,9666,49,185,9452,4584,1378,1207,609.96,191.49,22,38.42,31.15,0,4,5.55,222.37,511,428,BENIGN
26075,9514,163,206,3476,10137,1423,982,827.66,152.44,25,34.32,13.51,51,13,741.7,49.59,299,174,MALICIOUS
62862,91966,30,4,8949,14239,685,1359,392.69,416.83,37,53.09,1.97,90,20,248.88,263.03,296,27,BENIGN
24685,33767,498,89,866,2136,1277,272,993.2,367.85,25,51.4,21.61,59,43,391.53,202.53,849,225,MALICIOUS
18001,95166,99,59,14982,10631,1462,985,950.71,323.14,21,46.71,7.45,28,15,789.46,223.18,692,237,BENIGN
48225,58224,155,210,3388,5860,621,319,626.85,93.97,25,60.66,3.57,64,10,48.83,379.52,818,0,BENIGN
19691,47718,483,148,6499,10066,784,1209,347.42,120.63,31,6.75,38.83,97,36,510.14,216.81,748,339,MALICIOUS
64670,98821,482,366,8243,13488,647,1492,399.01,241.23,35,6.31,9.07,71,1,300.89,66.72,601,244,BENIGN
21055,48823,320,435,1909,1395,1321,1489,1196.97,20.85,34,90.77,1.55,5,43,179.65,99.83,164,431,BENIGN
7163,94849,427,105,7424,5593,229,1293,769.92,16.24,25,51.35,46.65,34,10,87.24,262.7,154,406,BENIGN
1520,17093,254,355,8596,5437,1247,623,430.59,163.26,39,49.8,35.99,43,14,646.2,305.17,107,133,MALICIOUS
55459,95200,207,319,11585,5856,427,1012,943.27,481.82,33,83.55,49.26,58,12,86.98,126.3,762,196,BENIGN
62318,68031,200,38,12094,9254,1109,502,510.57,294.95,20,26.08,45.8,89,45,926.4,172.66,582,311,BENIGN
39008,53495,421,238,13394,10673,597,835,1178.76,105.11,20,14.83,3.49,89,10,728.94,130.37,248,468,BENIGN
60501,92944,63,259,13416,12129,75,1163,365.89,379.28,27,7.11,33.21,89,26,134.34,172.94,706,362,MALICIOUS
13656,94614,187,471,1051,9452,1494,762,1158.87,257.97,24,19.05,48.36,61,4,471.18,50.19,748,13,MALICIOUS
28190,67638,188,394,541,8024,5,695,86.69,265.63,27,36.21,44.34,0,45,803.09,459.28,809,233,BENIGN
37021,47135,396,264,4622,14294,521,6,1186.12,143.53,35,46.74,48.32,39,29,804.27,240.72,542,122,MALICIOUS
21911,65056,327,149,4376,12725,666,421,1007.2,29.29,32,27.99,2.49,3,11,478.89,36.65,670,418,BENIGN
43378,83769,377,201,9444,3976,700,1117,934.64,455.65,23,33.38,23.01,3,23,399.23,496.69,208,312,BENIGN
18568,17884,193,391,9755,14996,1349,69,1213.62,313.52,34,31.2,14.64,80,1,229.53,260.96,592,87,BENIGN
2076,94838,496,332,5236,7367,785,107,698.1,401.55,23,93.51,31.65,35,31,418.82,20.89,489,70,BENIGN
14038,64143,104,122,12267,3943,894,1342,538.63,147.09,31,48.37,21.03,64,11,740.95,464.16,128,386,BENIGN
44238,63903,232,258,4401,1308,890,482,1147.59,440.21,34,12.9,42.95,26,44,50.96,406.06,96,470,BENIGN
20592,18472,395,303,6316,7624,1147,583,782.42,416.57,29,49.32,32.38,20,16,418.17,128.23,799,189,BENIGN
14314,68850,334,400,11788,5785,1344,627,309.26,91.65,24,64.38,33.79,27,33,548.4,342.48,795,311,BENIGN
37853,81096,66,406,5602,1842,123,741,451.19,490.84,23,82.85,48.86,61,2,7.16,465.2,594,400,MALICIOUS
3700,87881,226,327,2338,3566,558,159,288.99,6.31,32,54.31,24.73,91,27,714.36,257.32,877,450,BENIGN
50598,15046,107,425,2985,1917,1130,963,1359.99,378.13,29,69.74,16.05,14,25,62.73,326.14,180,138,BENIGN
9857,7099,435,4,8632,472,343,337,1366.5,389.85,26,57.88,1.5,0,15,800.59,139.86,21,360,MALICIOUS
36946,18364,349,412,1624,9392,1463,988,319.92,67.72,26,84.47,44.36,37,49,31.37,92.86,197,130,BENIGN
39986,72837,453,401,6108,3110,470,100,966.81,279.36,24,24.13,20.5,34,31,682.44,258.24,31,68,MALICIOUS
40784,1161,318,402,2391,11653,113,74,635.27,119.05,23,71.87,30.17,93,26,784.81,205.89,86,421,BENIGN
24963,91095,358,450,3483,9721,838,1057,1053.11,26.42,27,24.72,27.03,51,16,570.99,86.35,244,469,MALICIOUS
25182,28293,273,188,180,14886,1174,1393,1084.39,194.89,23,30.59,2.58,70,31,81.89,437.97,78,241,BENIGN
30991,69975,473,319,10552,7806,821,813,1466.58,417.36,36,36.87,30.88,49,7,567.25,87.36,987,278,MALICIOUS
47446,19812,201,70,4506,7130,1374,10,418.78,431.74,36,73.24,21.31,26,40,110.93,391.79,673,477,BENIGN
8903,60420,275,249,6689,8024,1029,497,868.08,424.77,24,69.62,18.93,13,5,122.09,379.63,427,346,BENIGN
60435,19275,99,288,5487,2805,1074,1068,1361.63,359.96,29,55.92,27.89,92,49,346.53,201.33,147,281,MALICIOUS
49090,79856,278,381,300,4388,72,1369,368.35,268.71,34,51.92,43.46,47,0,994.67,74.74,24,247,BENIGN
37443,98914,67,199,7298,14624,1127,168,363.31,107.57,31,78.12,45.65,14,7,570.17,328.13,272,255,BENIGN
18019,50727,300,4,8461,10400,277,901,1282.32,31.3,29,60.2,18.59,52,43,825.3,7.19,65,97,BENIGN
39121,84856,233,185,3124,14325,860,651,458.54,469.44,37,51.24,2.17,79,20,118.71,65.82,326,50,MALICIOUS
37233,7092,421,295,11277,13671,894,620,678.06,131.67,31,10.03,16.63,85,0,7.21,152.8,811,222,BENIGN
3443,34700,71,325,11974,438,1093,921,851.13,112.38,22,96.16,15.33,33,45,56.45,309.05,276,121,MALICIOUS
21881,21297,433,67,4990,10660,1230,1348,780.32,381.05,33,8.29,18.75,53,21,34.55,212.56,319,273,BENIGN
29798,3125,123,219,7175,9071,599,1084,790.15,237.78,33,32.94,49.88,84,26,617.14,364.5,643,274,BENIGN
51746,73492,291,342,1336,8135,637,222,205.23,428.65,22,16.01,3.79,62,17,959.54,31.1,836,243,MALICIOUS
41902,72043,107,461,10052,11796,837,315,574.42,84.73,22,51.52,46.56,5,40,747.38,296.32,265,337,BENIGN
63947,82618,230,98,9708,3892,1223,165,1017.34,162.38,27,18.96,43.39,55,25,431.86,390.29,516,397,MALICIOUS
62294,90428,319,14,10955,5043,1088,384,944.28,297.01,27,23.52,25.2,47,2,154.49,175.34,978,83,BENIGN
36096,45923,261,48,12719,14038,1343,628,998.32,251.82,21,85.83,17.84,63,44,654.5,153.89,291,196,BENIGN
42521,26619,35,482,14113,12816,211,851,968.87,301.19,22,3.07,15.05,37,29,431.78,159.79,573,424,MALICIOUS
4123,71395,272,111,7586,859,850,1181,1093.71,198.42,26,29.54,46.67,59,42,600.87,148.03,742,189,BENIGN
6101,31548,330,369,6998,30,1427,1363,638.63,442.21,36,93.84,19.1,22,13,108.66,37.6,643,90,BENIGN
63004,27081,390,474,13215,69,782,1141,507.79,212.71,37,8.47,36.93,16,7,932.23,82.42,739,452,BENIGN
49267,41536,163,312,8030,7407,3,1152,461.59,320.23,26,87.2,29.74,93,41,527.09,340.77,431,234,BENIGN
12598,71026,150,26,6483,14095,779,1388,1470.47,51.42,32,8.77,17.72,11,18,253.77,326.99,501,349,BENIGN
16451,52265,39,348,10448,11311,32,99,770.99,356.14,30,16.0,42.53,57,8,909.11,276.4,12,4,BENIGN
64198,74072,290,334,8455,12525,260,1142,1203.53,149.24,25,59.83,32.55,69,28,942.74,69.29,94,196,BENIGN
40253,83698,5,461,3377,14296,1433,207,1379.24,363.59,38,34.68,16.93,47,19,639.42,331.18,304,379,BENIGN
52640,53984,149,225,14904,9993,26,446,165.16,58.92,24,52.2,2.58,73,32,280.82,283.83,932,90,MALICIOUS
15432,67464,270,301,12869,9752,78,279,891.34,420.98,28,78.14,36.32,39,4,793.18,56.9,213,120,BENIGN
31500,3388,487,265,6196,9214,132,747,639.14,478.2,32,53.36,4.47,99,0,444.1,312.71,415,489,BENIGN
10525,18851,138,408,13074,9395,830,910,343.04,431.48,24,89.11,2.17,85,0,312.18,325.4,813,284,BENIGN
45816,67016,295,5,2838,1601,417,13,1352.88,443.56,27,60.94,12.29,12,49,378.5,328.73,286,364,MALICIOUS
60165,68144,100,133,977,11747,311,1267,1300.43,70.08,22,94.32,49.42,56,24,812.12,78.44,94,305,BENIGN
46842,3593,197,218,5581,11860,1016,321,784.97,426.4,29,62.88,43.71,28,11,96.67,46.91,455,310,BENIGN
39797,74936,272,289,14993,4293,777,698,665.95,258.44,22,1.12,4.41,30,2,876.02,384.97,23,242,MALICIOUS
56071,30111,208,335,11620,2285,294,528,625.49,91.4,20,75.44,38.05,78,39,18.41,462.21,915,291,BENIGN
17963,83908,122,170,11381,1650,1112,1221,1206.08,344.99,23,82.13,39.49,81,32,987.48,396.96,196,463,BENIGN
37876,11686,376,232,4817,13894,991,765,1029.74,437.61,35,84.4,14.02,25,4,188.56,134.51,658,436,BENIGN
53485,48394,407,48,8406,13542,660,690,577.93,427.65,38,78.43,9.48,42,11,583.64,437.07,148,125,MALICIOUS
9488,68061,78,197,1300,14069,181,62,395.89,146.45,25,47.32,5.75,94,26,829.05,92.32,309,364,BENIGN
56968,60021,456,156,5075,185,119,1421,36.33,73.33,27,15.35,46.95,67,36,994.15,125.48,509,33,BENIGN
8392,29236,197,445,2542,7059,968,1039,1353.46,124.12,37,99.1,32.21,15,29,235.47,230.27,156,375,BENIGN
45790,38246,210,129,2640,9684,1288,437,224.3,13.33,27,64.06,1.23,47,26,691.88,65.42,142,44,MALICIOUS
37070,98115,453,308,10109,2607,779,558,1106.46,399.91,24,65.16,10.56,95,47,830.12,72.48,288,282,BENIGN
34879,57128,452,236,9056,5646,924,1250,103.33,275.04,24,28.21,44.04,59,4,776.73,151.13,69,339,BENIGN
23845,17121,171,173,11199,1079,722,275,1424.88,424.93,38,13.05,12.51,6,9,95.0,389.15,545,305,BENIGN
48693,81044,331,386,9055,7751,342,540,562.74,298.55,25,17.79,37.98,27,17,544.95,497.25,84,41,BENIGN
6797,88719,66,442,9617,9957,87,802,1229.12,176.66,31,91.79,42.55,42,9,204.29,73.23,82,359,BENIGN
10763,11194,4,331,1360,12384,234,1375,1295.41,106.97,30,17.91,17.09,34,6,570.23,338.66,792,476,BENIGN
25585,79681,277,147,12903,4632,578,857,137.19,84.95,31,44.23,6.78,19,9,984.59,121.63,495,251,BENIGN
56990,97311,252,263,4791,6458,1222,1147,737.07,475.53,35,97.18,16.98,20,15,544.99,305.14,937,458,MALICIOUS
49069,13806,455,298,8289,4735,740,541,1497.41,361.17,23,92.2,34.66,58,49,629.1,95.73,233,329,BENIGN
54522,94303,175,367,5697,252,1484,295,621.71,312.79,23,61.13,9.55,91,34,467.32,305.44,460,285,MALICIOUS
62742,78951,89,434,1285,10255,916,4,1261.52,107.92,25,5.67,35.03,45,42,809.89,472.3,676,181,BENIGN
54216,13499,56,396,39,534,1204,238,1254.99,321.62,20,39.32,14.62,16,18,123.03,68.67,146,422,BENIGN
63588,96640,404,300,14633,7468,193,673,996.7,134.19,39,36.35,42.14,84,13,21.33,178.77,420,269,BENIGN
39327,30618,416,457,5542,1845,1316,449,985.46,124.58,20,56.52,2.54,81,44,256.64,440.1,526,186,BENIGN
4206,27857,425,387,1536,10318,424,1334,388.96,25.34,21,37.94,40.16,23,15,415.67,154.03,134,281,BENIGN
45159,62518,203,142,8696,13712,1399,1417,680.79,83.51,29,20.27,25.21,96,18,792.24,443.27,130,381,BENIGN
64316,70750,41,204,622,12377,839,800,87.0,499.97,29,15.78,3.87,75,38,104.91,444.17,375,111,BENIGN
44905,641,410,282,2597,14644,500,1234,1458.9,345.36,37,70.0,29.55,9,3,750.77,420.46,466,133,BENIGN
47127,94632,422,426,13998,5608,1131,621,1336.63,108.57,26,77.7,41.93,27,1,574.43,281.94,110,25,BENIGN
37084,2981,107,212,4860,8272,1077,1418,1478.28,2.46,25,91.41,27.35,94,34,197.03,375.05,725,35,BENIGN
19266,60021,341,98,3846,6113,568,1422,1071.26,127.28,30,80.44,25.81,40,47,61.63,161.41,401,439,BENIGN
13889,63383,220,249,13074,14033,1495,1413,915.54,79.19,23,32.46,2.73,97,2,680.06,119.32,638,110,BENIGN
27835,75488,162,485,9310,3793,555,1341,605.39,278.94,30,38.68,29.32,2,13,756.22,315.2,834,335,BENIGN
32934,1142,154,86,7671,6104,605,1493,139.01,219.83,20,23.98,23.36,77,10,278.74,480.29,444,235,BENIGN
63787,27924,245,28,8720,4577,1060,1098,1363.43,114.72,23,57.61,27.03,44,32,180.37,211.9,673,438,MALICIOUS
41749,8116,79,405,1354,6088,1362,194,27.28,272.33,28,81.25,29.83,58,2,982.68,189.1,387,257,BENIGN
60468,70426,272,253,8142,12109,323,870,794.96,151.44,25,48.97,8.91,57,39,883.99,56.18,684,194,MALICIOUS
34901,57930,194,354,12167,1740,1480,560,36.38,468.57,34,51.76,3.34,89,41,176.14,60.46,877,37,MALICIOUS
34916,51278,299,110,937,2464,887,661,969.83,188.76,23,45.27,11.95,47,48,491.23,286.03,311,316,BENIGN
59229,61603,163,394,3431,9507,1344,1203,153.21,48.52,22,36.76,45.75,39,30,623.33,498.77,143,153,BENIGN
34019,14586,428,362,3512,3273,140,657,580.34,143.66,20,1.1,33.04,87,37,396.5,19.15,673,217,BENIGN
31164,82879,250,309,7512,1224,393,429,53.39,160.93,22,12.71,38.65,45,37,402.63,247.7,16,48,MALICIOUS
46974,47610,13,132,11593,13095,47,58,815.19,194.96,30,60.6,5.67,40,37,397.91,341.33,296,72,BENIGN
36123,48788,327,246,14424,5479,157,831,865.24,111.03,30,6.15,43.91,23,6,394.76,16.28,306,107,BENIGN
30487,29765,51,340,10914,5236,204,1108,843.64,362.37,26,17.87,46.58,72,15,490.07,341.43,840,418,BENIGN
42201,14959,301,37,3430,12126,17,651,411.6,171.28,30,25.22,34.05,26,36,564.66,89.27,271,97,BENIGN
9962,45268,275,353,9879,12815,707,474,1187.45,273.18,36,0.97,27.58,64,47,274.54,217.58,394,456,BENIGN
52164,68217,462,384,13095,3221,282,1240,1317.94,291.42,34,35.67,23.61,45,20,148.92,224.55,240,142,BENIGN
6292,79850,475,398,14604,5432,514,161,144.87,206.87,25,36.22,7.08,69,37,648.17,454.51,523,274,BENIGN
26201,94226,361,200,3143,4683,852,876,1405.95,382.45,30,22.44,2.85,57,6,818.83,406.49,990,288,BENIGN
38142,67790,61,369,4427,5178,164,357,406.14,299.27,21,97.68,42.57,15,25,144.51,381.77,41,297,BENIGN
27401,90302,235,179,2268,14350,1039,590,1171.8,344.96,25,60.7,39.55,71,40,277.01,132.4,789,487,MALICIOUS
35735,31197,437,401,3866,8954,906,1432,1014.73,34.34,35,11.68,33.36,99,35,985.08,169.07,868,288,BENIGN
16727,6060,137,127,1875,803,1362,246,366.7,423.61,31,29.13,19.81,1,43,63.5,392.69,122,35,BENIGN
20035,90158,482,371,11255,1693,412,1094,13.77,285.4,35,77.05,3.56,78,49,755.65,158.68,271,277,BENIGN
55634,73148,181,52,2467,14548,603,1079,1301.7,65.88,24,6.51,21.28,61,11,504.65,341.22,207,60,MALICIOUS
7624,46343,95,266,7358,5152,466,1377,850.36,68.17,32,20.6,7.07,0,6,822.19,74.5,758,247,BENIGN
53626,11512,476,312,12793,12671,360,330,465.11,169.13,37,22.44,19.32,8,9,407.57,368.91,256,311,BENIGN
33717,55080,121,119,10261,9139,567,1289,909.13,79.57,29,93.55,35.81,4,30,87.14,419.27,268,401,MALICIOUS
57090,36393,37,428,2386,11093,1107,1399,852.47,40.82,26,30.9,48.34,55,25,71.31,404.8,669,78,BENIGN
35667,22405,313,461,4886,3488,1369,469,1464.73,259.47,33,15.9,28.03,28,45,9.92,89.21,96,221,MALICIOUS
45830,24698,65,419,14083,4296,992,510,455.43,309.75,20,62.98,25.88,62,15,329.08,409.91,676,157,MALICIOUS
8754,64264,163,281,7274,3499,1457,818,880.75,465.15,36,71.33,21.03,66,24,501.8,387.81,777,242,BENIGN
59025,90240,426,311,10848,2157,428,1201,616.1,405.63,33,96.06,28.45,31,2,486.95,381.47,463,362,BENIGN
61263,96678,181,423,8178,4752,1197,22,424.77,371.11,24,50.46,29.01,96,14,641.4,348.86,232,427,BENIGN
1239,57089,496,492,5952,8283,440,369,1442.7,139.96,21,2.93,7.0,24,8,383.29,126.61,379,342,BENIGN
46517,44337,313,287,1194,5038,203,207,435.3,134.65,20,7.87,34.22,10,8,772.87,469.62,464,88,BENIGN
61319,59697,447,445,2945,11736,1032,841,1292.11,36.11,32,83.45,0.23,22,19,760.04,455.53,963,295,MALICIOUS
7902,95255,168,134,2295,211,311,250,32.74,112.33,25,57.05,41.94,15,26,412.06,222.44,557,15,BENIGN
51191,72848,84,229,6960,14076,481,1167,236.51,375.44,23,72.58,4.17,82,0,380.52,312.91,398,193,BENIGN
33067,68396,280,80,2017,8195,246,1222,1486.03,121.16,31,33.7,4.82,37,0,830.45,120.08,931,204,MALICIOUS
37823,67571,130,246,14182,4352,321,996,375.82,10.51,39,96.83,10.62,92,29,918.21,259.94,221,90,BENIGN
15685,31214,418,287,12971,5958,274,1046,6.4,48.84,39,9.38,9.8,31,2,303.25,284.43,607,209,BENIGN
12468,87785,449,150,72,11138,974,1303,423.45,404.05,30,77.14,39.22,47,45,891.89,390.33,100,68,BENIGN
1229,80996,232,29,13807,12971,510,141,64.4,455.69,27,43.13,3.67,2,29,294.98,230.61,706,244,BENIGN
20276,81544,315,71,8711,3742,1274,885,360.95,101.6,38,39.63,41.96,60,43,788.37,388.84,455,100,BENIGN
58455,6004,403,19,6216,13797,662,850,1050.35,352.17,28,59.96,41.96,78,22,791.12,295.22,54,105,BENIGN
42429,44213,345,370,3618,5977,773,546,884.65,185.33,23,32.38,13.73,76,9,491.94,478.39,834,299,MALICIOUS
37831,29928,24,193,6944,9836,752,1326,1119.17,342.93,22,33.71,3.03,21,18,40.32,71.42,704,69,BENIGN
56341,54291,483,70,12262,9954,893,976,1446.15,426.22,24,37.98,5.39,45,17,60.2,437.02,351,147,BENIGN
5768,1725,438,27,13014,11033,870,768,413.14,237.73,33,32.68,8.59,18,43,91.18,84.17,992,186,BENIGN
26295,76982,407,334,2311,511,821,115,258.28,307.74,31,74.36,6.9,24,28,366.67,451.88,984,460,BENIGN
51530,29258,368,83,1443,8972,353,1375,454.63,301.68,28,73.3,37.7,89,22,413.52,149.61,529,45,BENIGN
18972,75482,262,205,13793,4512,172,995,421.39,198.49,31,67.99,19.08,66,32,189.57,207.47,41,344,BENIGN
15791,17680,388,17,2866,2299,70,1492,906.63,260.61,23,45.09,22.44,40,26,479.26,83.13,87,352,BENIGN
24879,73148,266,167,8912,1874,26,1409,220.1,315.22,23,63.85,4.19,85,26,149.99,205.66,879,454,BENIGN
11012,46057,481,38,12788,11341,519,1392,906.46,149.7,31,91.93,9.51,21,43,722.83,53.46,523,27,BENIGN
29191,85844,146,211,9394,4186,1127,581,1102.04,219.94,31,97.84,40.29,81,4,171.5,63.53,121,195,BENIGN
16102,23793,467,242,5267,12567,1494,1394,1460.66,210.45,30,74.99,29.36,38,26,945.37,255.46,375,90,BENIGN
6322,59789,45,398,14957,7467,410,428,469.02,97.56,24,7.5,11.96,30,13,337.76,446.58,913,239,MALICIOUS
16783,63678,364,416,12343,7105,76,1159,674.31,174.67,34,45.22,35.23,99,19,13.84,31.83,440,379,MALICIOUS
37868,51142,58,98,3046,5800,669,768,285.28,129.74,29,43.86,47.25,31,18,73.54,8.3,252,394,BENIGN
26113,59116,148,168,2222,7751,271,868,1031.1,219.51,36,91.52,23.04,70,44,854.15,55.14,835,97,BENIGN
55548,13793,498,397,5201,1205,1067,447,648.83,315.92,32,60.9,12.45,37,8,30.97,222.53,154,156,BENIGN
44930,83797,268,31,1313,1415,1383,1206,1048.5,448.9,23,74.87,12.14,38,28,405.38,12.43,462,36,BENIGN
31458,66724,374,376,14702,7144,1346,1372,329.38,377.15,25,1.03,7.71,65,28,398.68,13.38,190,123,BENIGN
41585,10691,411,389,10582,13049,700,227,82.25,345.11,32,58.29,17.1,84,43,404.79,151.49,562,404,BENIGN
14038,66885,158,206,3816,6697,525,1083,773.88,218.08,38,80.02,42.8,58,38,196.76,321.73,918,291,BENIGN
10781,35086,145,352,10337,10590,506,120,803.55,40.67,24,22.63,38.99,46,31,105.67,162.19,390,294,MALICIOUS
47695,78591,211,359,7627,2984,375,405,604.8,383.79,25,83.61,20.59,26,46,546.02,419.46,52,403,MALICIOUS
60310,33582,13,33,9893,11644,982,1430,1457.65,380.5,24,45.1,26.09,24,15,416.95,34.76,542,73,BENIGN
65396,78786,359,451,7110,14619,266,1314,1039.55,23.81,29,36.28,34.49,87,10,44.03,411.04,142,414,BENIGN
57831,35955,312,380,7340,1576,1322,57,1269.29,472.7,34,16.31,31.17,76,28,586.51,240.33,685,106,BENIGN
34789,46112,254,44,6480,5285,1225,361,91.16,110.11,20,91.03,47.48,51,31,960.42,448.33,30,1,BENIGN
60887,5689,331,340,1677,3863,478,1091,997.82,250.64,34,84.68,15.58,6,16,125.72,78.15,502,134,MALICIOUS
26512,87833,202,22,8805,1034,799,636,205.42,74.25,23,15.92,10.26,41,15,9.03,247.93,509,69,BENIGN
4434,69375,414,482,9354,10716,45,1125,1124.15,375.38,26,24.41,43.93,55,22,145.28,320.68,605,11,BENIGN
26352,66393,215,322,5674,4437,1110,1461,252.03,325.79,24,62.69,43.22,10,32,364.03,389.34,796,181,BENIGN
9555,31477,268,421,14548,6227,1415,270,338.28,139.12,37,7.32,23.88,68,25,436.28,79.65,133,156,BENIGN
48874,98624,163,380,14559,10639,1243,837,601.63,152.3,29,2.4,38.07,72,37,5.08,391.78,624,11,MALICIOUS
59325,44809,283,86,7579,5879,672,848,448.75,477.57,33,72.13,4.41,25,34,274.17,30.36,189,382,BENIGN
39031,24645,136,34,7847,926,807,231,417.38,295.19,38,91.67,34.03,62,37,331.35,63.33,792,352,MALICIOUS
5235,27416,291,460,7991,8134,1314,1397,1368.96,201.73,34,51.72,2.96,81,30,298.7,84.17,384,7,BENIGN
10099,80977,194,311,1100,10240,442,356,319.61,344.27,35,65.86,27.65,10,0,233.61,96.11,6,448,MALICIOUS
63440,36711,77,369,12071,11890,371,1418,338.95,341.1,26,26.27,21.63,57,10,947.42,6.71,499,237,MALICIOUS
27030,80586,18,274,10452,7528,720,463,1251.83,362.06,35,17.96,13.55,26,4,653.37,5.84,585,302,BENIGN
45128,17821,40,324,9813,14443,226,906,276.78,5.63,31,16.29,31.39,6,5,936.19,261.01,538,315,BENIGN
19180,50283,471,281,1551,10520,845,1376,457.87,323.01,26,14.52,25.82,95,33,881.44,427.25,615,169,BENIGN
34083,99942,451,142,7463,12510,688,530,409.65,197.15,22,80.89,48.17,22,37,243.36,62.37,245,262,BENIGN
51600,51759,193,352,9951,4152,334,1479,589.74,407.16,24,96.19,44.56,76,24,94.34,497.65,709,291,BENIGN
25952,81719,422,187,4416,1130,845,1126,1038.82,24.08,31,91.99,17.49,39,4,394.58,361.72,118,337,BENIGN
19708,66321,237,360,8719,4290,1216,1334,844.1,354.01,23,84.93,21.95,91,21,275.34,257.58,913,400,MALICIOUS
37014,73479,485,483,9391,1299,1037,401,1435.77,269.39,39,55.79,16.29,90,0,365.74,373.7,430,272,BENIGN
42971,87373,410,316,10791,466,297,816,1423.73,231.57,34,40.09,24.82,91,2,219.74,60.31,447,233,BENIGN
59356,35598,243,340,2472,880,331,769,143.94,290.04,20,50.44,2.82,96,8,422.74,66.32,576,362,BENIGN
35775,49751,117,486,12275,7957,1035,942,627.57,32.61,32,45.05,34.99,7,49,867.27,360.66,339,420,BENIGN
36491,83103,233,404,5835,10327,420,148,31.74,137.88,32,54.02,20.0,84,8,283.63,410.03,50,202,BENIGN
37206,29937,242,464,13854,10182,1381,324,650.82,313.92,22,35.94,14.73,60,43,452.52,467.86,33,2,MALICIOUS
57888,71212,78,26,10767,7431,647,239,1327.22,411.95,35,11.7,27.49,73,46,910.51,2.56,808,73,BENIGN
64538,50392,99,140,4439,6868,939,1373,1487.29,451.52,25,34.72,6.45,51,25,816.05,106.87,351,245,BENIGN
57017,70340,285,109,2258,3518,1445,11,507.41,394.82,22,80.57,3.07,16,3,344.56,144.87,467,34,BENIGN
15834,91809,441,87,13348,9723,573,516,1079.55,444.65,26,71.65,25.14,75,35,592.78,373.21,736,86,BENIGN
3881,35158,145,494,13226,12042,895,1194,1338.21,495.9,29,9.8,42.59,2,0,38.81,368.37,784,375,BENIGN
22887,15289,401,468,5868,12340,633,576,1178.45,12.05,30,12.7,45.99,88,4,466.98,13.53,519,445,MALICIOUS
6801,32173,499,229,2826,10595,443,1063,861.89,432.3,30,64.17,10.86,7,12,255.79,420.77,573,357,BENIGN
47109,26927,43,459,14377,10652,1078,1178,731.9,332.99,36,0.86,47.97,70,43,425.23,429.65,303,120,BENIGN
64273,64980,26,277,11772,11343,110,584,901.41,135.94,34,65.33,8.3,36,29,336.14,242.15,493,55,BENIGN
59604,26049,397,485,942,5390,1453,210,60.13,468.7,23,91.88,34.34,52,33,143.56,488.89,517,121,BENIGN
52015,86763,10,470,6059,11762,1145,1144,1035.66,443.1,20,59.73,42.91,52,39,836.37,48.77,303,381,BENIGN
51243,23599,176,438,8441,13442,465,1309,139.36,202.02,33,62.0,9.55,61,34,290.71,276.14,1,191,BENIGN
42610,22046,385,26,673,7399,443,71,1047.61,158.83,31,40.58,34.0,25,6,260.47,476.06,34,258,BENIGN
50311,33620,160,335,3295,9595,1286,708,496.66,64.78,28,21.45,41.87,69,2,354.37,162.93,926,1,MALICIOUS
27257,40866,461,24,9409,14766,1005,691,329.17,52.75,30,36.16,0.74,17,21,190.65,0.81,865,366,BENIGN
11807,58734,34,297,7307,14370,807,44,650.76,274.38,23,9.23,48.3,45,47,102.56,39.33,360,31,MALICIOUS
61476,61006,159,465,3992,12645,343,575,1192.17,180.49,24,23.51,15.11,71,27,817.84,357.81,877,6,MALICIOUS
52976,4550,317,86,11975,4849,1214,477,964.56,228.64,25,48.05,22.73,14,12,733.74,46.84,8,198,MALICIOUS
43797,20133,441,169,4482,14005,1422,136,114.81,2.75,36,20.36,39.44,86,24,613.64,262.59,740,183,BENIGN
18681,24285,424,248,7483,14728,203,1226,170.57,456.29,25,25.21,1.75,1,27,833.55,272.71,759,192,MALICIOUS
53091,54638,48,59,8064,10539,1104,1015,636.95,353.05,31,43.42,39.69,81,11,575.29,466.22,264,96,BENIGN
12144,54173,130,342,90,3714,422,381,1158.37,468.01,36,23.21,1.88,26,12,761.48,281.91,123,79,MALICIOUS
42614,16918,84,430,1120,2275,1302,1389,1300.31,140.02,25,46.19,46.05,3,6,721.68,212.58,345,21,BENIGN
12317,31627,180,171,2508,6648,936,863,1153.49,154.48,37,59.26,43.58,79,31,184.53,92.27,412,353,BENIGN
21994,57273,490,499,3162,11987,859,880,468.9,311.13,27,3.58,30.95,62,49,556.6,196.57,379,445,BENIGN
34588,86142,178,284,11546,2887,1033,609,922.2,413.57,21,21.45,20.91,83,42,168.87,90.64,500,453,BENIGN
52743,2960,111,205,4304,8259,293,550,312.64,372.31,28,63.96,45.48,46,19,676.41,367.55,748,415,BENIGN
59293,34236,15,156,1536,8139,1001,1128,807.73,88.69,22,49.77,47.63,79,2,727.25,326.81,95,2,MALICIOUS
13941,54759,296,228,11291,8809,1286,604,1157.8,371.06,22,66.26,6.93,46,7,779.01,433.5,26,436,BENIGN
49445,77175,208,18,7145,13801,1037,1034,405.61,268.62,31,24.6,5.13,90,35,260.72,140.4,352,64,MALICIOUS
28852,86237,183,278,3292,12183,1372,807,1229.85,116.85,27,45.67,12.38,52,49,706.45,344.14,913,99,MALICIOUS
43966,51583,129,125,5769,5269,1402,1229,1404.85,342.63,27,78.35,36.33,16,19,227.32,450.86,461,250,BENIGN
59978,12330,393,303,4379,863,1028,760,1172.38,273.6,36,65.04,20.31,75,43,793.56,187.11,384,363,BENIGN
51711,63247,237,13,2268,2705,1466,369,129.86,93.72,31,26.25,2.96,84,48,76.73,476.85,599,64,BENIGN
9819,8423,84,268,14534,207,1393,1281,278.18,499.29,29,78.39,43.78,61,16,572.63,348.37,521,247,BENIGN
8073,42675,438,54,8920,9371,1352,1206,168.88,416.46,22,61.61,33.96,93,7,919.84,350.08,877,455,BENIGN
61415,51462,113,342,1799,5268,596,13,61.96,68.9,23,70.54,22.57,83,6,837.74,295.4,177,453,BENIGN
15708,11575,16,214,9514,782,1239,1468,280.38,453.64,31,93.75,12.49,71,23,757.76,140.57,108,267,BENIGN
20277,9897,254,147,3972,11232,878,1085,810.82,85.12,39,56.27,40.1,66,39,476.08,201.45,215,66,BENIGN
31098,3255,451,72,8731,10250,1397,407,1297.24,346.27,38,70.46,49.95,88,30,989.89,124.11,455,311,BENIGN
25984,7596,454,226,5250,5835,505,1297,570.12,60.51,30,12.13,46.26,60,33,348.31,171.94,452,456,BENIGN
13211,36362,386,178,9554,1117,534,835,1400.31,206.02,34,59.41,5.99,67,14,953.07,223.0,381,69,BENIGN
11760,16708,366,231,12533,13451,1107,941,32.09,452.74,28,44.25,34.68,92,7,623.39,126.27,376,432,MALICIOUS
38484,57887,446,456,1123,1182,131,1478,372.13,22.3,25,77.88,23.54,26,28,144.6,223.6,107,343,BENIGN
63727,6144,96,298,6911,8154,697,1488,1252.9,188.04,37,9.22,1.97,46,32,648.89,228.02,973,122,BENIGN
3218,78393,180,484,14372,305,1006,1103,656.14,436.21,28,89.93,49.29,9,35,645.27,405.13,280,481,BENIGN
21100,42635,464,223,6009,10897,472,386,1233.1,50.98,37,86.94,45.44,25,45,816.1,147.95,150,352,BENIGN
20885,9970,135,64,3386,12093,741,396,863.39,433.88,32,25.56,33.07,53,41,224.15,194.97,612,136,BENIGN
56213,79722,332,312,13105,11672,894,566,249.27,330.85,25,75.13,18.39,61,21,191.94,50.38,607,164,BENIGN
26859,26289,367,328,10798,3125,1045,338,381.71,220.28,30,84.58,49.73,22,29,408.63,336.89,629,354,MALICIOUS
61375,95167,326,212,4745,12469,1474,1480,141.87,318.57,24,30.88,28.64,10,13,116.41,7.74,840,319,BENIGN
23312,44722,51,278,10006,3883,1105,1099,1039.19,321.51,37,21.94,34.4,54,11,816.19,289.5,718,491,BENIGN
3182,26931,478,103,5904,6089,1378,420,1359.72,470.04,33,19.8,33.99,90,1,786.11,57.69,963,359,BENIGN
8804,66012,128,50,6251,7479,666,1277,312.93,307.84,26,36.64,10.23,54,22,167.04,425.91,401,23,BENIGN
62573,41984,20,155,9888,10588,893,965,582.08,176.09,38,64.18,49.68,95,44,119.34,107.48,451,429,BENIGN
60657,44873,341,232,9763,2947,801,800,369.0,343.94,29,75.77,25.31,57,46,54.47,493.09,512,19,MALICIOUS
7395,40907,398,375,1901,355,1318,1356,1411.99,83.82,23,86.74,14.7,78,3,708.8,123.0,179,88,MALICIOUS
26561,26366,51,311,10003,7284,1028,939,669.85,289.79,24,89.56,5.17,13,29,761.25,411.72,260,38,BENIGN
41185,80364,317,168,14096,14536,1419,1116,1257.04,132.23,20,29.27,20.59,8,17,659.37,212.73,658,474,MALICIOUS
14458,38770,68,3,5578,377,1002,465,245.9,287.96,20,98.23,1.13,62,37,360.74,42.09,524,316,BENIGN
6060,91073,255,95,2277,1898,1386,501,1412.04,379.65,32,60.58,0.97,21,25,924.67,42.17,767,93,BENIGN
49347,9862,151,195,13454,7550,1224,189,26.89,424.62,27,11.44,8.51,25,14,626.89,364.49,582,1,MALICIOUS
32371,34283,328,191,3074,7600,196,982,868.83,342.96,39,57.23,2.86,53,43,149.19,485.18,255,122,BENIGN
59485,65084,74,135,6662,276,322,939,531.71,10.08,22,34.48,13.96,29,42,442.5,282.74,612,448,BENIGN
6199,25101,442,457,4033,5910,640,461,791.89,419.77,28,75.9,49.79,82,3,13.0,251.86,556,135,BENIGN
61309,26168,466,108,8582,7838,44,860,757.05,148.39,29,74.6,33.02,64,17,481.61,86.7,436,141,BENIGN
32485,79693,147,77,1015,3481,189,1470,486.88,48.11,28,10.99,2.23,44,37,642.6,342.85,269,238,BENIGN
28679,64747,91,455,8563,14146,34,1438,715.34,145.87,23,67.19,22.0,72,8,216.36,48.77,599,148,MALICIOUS
16879,75867,449,242,11595,8891,617,902,1169.31,487.65,33,48.26,13.95,1,31,443.65,431.06,547,126,BENIGN
54489,87148,275,243,9979,12545,9,705,1335.3,255.43,35,69.95,34.91,14,36,462.24,152.41,890,41,BENIGN
29963,57529,41,26,11516,14223,322,32,1348.06,63.04,23,91.36,34.57,57,15,990.67,400.44,19,4,BENIGN
29688,62379,274,492,6366,304,59,1149,570.18,490.66,20,25.54,43.6,34,37,768.93,312.31,646,223,BENIGN
48864,83081,201,390,7854,8265,1498,1457,99.76,204.26,21,57.1,27.97,54,46,224.99,136.08,995,346,BENIGN
12394,62901,452,328,862,191,1064,16,1378.69,204.07,37,75.89,42.08,71,12,824.92,398.38,355,85,BENIGN
2040,75560,284,414,859,14333,752,79,1402.84,389.49,24,38.11,19.76,62,15,136.17,244.36,286,480,MALICIOUS
20115,34416,453,194,7942,4849,816,776,1298.77,358.0,34,61.52,48.34,18,5,418.36,18.42,411,420,BENIGN
49201,83431,411,284,230,4665,1379,1309,1364.41,50.62,23,8.89,7.41,53,27,150.98,368.34,406,218,BENIGN
62346,23375,145,491,47,6087,1088,602,54.26,140.46,25,37.47,14.64,13,45,244.59,453.21,716,215,MALICIOUS
42714,60692,153,160,2009,2394,261,1412,1158.69,105.92,28,93.12,5.62,14,10,66.71,15.44,684,463,MALICIOUS
17979,19509,288,437,12152,8741,873,348,1498.26,423.92,29,36.44,3.85,34,12,179.02,495.86,153,259,BENIGN
45329,51600,455,205,46,1426,242,778,982.46,17.26,37,6.32,10.54,31,43,763.86,55.02,459,89,BENIGN
28273,81242,473,236,6491,13128,426,1416,982.64,218.23,23,78.19,31.04,6,7,998.04,230.58,643,355,BENIGN
39757,13023,391,83,10857,5511,507,578,361.56,457.2,37,81.54,24.02,61,39,807.32,404.8,232,249,MALICIOUS
59647,2131,346,29,5002,2468,945,1469,250.91,191.04,31,19.16,24.97,96,7,596.75,409.71,187,258,BENIGN
8398,2224,342,13,6612,9805,395,258,1295.46,313.59,38,87.05,30.09,26,38,713.92,481.54,628,406,BENIGN
34850,13055,168,293,9378,3460,1464,995,1484.8,308.16,38,20.6,39.57,86,14,113.17,24.64,924,154,BENIGN
42872,39423,389,362,14227,3159,1152,1484,1010.96,210.47,20,11.28,16.39,82,0,624.64,94.41,339,324,MALICIOUS
3246,23171,425,297,5806,5145,102,663,1310.7,339.0,39,17.28,39.97,98,24,188.3,398.22,988,360,BENIGN
20626,2346,193,222,9049,8260,1484,984,138.18,16.94,39,91.52,9.02,94,12,651.47,395.44,321,178,MALICIOUS
10621,66991,87,83,6463,969,478,21,892.99,303.9,33,27.32,14.02,64,25,315.44,214.43,504,149,BENIGN
8777,3857,338,482,3367,10803,1054,467,1481.99,470.7,25,23.08,33.75,5,8,386.02,390.09,718,155,MALICIOUS
28651,76404,425,110,9647,6456,983,1114,1145.84,342.53,36,49.29,19.31,20,41,106.28,1.18,233,278,MALICIOUS
29414,60926,137,235,5896,13713,838,488,1004.28,103.93,37,0.97,8.97,40,32,277.47,269.99,588,331,BENIGN
27968,14698,49,134,13173,9898,350,1348,1439.44,326.23,32,71.41,30.88,11,0,612.02,246.42,819,432,BENIGN
12263,91283,373,327,6153,7699,108,1,1145.7,464.39,25,64.39,48.16,65,47,323.32,43.5,919,112,BENIGN
32054,76888,383,193,6938,6066,686,1138,210.02,246.52,24,43.12,43.92,93,28,528.26,311.69,790,461,BENIGN
10629,45200,64,457,7665,10229,721,571,1445.77,331.09,24,34.74,3.72,17,19,381.93,262.99,811,246,BENIGN
30242,98022,166,78,2858,13170,248,1294,779.58,186.2,31,26.72,16.13,84,27,371.26,12.45,132,438,MALICIOUS
12606,84857,413,98,4330,4791,516,28,1046.42,323.32,30,8.31,3.71,24,41,850.51,158.77,480,116,BENIGN
20921,26069,364,268,14041,2246,1410,1000,1116.94,61.77,34,54.0,24.71,40,26,689.47,272.81,125,8,BENIGN
54876,46441,100,31,6848,14108,1242,880,1245.67,117.3,30,27.69,37.88,47,8,681.08,85.58,749,376,MALICIOUS
51740,88481,247,385,287,385,137,948,333.83,403.62,22,55.33,32.95,79,12,487.12,324.77,776,409,BENIGN
63624,27041,464,433,12508,3414,247,1257,911.74,389.67,39,88.48,23.19,3,8,186.03,91.24,283,487,BENIGN
30347,81675,159,439,13352,662,468,377,927.43,340.95,30,45.28,44.26,69,46,561.98,73.02,571,175,BENIGN
60954,59776,16,258,11858,8133,428,1130,60.02,88.11,20,80.45,29.07,53,48,690.38,322.58,683,353,BENIGN
17026,4374,313,285,14781,5039,475,1208,425.92,22.94,33,31.93,18.74,81,44,877.84,388.93,227,493,BENIGN
58684,4067,195,130,12729,7379,70,89,1193.36,7.51,36,32.37,18.39,38,39,363.34,216.15,297,489,BENIGN
37638,87447,141,19,8429,14582,371,342,1080.66,12.04,22,49.7,35.67,1,26,72.24,278.67,582,120,BENIGN
2603,47400,125,256,14483,13502,468,719,1199.08,194.83,25,31.0,48.16,87,37,393.65,275.59,882,119,BENIGN
1377,79285,483,329,1359,10006,340,367,692.23,257.55,22,80.61,42.14,38,18,833.14,19.48,947,362,BENIGN
26581,33505,209,457,3193,10976,1198,111,1137.96,482.85,32,46.58,22.61,94,49,151.59,236.85,924,180,BENIGN
16455,38358,109,323,3393,2997,282,1349,215.59,6.27,35,23.65,13.62,68,17,74.94,18.89,41,108,BENIGN
31504,82032,12,368,1969,8833,627,759,161.97,199.51,32,7.41,29.84,52,38,625.18,198.67,978,192,BENIGN
24030,94495,315,135,2480,12251,299,119,799.52,196.21,37,32.39,14.74,88,25,112.93,268.17,389,405,BENIGN
54204,51128,414,275,6577,14102,571,1351,1377.62,319.33,24,2.15,7.1,97,4,540.32,278.03,603,383,BENIGN
21195,53101,87,368,2042,2730,67,878,1338.4,496.22,32,95.38,18.24,98,8,326.88,154.33,264,290,BENIGN
38300,79689,275,279,675,5256,832,848,685.8,30.49,24,27.04,21.29,88,21,42.91,12.29,850,178,BENIGN
47285,23904,310,382,3267,9686,1470,675,819.89,122.75,21,46.34,38.64,15,10,950.56,43.81,275,90,MALICIOUS
33153,28761,483,177,10266,7453,1267,1303,649.03,490.33,24,64.52,37.54,95,48,804.91,76.89,973,212,BENIGN
38819,48529,26,378,7957,3396,341,15,128.16,155.38,21,22.01,14.24,65,27,599.45,74.0,824,464,BENIGN
28752,90556,355,311,3778,3672,456,1029,1346.07,69.72,22,88.66,30.21,62,42,709.68,376.6,283,473,MALICIOUS
64564,58669,351,414,4259,5167,729,543,1130.07,453.6,26,22.24,18.96,36,6,790.35,260.26,709,258,BENIGN
15143,50453,481,109,14605,8592,998,475,1381.91,324.52,26,58.87,11.28,81,48,845.6,428.73,186,103,BENIGN
59021,2397,145,362,1239,11434,134,451,346.65,452.86,20,84.89,20.44,71,3,264.36,87.08,865,243,BENIGN
19352,45084,224,225,4937,10061,1107,1295,361.77,319.25,25,90.83,40.43,36,1,923.38,179.33,513,297,BENIGN
52912,25331,312,205,8724,4873,836,745,611.41,366.25,26,61.08,20.1,56,31,857.57,116.3,747,116,BENIGN
36828,13657,279,233,12488,13920,278,1152,800.57,161.53,25,22.44,22.99,62,6,618.25,274.81,364,284,BENIGN
19168,49591,40,293,6640,3940,778,58,15.61,350.09,35,98.19,24.94,48,4,404.3,295.01,757,295,MALICIOUS
16412,58187,4,44,11792,3946,568,552,1283.46,204.8,31,62.19,33.77,63,49,263.06,311.86,58,76,BENIGN
53560,70597,416,351,9456,9096,1289,601,1343.66,346.57,28,26.51,23.11,13,11,15.06,138.09,587,444,BENIGN
39053,70318,451,123,13067,7095,837,819,1116.93,467.4,20,96.56,9.44,97,20,517.38,394.52,161,54,BENIGN
64733,59379,256,151,14971,14894,1098,1188,446.97,47.35,26,77.89,10.32,16,27,515.24,459.06,811,278,BENIGN
17748,15773,280,307,5448,5870,485,255,314.93,419.06,39,71.33,37.22,44,9,592.08,176.52,446,460,BENIGN
49248,39899,480,13,3134,7166,250,982,318.07,403.35,35,30.0,10.05,66,49,446.69,27.13,702,162,BENIGN
22191,54395,294,277,7278,11124,990,434,1114.15,148.11,30,72.41,13.35,3,29,260.45,421.46,353,102,BENIGN
6283,38744,86,260,4653,13392,1295,263,88.0,214.39,39,36.83,20.35,1,20,80.0,176.36,422,14,MALICIOUS
21453,33236,11,259,11681,998,804,577,395.2,230.19,37,9.96,24.65,19,24,188.11,160.92,964,53,BENIGN
12995,9651,383,171,8820,6618,904,198,139.29,282.31,37,87.9,13.5,33,21,962.0,98.43,22,269,BENIGN
50501,75873,60,147,12637,8210,1158,1306,547.02,395.74,31,38.83,3.22,97,28,374.23,69.23,494,65,MALICIOUS
3069,50819,359,54,4795,8970,1379,1117,1093.85,203.71,20,99.98,0.09,68,32,236.8,260.57,989,54,BENIGN
24037,26340,365,28,4661,9729,692,902,927.56,113.7,27,85.38,25.41,72,29,315.28,286.91,8,465,BENIGN
54168,46236,203,192,3958,7344,478,1067,705.37,410.87,20,75.88,13.47,67,44,588.09,97.87,810,489,BENIGN
14489,7939,350,9,12,11422,641,65,1487.4,239.37,30,88.56,49.55,4,20,18.09,173.74,911,491,BENIGN
58049,66008,104,328,7655,11586,596,801,465.04,180.25,21,41.08,41.12,96,17,981.58,4.58,573,70,BENIGN
34713,50346,416,245,6254,12611,1249,1125,1112.21,95.25,28,60.65,16.65,77,31,777.77,449.75,284,157,BENIGN
16359,49983,445,13,4624,5631,236,799,546.58,448.49,36,76.97,48.09,13,41,523.36,449.96,185,395,BENIGN
59136,60796,283,378,8322,7552,1314,1435,1375.56,415.85,25,50.06,11.11,27,48,62.17,454.1,669,350,MALICIOUS
55903,78679,15,413,9615,6882,427,1419,481.53,367.93,24,8.23,46.4,88,12,551.27,51.16,897,281,BENIGN
35463,58674,236,414,13958,13660,662,308,469.02,325.27,22,19.45,5.96,91,15,630.63,73.98,867,85,MALICIOUS
37934,79325,442,3,9886,1902,440,1063,1379.31,59.91,36,96.92,48.05,3,11,757.65,98.62,959,242,BENIGN
56434,71137,150,37,5273,10931,1092,934,1182.52,240.41,21,82.43,4.97,75,32,292.41,341.33,131,382,BENIGN
8558,97053,443,173,3216,12055,971,1222,1369.67,58.97,35,66.65,48.36,11,31,940.78,44.65,595,338,BENIGN
17863,76047,212,119,1976,2382,86,246,216.24,137.65,29,9.93,29.52,29,21,506.87,213.08,115,208,MALICIOUS
46581,45575,129,240,9953,8893,1356,1276,291.12,439.24,23,81.42,47.42,43,11,61.64,416.38,817,284,BENIGN
14666,86617,258,463,14207,4227,1226,202,873.55,382.3,23,28.56,45.01,77,33,314.8,357.97,594,370,BENIGN
16008,1523,187,169,3694,3257,902,242,287.73,333.46,39,61.51,10.1,22,46,166.69,194.07,735,386,MALICIOUS
5261,86677,67,26,11265,4733,504,270,148.33,322.15,32,32.72,29.86,31,36,800.06,266.79,868,458,MALICIOUS
34757,41730,28,320,9469,4600,776,1292,838.95,336.09,38,52.28,38.95,8,28,571.33,337.65,930,121,BENIGN
35100,76300,210,208,14806,13953,668,580,447.71,339.51,22,52.57,26.16,77,19,740.32,71.92,941,57,MALICIOUS
6904,99186,171,339,3974,4904,263,1238,1067.11,462.6,39,29.92,6.84,57,37,434.52,434.75,771,184,BENIGN
24845,15439,204,95,13619,5920,1232,883,1165.62,333.13,26,68.01,21.65,38,26,121.41,233.08,80,36,MALICIOUS
26284,90679,263,139,7822,3635,1117,1288,623.91,281.45,35,26.32,18.2,88,25,279.37,136.87,815,403,BENIGN
3273,4246,7,101,1815,14370,484,820,290.17,298.58,36,97.48,49.88,52,22,523.98,391.04,905,253,BENIGN
20234,65450,220,248,2613,8701,685,1133,142.98,187.81,33,81.75,44.55,64,36,16.49,116.87,114,488,BENIGN
25167,49446,374,470,4579,5277,1124,905,318.66,260.69,28,1.09,29.36,90,48,843.29,434.96,806,270,MALICIOUS
22334,65101,175,110,12802,8103,1234,464,49.78,468.77,34,96.79,35.43,65,37,114.02,214.5,181,77,BENIGN
63481,16538,427,423,5249,6767,388,1395,596.42,123.54,26,65.23,12.43,49,6,138.65,44.99,576,432,MALICIOUS
2804,71395,498,198,3030,7572,1401,144,1473.17,433.33,38,76.85,30.46,56,38,508.14,444.51,546,479,BENIGN
48584,95029,470,98,3271,4069,137,937,1105.92,215.13,27,14.82,13.86,41,26,727.65,149.76,282,135,BENIGN
44799,93199,53,247,3173,8259,249,262,20.52,394.51,20,20.24,6.83,34,41,768.89,470.76,412,286,BENIGN
46323,82109,133,373,790,12241,69,1315,1418.58,21.31,39,96.1,4.41,96,2,195.43,160.74,828,279,BENIGN
53179,91848,178,191,5328,8195,676,256,1228.05,331.31,23,76.24,45.79,60,19,188.13,238.27,908,452,BENIGN
5986,59686,309,120,7482,14475,667,1469,1383.16,218.04,36,29.85,27.81,48,29,965.44,30.62,812,18,BENIGN
41260,84612,406,25,2589,14458,926,760,655.94,153.31,20,55.15,37.95,77,8,423.69,413.55,136,390,BENIGN
20730,24799,483,421,8776,9664,1450,280,1176.47,372.61,37,74.44,15.94,37,0,18.85,33.92,383,52,BENIGN
17878,91920,366,153,5790,6983,81,782,397.4,77.89,21,26.44,5.48,52,41,791.57,125.18,489,33,MALICIOUS
9618,99112,88,152,12606,9230,1225,275,1443.33,101.51,27,5.75,0.25,3,38,781.64,2.43,329,466,BENIGN
23532,55221,243,479,7188,4866,1476,101,1338.87,332.17,29,32.98,7.05,39,44,502.41,320.74,144,237,BENIGN
16679,83959,3,238,5454,7864,743,857,872.56,130.76,22,25.1,48.88,59,4,759.88,392.07,853,261,BENIGN
17417,38549,393,34,1346,14201,138,1422,1354.07,92.5,37,8.45,43.2,32,46,266.9,104.43,763,439,BENIGN
52925,24817,19,305,1737,3653,412,389,1399.22,329.65,39,72.46,49.58,18,29,56.77,144.36,879,168,BENIGN
33885,50963,2,479,10222,9974,514,737,533.76,261.91,26,97.69,4.54,73,23,569.26,13.66,534,44,BENIGN
34167,87455,476,40,5309,758,493,803,415.86,188.4,30,20.14,38.94,71,32,926.71,244.91,870,349,BENIGN
14731,23712,307,247,3695,5060,1081,725,430.7,45.12,24,56.69,41.12,57,38,444.97,455.39,678,95,BENIGN
16028,84470,235,109,6934,442,201,365,1198.64,289.74,38,56.77,4.93,75,15,982.42,329.73,776,89,MALICIOUS
59736,10199,473,332,3245,3786,191,258,925.04,286.05,26,8.58,47.94,23,18,125.88,244.15,366,338,BENIGN
26225,577,428,256,9038,14139,159,1273,48.59,455.29,24,15.94,0.32,86,26,357.57,120.83,830,119,MALICIOUS
44006,25969,21,103,11276,8880,619,1211,993.48,362.31,32,62.39,1.14,11,11,201.48,280.65,13,277,BENIGN
15413,92327,189,124,10390,13248,1464,221,1311.81,133.96,38,15.08,14.79,22,21,180.04,428.45,944,117,MALICIOUS
3218,17960,327,369,4033,7740,420,1307,449.12,23.58,27,58.82,43.86,27,21,275.35,326.18,514,177,BENIGN
29233,7322,351,362,5950,12155,1445,1247,796.5,8.1,33,48.82,14.36,94,48,811.41,342.24,259,391,MALICIOUS
45478,62090,11,137,4210,12275,471,1147,1396.86,388.06,25,50.44,14.7,25,47,302.94,167.45,985,31,BENIGN
27150,5824,158,261,1811,11242,104,1028,844.09,158.02,25,36.01,37.79,74,37,743.07,396.31,901,0,BENIGN
57797,34558,45,453,2141,8806,1330,510,1425.14,37.99,35,78.04,37.12,78,27,997.72,231.46,808,27,MALICIOUS
33574,35977,223,11,11389,6671,321,884,1388.55,409.21,20,9.59,35.91,25,31,468.8,478.39,639,316,MALICIOUS
13096,58608,332,148,14240,10258,139,177,1032.9,437.14,20,18.56,13.9,15,0,184.2,258.74,555,288,MALICIOUS
33534,69865,141,465,1735,3588,1012,566,195.88,41.56,35,60.48,27.17,77,23,136.86,401.06,78,491,BENIGN
27218,64622,58,7,9354,10788,1245,9,1461.93,320.65,39,17.45,31.65,54,23,66.98,397.31,568,57,BENIGN
24755,63408,156,263,2563,13864,204,271,998.72,116.25,24,94.51,42.88,41,22,915.11,255.46,131,359,BENIGN
41785,52983,465,33,5357,14982,808,330,1385.05,388.73,20,74.49,0.49,80,49,1.96,448.76,412,484,BENIGN
65189,59048,61,55,5741,7620,1417,1215,909.33,55.82,39,37.16,9.83,59,20,206.31,465.44,879,185,BENIGN
24366,94621,312,112,1961,925,728,1279,1102.52,342.93,31,42.86,13.54,1,22,503.54,266.86,433,433,BENIGN
4451,14275,354,49,3744,6853,1114,1431,592.32,10.54,25,46.21,7.14,55,12,756.5,389.59,310,441,BENIGN
24927,42188,341,32,10399,1924,130,1423,271.33,489.63,36,68.83,24.46,25,40,73.1,183.4,921,234,BENIGN
49049,89119,368,97,4808,7063,591,194,738.34,90.5,21,78.58,3.33,12,28,759.35,289.45,506,495,MALICIOUS
23865,69183,320,355,4502,13506,834,541,402.55,288.67,28,39.85,1.59,50,15,543.91,148.44,878,413,BENIGN
13172,4250,20,442,11067,8815,1203,482,951.41,135.57,30,28.46,31.69,54,41,61.59,137.35,220,174,BENIGN
2144,74092,439,146,7481,3564,389,1043,48.17,287.57,29,1.52,14.28,43,14,524.16,169.75,98,362,MALICIOUS
5711,25233,256,173,8759,2470,1004,922,907.62,113.61,32,42.04,28.73,47,18,326.12,99.55,872,451,BENIGN
40635,2346,344,156,8283,13456,1168,430,15.7,344.03,37,27.42,25.22,77,9,800.81,483.69,793,136,BENIGN
13574,99237,268,97,8904,10579,58,241,861.16,344.76,23,61.5,24.01,37,21,882.7,332.62,869,331,BENIGN
13783,95259,111,416,5654,11516,191,190,74.13,177.18,32,82.97,24.05,24,5,783.76,31.48,769,175,BENIGN
32798,71918,389,220,12052,12118,947,730,878.33,240.56,38,67.44,14.26,8,10,683.97,408.58,230,490,BENIGN
63331,48868,403,34,4712,11270,58,117,773.61,96.87,21,81.81,23.46,90,31,559.49,228.74,972,194,BENIGN
51333,43636,242,210,8649,8584,474,696,642.95,203.97,32,6.79,31.07,9,25,627.49,229.78,403,196,BENIGN
27890,87780,191,135,13044,6489,1213,1408,1284.41,155.93,26,61.04,36.59,72,41,374.44,120.13,369,406,BENIGN
56560,14912,340,478,5202,2344,745,1229,1358.97,129.48,30,94.47,23.53,71,6,758.88,305.51,198,335,MALICIOUS
34373,9416,380,53,344,14488,259,1148,836.35,71.2,25,3.33,45.13,28,3,148.14,337.27,734,86,BENIGN
11625,15259,219,29,5305,13604,79,1273,707.44,17.65,32,55.61,32.8,55,34,622.17,206.16,172,469,MALICIOUS
16253,23011,333,483,14008,2568,11,1412,1223.59,94.37,32,31.41,41.07,31,25,840.04,283.84,34,347,BENIGN
43918,6232,268,389,1364,939,155,743,52.82,294.2,37,21.17,34.82,53,8,349.18,337.92,272,408,BENIGN
58348,73719,393,409,11000,10579,818,353,382.19,499.14,35,20.25,42.86,94,11,535.06,39.33,499,106,BENIGN
58581,71211,220,486,7785,3327,662,504,602.71,162.42,37,3.72,15.33,84,1,189.62,132.52,907,239,BENIGN
3600,6137,354,231,6842,3096,1172,1445,206.76,385.76,30,65.11,40.44,0,31,722.99,449.94,821,384,MALICIOUS
39150,79779,101,192,7325,994,1220,148,1262.3,359.07,35,7.89,4.91,31,44,397.11,329.62,844,59,BENIGN
5680,80311,363,398,4289,13938,127,249,1004.75,181.72,26,40.06,6.8,76,8,332.48,309.68,78,260,BENIGN
47610,62553,350,461,785,7861,368,1404,840.46,466.35,32,67.15,5.74,33,36,294.14,360.13,994,51,BENIGN
20484,51629,257,14,8458,9683,493,700,1252.81,87.84,30,32.2,13.0,61,16,824.99,66.52,950,80,MALICIOUS
25753,55647,441,453,9214,4000,1019,1004,261.77,72.52,36,85.4,39.31,79,25,859.74,492.11,824,186,BENIGN
21369,53648,298,448,8141,10415,705,995,168.4,379.7,29,12.0,45.3,20,10,559.67,121.15,314,176,BENIGN
54649,23775,128,353,11608,13721,1048,1058,114.48,375.2,37,25.08,24.11,37,40,928.24,316.17,172,83,MALICIOUS
16864,73323,69,350,3401,6282,675,231,1011.27,140.53,31,36.44,4.82,13,42,814.33,434.69,929,129,BENIGN
20118,39761,470,424,1437,8907,462,189,570.96,173.06,28,17.35,23.96,67,37,311.91,294.89,977,387,MALICIOUS
22356,59839,476,453,13711,8871,1128,470,449.88,104.66,29,31.49,21.56,79,40,397.43,157.99,829,292,BENIGN
33011,61080,34,162,1813,10130,905,580,263.53,338.48,21,53.09,49.45,57,39,694.8,103.95,131,246,BENIGN
11539,44098,393,52,7832,11063,1045,1330,590.15,468.69,25,77.4,29.63,74,4,931.6,41.62,289,405,MALICIOUS
12426,84070,333,320,10835,2001,198,824,534.53,470.95,21,75.87,11.67,24,45,520.88,206.19,44,189,MALICIOUS
39801,93744,70,329,7516,3816,732,960,914.34,247.41,36,90.44,37.02,65,0,512.41,24.45,574,470,BENIGN
5927,67448,56,104,11697,46,1159,95,548.88,0.12,39,94.46,10.0,68,14,964.75,144.34,129,81,BENIGN
2905,72550,288,10,4457,14416,43,139,1188.74,268.85,28,80.12,44.82,48,8,594.58,252.53,109,238,BENIGN
55668,11018,101,379,1596,253,1391,812,1067.29,405.61,24,67.95,23.28,86,33,822.53,107.81,447,356,BENIGN
43174,82214,292,156,1567,3511,1465,279,488.44,229.75,20,52.6,38.74,41,20,422.86,414.3,385,246,BENIGN
24323,57504,136,428,687,12351,1236,888,1128.11,168.18,27,77.55,42.25,96,4,900.53,416.9,412,411,MALICIOUS
11402,16421,77,149,14247,11994,1357,703,414.04,475.44,31,2.88,22.33,92,9,715.92,18.65,572,173,BENIGN
65534,10929,414,96,13359,7148,1443,1372,1458.49,219.53,23,32.37,10.91,39,32,571.01,314.35,311,293,MALICIOUS
10077,2020,385,342,8956,2113,253,1232,1061.28,389.59,20,37.07,39.27,30,33,940.95,302.59,525,436,MALICIOUS
58482,44524,156,19,1206,8417,205,1459,316.66,83.29,22,53.02,6.26,96,37,587.56,22.81,330,414,MALICIOUS
34296,548,432,447,1219,2945,1342,203,984.63,88.3,35,68.68,46.61,21,46,214.85,179.23,214,264,BENIGN
30690,50727,172,124,5807,7715,496,277,23.41,358.76,35,25.36,33.57,48,4,854.42,261.55,131,389,BENIGN
23101,85980,396,80,11463,6158,1291,540,636.71,305.19,35,79.48,34.25,38,32,527.83,60.55,238,229,BENIGN
14131,30515,40,164,4761,6991,1310,46,585.08,375.76,25,43.43,26.51,60,35,620.78,276.38,825,146,BENIGN
57616,20365,63,172,4391,12768,843,819,1188.98,29.84,30,35.58,29.39,27,29,136.52,475.74,542,180,BENIGN
16697,70295,49,355,13074,14168,1326,1034,846.62,322.35,20,35.6,42.96,69,10,181.57,462.96,455,286,MALICIOUS
41823,16024,230,345,14570,5511,714,723,916.13,467.54,30,70.93,36.05,59,6,977.92,185.23,3,496,BENIGN
17818,55347,413,29,12749,6331,234,1102,1355.79,171.04,38,57.25,6.43,77,47,479.85,269.34,96,121,BENIGN
26759,12667,154,443,14705,14560,780,555,395.57,463.0,30,95.89,48.83,1,36,194.95,192.04,415,474,BENIGN
31575,63698,341,227,13291,9360,150,1425,214.9,353.27,31,0.36,39.78,16,44,932.82,309.34,967,241,BENIGN
54328,84086,480,47,8026,10144,510,507,102.63,412.29,29,16.24,27.83,87,5,468.26,56.65,2,277,BENIGN
22199,32878,387,426,4966,12012,1419,545,38.77,325.09,23,51.27,49.66,5,29,869.58,10.14,407,429,MALICIOUS
51030,78244,17,423,7349,8059,489,1217,1000.46,144.81,38,61.81,2.58,20,17,516.03,454.32,666,68,MALICIOUS
63881,73946,169,478,9724,8970,610,1224,115.46,398.93,28,18.16,6.67,33,34,648.87,39.72,436,222,BENIGN
33677,11313,154,114,14284,11788,771,664,649.68,367.18,22,28.02,22.98,30,34,518.85,244.22,29,336,BENIGN
26153,91060,133,201,9048,9183,266,768,528.36,274.97,30,90.32,2.04,7,0,888.72,458.06,656,55,BENIGN
16325,14182,125,176,7281,5656,1213,1073,1167.69,241.74,25,29.69,34.21,61,16,482.74,428.39,268,28,BENIGN
61781,29096,82,464,10068,5783,601,701,913.73,370.24,36,41.71,42.59,34,23,639.96,18.68,554,92,BENIGN
1464,99057,70,264,12442,7787,428,549,1448.61,422.53,29,54.32,11.24,71,13,851.74,186.66,740,44,BENIGN
35446,24283,421,492,9567,14317,885,552,133.3,8.93,25,1.99,11.39,8,45,359.86,245.14,484,466,MALICIOUS
25621,89550,483,342,135,8478,460,96,1473.29,332.28,36,92.65,31.12,86,38,767.95,475.76,181,112,MALICIOUS
28863,87704,442,40,472,8758,1307,1313,892.53,438.88,25,0.46,41.77,49,7,256.9,13.68,788,203,MALICIOUS
4538,94162,448,192,10186,9159,375,830,17.29,223.79,30,78.89,22.07,97,22,945.81,99.55,154,331,BENIGN
47667,39312,167,251,13461,1150,51,208,623.25,67.55,39,25.19,49.68,35,0,790.34,151.81,775,42,BENIGN
17021,94869,72,231,10406,3263,18,1281,84.94,95.57,27,28.64,38.31,80,9,103.04,395.1,809,269,BENIGN
20973,41957,490,151,5669,3306,215,1285,1018.83,409.65,37,28.93,39.82,4,28,683.13,331.56,786,412,MALICIOUS
52928,98141,28,482,4763,4021,396,136,1464.32,4.64,37,13.87,30.18,79,6,301.07,347.36,471,228,BENIGN
61297,92612,26,265,10031,12968,1011,1321,294.74,271.96,34,4.27,18.71,29,20,725.93,400.49,476,310,MALICIOUS
50732,36895,51,394,8416,179,317,97,1101.63,210.1,29,72.19,23.23,98,29,85.38,196.73,587,498,BENIGN
6080,85166,95,78,5696,3961,1464,512,316.99,0.6,25,21.67,43.76,23,40,585.42,131.47,818,471,MALICIOUS
56239,32036,479,359,13657,9843,512,1488,1265.97,379.74,22,64.78,37.52,96,41,884.99,193.23,919,299,BENIGN
36420,37623,372,484,12087,12082,857,214,1176.65,422.27,25,75.12,48.84,45,19,354.25,461.65,455,335,BENIGN
50142,83871,294,386,14794,1385,626,1466,86.14,208.6,32,62.93,14.91,35,13,28.48,214.3,497,238,BENIGN
33135,36055,312,86,12253,6664,343,181,1265.84,31.58,29,82.21,34.65,50,43,515.47,318.93,103,276,MALICIOUS
48454,61211,109,341,7788,1794,1187,29,331.43,174.3,38,34.59,8.86,43,7,257.48,35.07,403,162,BENIGN
55056,85981,195,274,4689,11861,617,868,387.29,496.91,34,24.37,37.16,8,0,79.29,264.41,300,276,MALICIOUS
32364,60024,433,293,4998,3816,955,1374,1414.8,58.43,20,39.35,48.43,76,48,169.79,385.68,54,409,MALICIOUS
9531,56171,269,89,4145,11098,1109,597,756.11,158.83,34,53.16,48.52,49,9,157.5,49.42,428,128,MALICIOUS
1725,29986,142,253,1110,1481,1307,242,541.94,334.64,26,20.56,44.58,31,37,480.47,212.76,228,335,BENIGN
15143,25978,1,221,3887,9013,1196,973,606.79,348.55,34,56.63,5.44,1,33,962.19,466.43,399,366,BENIGN
15110,77066,170,319,10495,13837,995,1313,1190.43,148.91,25,17.49,38.17,2,41,975.31,0.23,569,110,BENIGN
50255,23786,312,33,13781,6825,1198,796,618.38,80.19,29,46.59,8.94,45,19,47.74,4.66,392,361,BENIGN
44441,90751,174,454,14258,8449,504,910,821.64,97.91,36,75.78,33.46,52,48,585.66,465.26,260,418,BENIGN
40908,33606,182,344,6584,14371,308,17,147.2,303.13,37,96.91,18.91,30,13,98.14,16.46,538,486,BENIGN
41785,26741,437,424,1249,1083,479,717,790.16,115.29,35,25.49,29.03,47,15,527.05,105.57,681,72,MALICIOUS
18687,61565,184,196,654,10970,470,152,304.72,424.64,21,72.0,5.74,72,15,24.26,56.55,838,364,BENIGN
8429,34654,311,115,9894,10268,572,110,295.49,376.88,21,60.56,47.34,19,10,714.69,111.16,36,230,BENIGN
25225,32650,12,368,12819,8182,639,921,1098.96,325.6,25,80.39,0.62,8,6,74.75,329.75,540,486,BENIGN
52980,74533,185,354,5103,3203,186,159,1214.59,427.29,21,36.73,33.36,66,20,334.17,366.82,227,355,BENIGN
32829,61829,302,29,5472,3950,36,541,48.97,350.65,34,44.82,19.97,46,33,620.78,270.84,214,71,BENIGN
34750,31865,491,257,13395,129,656,995,322.46,350.61,25,12.13,2.47,80,49,2.42,400.36,877,313,MALICIOUS
54164,81734,264,117,2551,3474,1336,135,1250.06,387.47,27,29.16,45.96,60,16,460.99,93.1,434,59,MALICIOUS
8439,11979,229,317,11774,10978,1355,922,1222.81,56.33,32,95.44,28.63,41,48,904.68,190.99,710,179,BENIGN
51968,46587,133,246,10855,3262,957,1382,925.94,50.54,28,62.84,24.92,97,20,649.98,14.74,666,104,BENIGN
62547,5622,227,444,8030,4227,476,45,1467.44,440.19,25,18.44,33.89,67,24,860.38,258.62,929,375,BENIGN
43159,50025,420,233,1551,44,840,1254,720.08,417.31,26,95.42,26.98,66,28,163.93,109.15,361,315,MALICIOUS
49940,62323,113,115,8149,3776,1400,1152,226.48,91.68,21,24.61,23.98,73,13,452.39,231.47,76,2,BENIGN
63895,60077,57,377,13484,5740,357,1342,1389.66,404.8,32,68.55,34.78,52,15,649.52,376.15,622,454,BENIGN
15258,9121,362,51,12129,10975,1222,92,1222.64,234.78,26,29.72,43.07,36,21,760.66,459.18,525,330,MALICIOUS
17362,54775,74,458,4001,5440,1481,411,625.92,366.08,34,52.5,21.79,99,48,986.94,457.85,120,2,BENIGN
46905,88126,193,287,5435,8227,1053,1078,934.41,371.24,27,27.04,15.53,50,41,880.21,257.32,464,413,MALICIOUS
42368,9286,246,348,7742,7707,1093,729,1076.8,346.33,23,3.66,34.57,70,12,383.58,428.5,250,241,BENIGN
63846,6682,279,427,4361,1962,328,731,431.21,206.13,26,83.44,21.24,34,29,662.87,308.59,415,123,BENIGN
10953,59256,68,6,2756,3949,878,771,182.6,260.33,24,98.2,19.36,27,0,374.22,162.98,600,118,BENIGN
3231,23907,133,479,12756,7893,438,1440,1395.63,96.31,36,44.91,45.33,43,7,943.33,37.67,116,409,BENIGN
7618,97735,184,62,4864,5622,789,821,1007.84,452.44,38,76.01,45.38,71,13,765.12,310.68,893,63,BENIGN
33318,25283,267,235,5472,4905,1190,444,1250.08,472.13,38,35.58,8.42,45,26,210.81,172.29,378,127,BENIGN
21874,6507,434,318,11434,3007,3,1184,1135.12,461.57,37,26.67,38.76,16,21,371.97,438.68,514,102,BENIGN
13942,82693,205,474,1554,9581,106,1129,1484.42,448.66,28,77.48,8.28,2,48,702.8,312.48,562,480,BENIGN
32186,43414,135,233,485,14102,77,204,707.19,237.65,23,53.04,28.57,46,4,693.39,214.34,259,154,BENIGN
39254,18701,410,286,2689,1758,13,378,732.83,482.36,21,65.07,0.05,34,44,238.43,92.53,140,418,MALICIOUS
34533,27461,85,317,9667,3477,389,520,458.94,187.06,35,80.74,22.48,27,45,311.4,183.36,927,182,BENIGN
52300,4250,340,421,3397,1551,64,920,792.69,475.91,29,43.89,13.45,49,37,656.9,316.18,229,330,BENIGN
47802,43796,135,327,8858,10875,818,358,297.11,365.73,28,34.26,35.59,80,11,836.63,465.95,113,374,BENIGN
35235,18800,24,172,5030,10459,301,972,602.4,389.27,27,31.26,14.07,85,2,675.0,130.4,278,114,MALICIOUS
36212,13682,492,147,8400,5739,1446,850,1138.4,385.51,31,94.79,37.64,36,45,7.26,193.93,594,154,BENIGN
6738,11190,59,369,10345,9150,798,1447,820.66,372.6,24,25.58,44.77,30,43,809.1,155.45,709,114,BENIGN
64969,99739,494,114,9045,1129,534,1059,529.1,181.28,27,85.74,19.6,33,33,424.89,90.91,353,109,BENIGN
33542,98280,150,435,7472,2575,1016,364,189.09,58.56,29,19.41,23.09,79,43,872.45,429.18,948,55,BENIGN
52032,37418,300,85,9607,10986,1048,1093,803.36,73.43,27,57.29,35.05,85,18,508.4,279.67,657,265,BENIGN
7808,72905,146,217,12153,8244,174,1491,117.1,53.71,25,78.17,36.31,25,34,930.07,246.04,355,15,MALICIOUS
20655,32814,108,40,4905,14898,353,1363,979.68,99.34,28,50.19,10.42,21,20,410.59,412.77,940,145,BENIGN
48253,67459,259,2,11491,8732,25,295,979.83,365.84,33,3.49,3.89,86,29,128.53,305.61,900,243,BENIGN
50912,18890,72,252,5621,14927,1177,587,225.95,421.44,31,41.04,4.92,53,40,21.43,428.32,12,51,BENIGN
6911,73852,255,56,3532,4253,845,365,289.8,219.17,34,77.91,44.95,91,36,478.89,205.93,320,479,MALICIOUS
13563,19068,144,464,1964,14956,182,1420,796.04,401.14,28,18.64,40.78,42,18,583.04,366.59,199,241,MALICIOUS
50032,11502,399,77,3129,706,706,501,1233.79,444.94,27,1.85,17.08,61,36,596.77,203.22,888,149,BENIGN
11192,41515,38,432,2112,10709,1035,1090,600.52,454.57,28,69.53,29.45,91,11,917.68,216.81,795,141,BENIGN
19777,13905,387,115,7102,312,817,345,1153.65,3.14,22,28.37,14.59,78,1,333.93,276.79,997,499,MALICIOUS
19594,51409,23,9,10415,1757,1336,212,5.12,10.22,36,44.23,35.84,66,12,161.61,163.59,283,372,MALICIOUS
60668,28292,219,151,8764,14519,610,356,753.55,418.33,23,70.42,31.94,91,45,792.77,351.99,906,100,BENIGN
20156,16620,333,470,438,6701,324,157,507.05,332.04,35,73.03,31.08,87,31,775.81,123.39,987,360,MALICIOUS
54214,81217,499,408,3279,2734,575,1066,1360.54,105.94,20,3.82,17.59,30,46,962.99,444.69,238,251,BENIGN
30653,92253,162,279,13401,460,143,1491,175.29,70.63,35,87.86,43.08,26,6,602.23,164.21,600,101,BENIGN
57112,38314,301,226,7402,12385,628,1079,1477.65,55.53,36,25.17,36.63,14,29,37.86,107.1,903,315,MALICIOUS
7415,41683,409,441,146,1869,1446,530,1324.17,492.18,27,86.21,42.85,83,31,259.11,21.27,965,105,BENIGN
36618,45334,431,464,8163,8793,947,175,1177.39,90.27,33,12.36,9.67,1,4,31.44,459.2,715,25,MALICIOUS
6526,76322,418,147,3712,13769,839,1089,1171.19,337.58,30,54.75,29.66,36,43,546.97,322.46,635,390,MALICIOUS
25953,40140,91,190,163,11000,50,25,1036.68,418.0,39,43.8,16.35,14,44,471.72,180.94,21,107,BENIGN
49078,29419,278,103,2538,14563,673,106,267.28,173.96,27,99.25,45.4,69,24,201.17,203.81,81,128,BENIGN
10179,76363,433,453,4692,12570,565,1193,128.79,299.24,22,23.39,35.21,8,38,501.65,263.92,756,115,BENIGN
19114,37477,138,444,6104,7510,1122,600,165.5,203.99,38,7.21,12.79,82,4,658.95,87.19,27,449,BENIGN
12203,36217,80,274,9779,12390,841,1434,23.04,366.5,22,20.1,2.98,21,43,388.1,149.59,2,405,BENIGN
19796,17663,370,260,14069,926,577,1497,236.49,78.26,36,98.49,32.09,11,4,183.71,411.03,685,73,BENIGN
39378,18156,390,468,13717,576,441,1363,1247.03,74.77,32,52.19,19.54,14,26,311.5,258.76,516,181,MALICIOUS
49460,14380,58,339,13082,3898,805,1004,1058.64,36.56,20,86.35,38.52,92,1,933.54,370.72,446,230,MALICIOUS
52997,12951,313,309,4239,9629,529,694,1126.3,157.7,20,62.98,16.72,52,0,245.27,191.47,407,231,MALICIOUS
35650,70871,59,417,3016,14237,1244,504,1364.99,202.07,25,63.52,22.53,8,2,559.84,251.94,128,25,BENIGN
44481,85011,273,237,2039,1292,11,1489,528.79,370.48,36,64.02,35.19,26,22,662.86,252.89,197,62,BENIGN
13996,19910,494,300,5177,14088,399,175,716.76,27.03,37,62.09,5.93,93,19,391.71,35.94,307,86,BENIGN
44580,43898,288,413,5809,13148,958,1467,883.35,266.97,29,37.9,31.2,10,39,777.67,345.35,421,112,BENIGN
39354,89006,79,307,9188,2512,477,1362,84.11,425.28,36,46.32,28.1,13,43,701.16,147.61,819,272,BENIGN
36577,19023,340,465,2996,13996,164,1109,1176.95,135.5,26,97.11,44.76,84,44,443.23,379.78,650,206,BENIGN
21137,22942,154,249,8403,10264,580,657,1364.54,289.33,34,10.93,32.41,44,29,906.96,389.74,68,272,MALICIOUS
55849,97659,236,136,11267,13155,675,361,587.24,112.68,35,60.02,24.06,91,3,222.03,105.49,862,471,BENIGN
15317,19455,113,365,13528,8047,641,912,1486.8,240.06,32,79.66,38.17,91,7,811.64,66.82,38,363,BENIGN
47914,2487,263,384,7111,8911,692,115,439.91,351.1,26,41.39,24.94,34,21,829.07,299.32,950,191,BENIGN
40090,21008,119,111,10939,9671,248,1465,299.71,385.97,30,9.63,47.78,17,28,117.93,40.81,21,287,BENIGN
4810,99510,68,433,4672,9518,673,977,225.16,303.73,24,1.63,48.44,34,30,466.03,98.3,355,314,BENIGN
16764,34484,195,189,14982,6762,1069,215,199.68,36.71,33,27.39,24.74,13,8,319.01,282.42,407,410,MALICIOUS
32852,69149,4,264,3882,12148,69,919,456.26,161.01,29,53.22,26.71,28,38,346.83,42.43,505,310,BENIGN
1371,87324,387,63,1922,3788,1332,620,670.59,274.3,33,9.01,17.27,61,20,452.88,123.14,906,178,BENIGN
7683,95588,68,234,12677,12373,984,591,1376.31,135.79,38,96.93,42.44,66,40,296.28,100.0,696,481,MALICIOUS
23343,70816,126,322,9669,12278,355,1303,1049.56,222.53,36,18.68,20.33,4,19,1.91,190.87,382,125,BENIGN
56300,6669,417,359,10869,584,1223,1428,686.34,84.39,21,43.99,22.5,16,6,160.9,86.18,626,269,BENIGN
5032,84088,123,143,13381,5703,415,983,997.02,351.99,36,32.2,46.06,20,30,781.58,370.47,947,58,BENIGN
8307,12792,332,280,5904,2480,832,56,1168.97,32.61,38,85.51,33.13,58,34,93.76,85.25,438,42,BENIGN
43299,16726,335,237,1422,10374,1259,361,74.5,270.32,28,12.25,43.46,53,29,727.83,101.15,758,452,BENIGN
45401,75432,331,296,10596,6822,580,138,1118.17,137.68,28,80.01,42.06,76,22,136.31,172.0,311,93,BENIGN
4157,98305,155,357,9256,13565,1168,1279,445.79,142.66,29,60.48,15.48,33,19,421.88,213.51,622,395,BENIGN
46585,65408,497,211,438,9867,340,89,645.86,89.59,39,86.07,11.41,14,26,940.84,48.76,261,303,BENIGN
51873,64296,170,378,8898,12494,178,1483,667.37,111.65,31,5.63,14.96,32,16,169.57,38.09,688,81,BENIGN
34913,86619,345,77,13685,7154,851,1383,533.2,290.63,34,47.88,22.36,37,10,264.16,396.84,452,384,BENIGN
23163,77214,90,404,3813,13321,690,250,659.5,176.76,23,20.96,12.26,59,36,468.99,128.33,217,407,MALICIOUS
50891,96712,102,467,6363,7560,1347,26,113.32,454.91,25,36.43,24.38,5,14,25.52,119.63,241,494,MALICIOUS
28390,20891,101,447,1244,10497,219,380,1276.96,276.69,32,91.08,11.79,48,15,155.69,383.59,120,376,MALICIOUS
13707,70089,381,21,12124,9384,1323,1493,1373.63,84.43,28,52.19,0.18,7,34,34.4,459.45,814,378,BENIGN
49256,50241,54,126,6122,11426,206,911,1092.56,161.09,35,86.73,45.72,99,42,587.35,348.19,350,341,BENIGN
35882,4980,6,391,14127,3127,1381,686,1106.08,39.99,24,80.65,27.45,50,36,784.01,36.3,512,386,BENIGN
4656,24594,100,78,7511,2230,216,877,543.98,344.1,35,81.2,19.75,11,11,514.71,444.1,301,124,MALICIOUS
4406,99332,136,400,3212,1942,184,1482,93.67,458.12,28,71.13,15.55,56,29,37.67,463.52,285,186,BENIGN
16899,95860,389,217,11442,8693,187,1321,223.51,231.57,29,65.89,33.85,72,25,840.34,213.89,694,353,BENIGN
32452,7190,256,167,13262,9510,1097,382,1034.0,497.22,37,7.24,4.32,36,33,343.05,154.18,497,32,BENIGN
26541,44691,192,12,6580,9805,1382,95,741.18,454.51,38,73.44,22.59,16,43,607.87,28.0,788,482,BENIGN
25479,69420,21,136,7054,14884,1499,76,32.32,114.02,29,66.72,35.28,32,8,965.05,129.28,684,56,BENIGN
12230,32369,86,27,6220,14684,30,1345,873.41,344.24,21,75.9,23.18,10,36,147.54,176.3,287,349,BENIGN
53739,86311,214,101,2173,5640,48,897,304.59,150.03,20,42.31,11.95,83,19,822.25,428.0,153,87,BENIGN
16705,10036,347,222,2534,6356,544,111,79.73,307.6,32,48.78,22.37,0,9,828.74,398.21,482,495,MALICIOUS
33304,90974,349,6,3088,2501,1034,982,1081.12,338.81,34,99.9,12.07,98,31,363.93,293.58,951,362,BENIGN
47188,47440,470,143,13864,4222,161,16,396.89,108.81,20,44.2,40.43,51,16,445.93,304.71,100,143,BENIGN
26228,58851,454,448,1783,4316,143,1069,441.45,38.34,31,62.03,26.34,6,37,211.71,115.84,242,230,BENIGN
20854,79614,428,474,7453,10438,1056,140,659.05,107.22,31,83.44,18.39,9,39,317.17,105.48,54,352,BENIGN
64010,62937,426,41,3804,12253,1327,1374,541.91,36.6,29,5.26,29.84,0,24,404.97,412.22,113,246,BENIGN
25729,63071,387,319,435,3607,36,524,113.96,6.08,20,75.91,8.03,96,38,903.74,57.53,231,208,BENIGN
1687,68003,152,91,5583,7759,1143,869,706.07,90.35,35,58.9,17.9,40,17,362.52,396.87,264,146,MALICIOUS
42345,54559,54,204,11778,11670,533,1054,443.85,258.62,21,0.35,18.04,21,11,399.65,265.18,153,263,BENIGN
59164,62787,339,449,749,10078,1348,879,869.22,370.24,30,69.96,40.66,95,14,486.26,259.77,406,105,BENIGN
25861,97746,339,261,12085,12253,498,242,237.07,24.66,35,47.84,33.18,83,35,170.94,400.33,337,118,BENIGN
41962,99411,191,359,9754,12355,266,1330,907.4,307.18,21,12.8,36.46,92,4,943.73,108.64,822,244,MALICIOUS
8194,72602,368,125,4869,11983,514,212,464.68,68.91,23,6.24,7.71,26,14,125.65,57.98,546,46,BENIGN
49614,37048,208,153,8550,10311,274,63,1234.37,467.64,35,75.46,25.23,61,9,367.7,112.8,602,376,BENIGN
35750,42797,273,376,10489,14295,849,117,318.78,72.65,38,54.78,15.09,35,46,156.84,81.83,256,112,BENIGN
61705,92569,28,272,417,7580,1179,350,323.68,199.16,29,83.07,11.56,41,21,745.33,235.76,419,140,BENIGN
10990,28640,351,257,9441,5531,1018,124,1457.22,445.99,29,93.19,0.9,23,18,30.82,385.77,369,171,MALICIOUS
9861,3266,3,102,9472,10357,548,1207,938.33,394.14,30,93.78,29.85,35,7,560.77,477.15,385,7,BENIGN
1084,11999,192,399,2320,9875,1085,588,1201.32,2.4,23,80.82,46.02,31,26,534.05,326.07,632,442,BENIGN
21862,54331,70,238,9278,4930,807,1036,1361.83,124.93,33,62.41,30.19,10,48,87.31,459.84,446,291,BENIGN
45985,11633,78,213,2781,10794,1054,800,748.35,268.0,20,79.39,33.08,36,26,653.19,128.18,388,476,MALICIOUS
4598,4118,397,323,7583,11375,695,164,1082.92,485.24,25,33.59,21.12,2,5,482.39,273.59,486,305,BENIGN
47798,65395,458,407,3554,12864,940,812,536.72,381.4,39,95.16,37.06,89,44,874.08,42.03,320,498,BENIGN
46466,36223,335,218,10414,5849,640,1236,159.5,429.47,35,54.57,21.12,33,46,522.22,275.02,407,479,BENIGN
40179,22446,44,445,5689,13565,377,1345,1049.04,326.41,31,31.82,14.01,56,38,177.28,271.2,849,324,BENIGN
45115,59802,450,259,4821,9643,152,1441,26.91,382.15,29,83.88,19.89,18,41,601.34,290.5,535,346,BENIGN
44643,18049,212,106,1609,5495,721,677,469.62,336.95,27,47.72,8.61,17,39,272.69,372.49,203,143,BENIGN
2876,8289,223,346,14243,4278,830,140,1226.96,237.83,31,50.84,33.95,63,3,501.01,99.48,421,421,BENIGN
1535,85197,139,224,2794,5539,1154,150,893.9,498.52,23,85.91,0.78,65,14,210.94,46.51,462,72,MALICIOUS
65471,51358,427,58,13452,5966,1000,568,359.77,417.0,32,40.42,49.51,42,4,52.84,216.33,291,265,BENIGN
40616,82945,98,4,14448,10758,170,1107,1492.02,301.17,33,41.13,9.48,60,40,876.48,415.88,989,401,BENIGN
4826,14455,493,88,13955,14943,909,966,1020.65,251.91,34,12.62,20.16,21,18,664.24,443.08,758,471,BENIGN
46082,2184,425,368,13304,6121,75,403,604.73,465.28,26,68.07,5.23,27,27,791.25,176.43,334,445,BENIGN
54209,59871,427,412,12147,2309,771,485,164.78,402.03,22,46.91,12.1,43,35,111.24,180.7,972,387,MALICIOUS
60691,16264,369,96,3107,6883,477,1303,201.73,164.99,24,66.96,22.82,35,15,925.71,61.96,427,356,MALICIOUS
11878,86123,50,178,1323,1405,758,1331,894.54,0.03,32,39.14,8.7,98,45,557.79,107.81,669,404,BENIGN
20290,17105,327,18,2919,7670,121,890,638.11,170.91,36,81.34,15.18,25,17,666.75,222.88,512,97,MALICIOUS
33499,2663,461,329,11178,6294,595,1009,415.54,133.42,26,53.72,29.44,56,41,329.51,133.07,214,35,BENIGN
46535,46392,333,331,1596,774,170,439,301.36,410.34,35,62.02,2.39,55,18,295.28,423.53,282,19,BENIGN
5242,78868,253,458,5325,11705,605,1199,1189.35,85.46,27,93.45,49.7,75,46,69.24,435.81,396,230,BENIGN
3356,12982,480,446,13794,5631,852,1480,414.96,345.56,39,37.15,14.0,43,24,712.15,176.35,187,267,BENIGN
50968,10434,36,118,13020,2403,252,189,1024.96,187.81,21,69.47,36.98,78,25,505.75,398.61,452,399,BENIGN
54378,69754,47,241,7683,12595,896,785,190.63,82.26,30,68.3,34.81,49,11,416.99,261.47,68,22,BENIGN
16000,79073,43,214,7581,960,19,726,648.97,251.26,34,83.03,42.85,8,37,786.2,392.63,564,222,BENIGN
23681,21569,215,129,11171,13731,168,324,542.29,156.78,25,91.8,17.23,59,3,729.34,466.1,286,361,BENIGN
33463,8813,357,437,14263,5548,1293,246,1131.36,477.36,34,96.56,8.27,90,19,625.49,484.32,961,315,BENIGN
47259,39812,173,275,3319,5911,469,1033,76.0,327.59,38,1.07,44.24,17,21,503.27,174.92,999,175,BENIGN
35199,21440,285,399,1908,7733,335,1149,538.83,423.02,38,71.04,11.28,60,31,633.79,202.65,248,470,BENIGN
10462,26968,305,459,6868,3206,227,1490,642.36,7.45,28,66.41,0.46,5,33,111.95,322.17,725,171,BENIGN
47783,79511,22,478,830,3065,1080,1158,927.0,481.99,27,25.79,36.05,59,40,801.31,390.98,8,349,BENIGN
16344,80360,130,208,291,4719,1005,775,44.08,287.3,26,18.08,4.27,91,17,225.57,424.45,403,363,BENIGN
56840,99825,130,374,7318,8361,738,396,119.66,100.32,36,46.58,30.94,77,36,26.81,189.8,387,6,BENIGN
49011,32786,319,477,8491,3742,712,906,914.67,375.91,25,30.9,47.86,27,4,204.9,81.55,29,290,BENIGN
46749,45615,183,133,9799,5412,1326,92,1109.09,216.18,32,44.0,22.31,30,38,938.52,55.14,188,160,BENIGN
41012,59301,374,41,6536,4795,816,282,218.79,184.75,32,51.64,33.87,48,36,115.43,91.49,952,243,BENIGN
64715,7007,249,427,5197,12677,1198,318,1481.43,90.32,23,96.91,16.79,65,26,48.97,372.87,566,182,BENIGN
13468,67191,492,213,12017,109,401,1370,1393.54,235.74,23,71.28,36.96,1,15,530.65,419.02,880,76,BENIGN
10164,37065,185,244,9808,6228,984,1199,177.11,430.41,24,18.16,49.92,68,41,493.56,343.3,399,44,BENIGN
5488,82402,45,229,6064,8955,1120,995,167.45,156.92,33,98.9,49.15,44,24,114.73,384.69,319,379,MALICIOUS
35183,33940,200,260,6292,11521,1401,1058,77.07,58.27,21,48.72,48.92,66,7,599.69,202.42,875,214,BENIGN
10945,65183,190,190,13334,10009,182,13,855.34,282.93,23,85.03,18.51,16,31,754.84,290.42,829,238,MALICIOUS
56955,38468,172,341,11020,8909,568,358,4.53,300.96,38,97.75,29.36,54,36,116.79,185.5,949,44,MALICIOUS
26487,96430,240,280,4222,2508,1441,1177,781.27,284.3,25,40.36,34.2,53,0,829.9,354.02,483,437,BENIGN
21096,65582,44,331,14638,1548,141,741,584.16,472.79,25,4.01,16.41,30,17,179.38,130.38,251,25,BENIGN
4422,7921,439,473,9176,18,1159,607,1280.57,421.75,27,83.49,22.55,94,21,348.37,428.74,242,260,BENIGN
53784,3954,291,105,3191,3139,593,392,177.93,122.69,33,88.2,44.9,52,44,377.71,481.35,551,319,BENIGN
12900,45277,354,403,13581,9142,456,284,1407.72,156.29,29,15.29,1.33,84,8,448.68,163.3,375,442,MALICIOUS
18081,56490,433,90,9256,6500,1416,1015,907.78,438.94,23,24.63,18.74,12,11,749.64,476.68,670,459,BENIGN
21714,76628,202,200,13110,8612,102,868,967.65,35.86,39,0.5,1.33,14,0,940.44,454.87,158,147,BENIGN
20750,27543,139,148,5829,6611,1082,747,46.58,136.0,39,81.64,48.25,54,14,689.32,300.38,423,492,BENIGN
58920,97711,464,12,14245,9420,207,612,1131.48,162.57,35,43.79,19.0,19,16,424.75,326.37,117,422,MALICIOUS
4690,70077,54,30,2169,8386,32,234,384.34,9.29,33,0.7,22.99,52,32,50.42,63.93,635,429,MALICIOUS
30123,205,6,476,12967,3303,1277,1194,141.27,32.02,27,9.1,33.72,1,5,853.89,383.48,108,373,MALICIOUS
13751,92996,359,339,11754,1409,503,232,0.62,432.38,31,7.72,44.36,41,22,336.45,317.97,875,462,BENIGN
26463,91977,420,305,8151,12283,546,1141,995.78,202.06,20,7.93,41.12,20,8,940.2,354.59,305,367,BENIGN
11289,45172,333,412,12341,12269,1008,1175,232.92,236.93,27,21.58,49.73,62,0,815.96,286.78,710,468,BENIGN
31119,90586,365,45,10330,12627,80,1139,1480.08,56.96,36,7.56,11.48,80,13,522.07,286.47,499,351,BENIGN
56886,31774,362,58,1515,12294,1039,135,1197.99,36.45,23,15.42,38.57,78,34,700.69,492.05,961,456,BENIGN
10559,63526,312,148,7215,12930,1296,359,532.09,158.76,36,91.34,2.14,56,13,682.48,285.62,824,223,BENIGN
44398,54007,306,90,5982,12361,501,417,932.31,303.72,38,20.55,0.57,27,31,181.92,40.88,382,454,BENIGN
21607,35694,321,464,641,7025,667,210,686.18,79.67,26,47.69,21.26,51,4,881.43,162.46,456,76,MALICIOUS
6681,31829,494,186,3076,10760,628,532,354.44,369.52,25,34.12,44.72,17,48,120.29,153.99,886,349,BENIGN
26362,44208,486,366,9093,4190,1099,1449,198.12,355.33,34,81.94,49.9,42,22,576.18,421.59,928,357,BENIGN
21140,38089,101,18,5067,14968,1284,371,808.36,345.34,25,69.7,17.8,82,5,915.99,393.67,196,314,BENIGN
20625,63290,295,421,12253,6646,1102,182,712.59,226.77,21,54.41,23.83,59,45,847.58,112.56,97,60,BENIGN
35381,67275,17,88,7347,6267,1487,997,1088.95,168.23,32,13.91,39.08,82,16,649.73,32.89,197,424,BENIGN
50794,88260,296,187,1385,1431,1136,1479,1196.24,147.71,36,40.46,7.64,89,16,81.36,170.44,198,292,BENIGN
30777,67046,260,453,5542,14996,1046,663,1238.96,146.22,27,62.33,48.36,59,36,551.07,493.72,250,374,BENIGN
31000,8768,163,316,1103,12487,1003,649,927.57,248.49,30,90.58,4.56,16,21,113.05,101.95,154,95,BENIGN
58237,61106,51,275,11671,6379,1392,901,740.34,244.04,39,22.98,27.31,96,8,133.83,441.28,232,219,BENIGN
39607,66697,299,114,1867,2768,25,912,576.55,34.54,33,23.52,20.91,77,17,666.62,64.24,413,494,BENIGN
32501,84663,221,416,3767,12453,1025,100,1091.89,202.11,34,29.37,39.42,6,41,865.98,280.89,723,290,BENIGN
25000,21883,488,377,3594,273,263,675,355.69,81.26,20,74.67,39.38,84,35,616.67,80.07,501,88,BENIGN
8219,60129,321,283,4532,8453,1024,445,726.13,332.34,36,74.46,5.21,88,18,555.56,77.94,733,158,BENIGN
62805,32932,458,30,14161,11136,5,313,1133.16,431.69,38,21.72,13.8,56,29,687.36,373.98,985,228,BENIGN
1319,71989,469,22,11456,1653,1357,144,254.4,210.53,25,89.64,7.71,84,47,178.54,181.16,18,114,BENIGN
12353,90117,458,145,10464,3163,267,680,1418.1,61.64,29,79.39,24.19,46,43,61.02,99.16,455,292,MALICIOUS
45874,49192,94,160,11537,2403,1484,1173,1476.58,292.25,34,80.48,24.79,0,48,629.99,348.05,446,340,BENIGN
59217,2728,297,340,11303,5280,400,1485,1060.65,455.94,25,97.78,34.83,46,21,551.94,46.83,85,139,BENIGN
30742,72598,352,470,9065,11849,62,1210,976.36,28.54,32,48.68,21.78,32,36,315.24,492.41,7,26,BENIGN
54077,60366,37,65,12122,2054,1352,1227,1258.43,326.03,26,82.24,20.23,51,5,761.54,191.2,71,47,BENIGN
33363,72522,213,298,3869,12587,737,78,1020.11,299.37,30,96.81,40.36,34,15,395.03,214.99,340,377,BENIGN
34268,5888,287,79,11333,14712,972,261,948.72,435.64,33,4.43,1.7,50,6,366.28,90.64,420,125,BENIGN
28798,70858,409,249,5008,5692,777,20,291.87,442.2,37,12.35,48.77,6,36,965.88,438.66,241,90,BENIGN
1588,99866,354,161,9788,14896,1109,692,431.28,336.68,35,29.93,4.76,6,49,289.97,496.39,314,467,BENIGN
11316,56764,470,138,9064,13500,688,810,9.05,147.88,26,36.2,9.16,63,15,37.43,283.33,693,225,BENIGN
45117,47919,54,41,12998,7557,1189,1233,761.25,428.96,25,94.46,37.21,13,15,882.95,359.28,280,255,BENIGN
11102,84443,439,429,3236,5669,1319,1319,676.95,388.06,26,93.5,44.59,76,17,582.24,279.18,794,214,BENIGN
4601,92567,400,212,8138,847,94,212,1239.74,155.64,24,97.14,8.63,38,44,938.66,498.05,422,58,MALICIOUS
35332,39985,153,158,13213,7877,709,764,53.24,126.6,34,17.08,7.49,7,26,294.23,87.73,271,489,BENIGN
59111,71340,423,157,2331,2194,1499,371,1465.34,284.97,35,50.4,4.0,26,1,543.52,18.91,942,486,MALICIOUS
42388,88174,308,75,14872,4592,934,782,374.36,372.96,22,5.84,34.12,12,15,630.66,428.79,408,196,BENIGN
15882,96575,356,182,13351,2677,40,305,137.33,489.09,37,1.35,37.16,29,16,341.48,119.79,309,132,BENIGN
1152,11103,304,173,1543,2977,655,738,636.33,373.24,23,81.23,38.39,86,43,971.38,499.72,45,54,BENIGN
26665,84783,483,42,3744,13782,1046,27,785.08,76.96,32,48.43,0.06,84,43,387.81,439.71,141,80,BENIGN
19140,83522,131,391,3425,9082,1404,1014,525.43,360.13,25,90.3,18.12,15,11,826.46,368.28,262,61,BENIGN
41516,9186,461,450,13522,13853,92,952,511.64,87.04,37,18.44,34.09,24,15,398.68,37.4,460,163,BENIGN
52311,60028,261,454,12918,750,963,450,1124.94,253.21,30,18.02,20.06,25,2,229.53,312.58,293,480,MALICIOUS
21948,60956,16,488,10856,123,626,247,1429.39,225.5,28,63.48,18.11,63,37,784.29,380.85,554,164,MALICIOUS
9356,44190,77,187,8687,5555,613,862,1199.94,415.12,38,94.73,24.33,0,49,141.8,382.33,926,291,BENIGN
13409,37642,232,95,1711,12198,1165,1349,175.5,282.69,39,34.68,43.65,42,0,423.2,128.06,882,465,BENIGN
43094,66275,76,54,7271,9887,1198,87,936.23,194.18,30,21.16,3.5,26,18,580.09,307.9,440,429,BENIGN
28165,38025,179,466,2146,3418,48,1297,1252.04,361.9,38,87.85,10.33,19,29,193.01,256.75,311,488,BENIGN
5700,11084,162,392,11451,8569,422,1253,665.58,238.26,23,94.24,39.42,99,34,793.33,442.13,144,274,BENIGN
63508,57089,13,104,6348,10430,120,584,58.27,65.54,33,40.91,27.87,6,20,713.06,232.17,610,328,BENIGN
28346,71569,344,478,2290,11850,997,547,1444.65,155.31,25,0.75,26.86,63,31,771.23,464.79,723,10,BENIGN
11630,4728,248,355,13434,5180,1230,709,170.23,351.66,24,30.36,13.24,58,37,498.08,28.8,544,155,BENIGN
58134,78783,24,495,6563,14922,106,149,396.66,183.31,21,71.05,18.65,76,25,85.52,151.19,360,92,BENIGN
62336,57164,243,343,6018,10107,1320,1304,519.02,344.56,39,64.13,48.88,84,15,953.77,452.49,205,430,MALICIOUS
16080,38842,231,150,7656,4250,820,957,1261.16,128.56,28,97.17,11.35,99,27,901.17,121.93,914,265,BENIGN
45032,49186,313,73,12639,5008,876,684,1105.59,18.51,28,8.46,44.53,44,49,293.35,40.58,105,465,BENIGN
9556,90911,303,350,14604,1274,227,582,643.63,196.33,35,50.63,25.52,76,9,117.17,361.86,553,484,MALICIOUS
41114,45557,372,96,8728,10661,124,501,708.38,270.06,25,26.25,48.9,70,47,970.99,260.7,866,37,BENIGN
32248,96439,46,110,6521,5789,362,493,777.92,109.18,21,82.56,29.88,30,46,562.34,382.55,290,413,BENIGN
61984,13670,309,356,10360,6468,440,1464,533.05,31.63,32,28.07,31.53,78,9,142.09,441.31,438,239,BENIGN
61121,32638,430,310,14933,4758,786,514,995.33,422.87,32,71.15,40.89,31,12,950.97,340.14,973,330,BENIGN
20374,76692,273,437,9559,12019,1439,643,1115.86,372.75,30,41.61,43.04,33,45,821.28,84.54,538,188,BENIGN
32506,31844,35,188,762,3564,885,165,847.21,16.15,26,42.4,18.75,22,6,900.66,126.21,669,204,BENIGN
47446,72266,33,308,4747,9376,1005,1254,1392.23,44.16,31,42.28,8.04,96,41,825.83,213.32,563,275,BENIGN
47652,38775,407,225,12537,6670,1291,701,1480.5,280.52,27,70.48,9.9,93,22,553.69,456.4,670,162,BENIGN
16102,82134,493,436,8176,3859,642,604,448.75,202.65,37,93.84,41.49,93,7,55.8,180.83,865,387,MALICIOUS
16535,64107,84,439,6733,5830,788,883,1157.16,272.08,31,92.62,14.34,68,16,946.79,22.71,687,344,BENIGN
23295,36311,179,305,11548,2672,328,1222,387.51,281.91,27,53.79,20.57,43,8,329.42,306.52,631,293,BENIGN
38664,37637,77,163,1879,5522,1250,1478,709.03,182.73,37,27.0,37.4,97,3,636.3,319.45,297,480,BENIGN
13425,21245,162,436,8033,10077,1228,266,280.89,78.13,38,83.4,5.62,36,15,189.12,124.73,902,356,BENIGN
36391,28824,100,372,2665,5623,372,1157,1192.5,445.93,22,51.19,40.11,29,16,762.26,64.63,697,414,BENIGN
6673,83523,207,120,12367,14371,253,1333,997.9,17.11,23,37.71,43.84,54,35,345.76,297.64,537,360,BENIGN
61254,81134,165,487,7411,3946,1037,1215,1497.19,348.24,21,33.31,4.53,65,13,492.08,69.39,718,447,BENIGN
17363,20276,395,194,7067,1034,1033,17,235.85,36.6,28,85.36,10.76,5,21,854.73,482.66,395,367,MALICIOUS
25417,80885,189,296,1602,9145,239,481,273.08,45.21,35,39.55,25.63,36,13,580.0,318.07,974,9,MALICIOUS
1819,55022,224,104,1823,7142,929,790,757.8,216.31,38,17.31,38.71,43,22,170.42,284.22,448,238,BENIGN
33174,94830,187,424,8260,9827,1389,85,419.88,96.57,34,63.52,28.03,93,29,888.49,277.65,422,121,BENIGN
64593,56074,282,362,8956,13189,876,797,326.18,452.13,30,63.77,20.08,13,32,447.16,486.22,115,210,BENIGN
25121,50124,275,49,11919,4172,932,1293,1087.35,123.83,38,99.0,29.3,40,32,253.35,461.64,227,141,BENIGN
12519,18116,320,226,4957,6971,1258,205,1473.18,319.66,32,6.79,3.99,26,25,616.39,95.81,630,261,BENIGN
11711,71887,189,146,3388,3764,20,699,831.75,175.74,32,77.85,39.01,66,5,749.7,302.47,167,482,BENIGN
53141,49091,472,453,7612,6449,514,1451,1150.6,86.57,37,58.88,36.74,54,48,220.88,248.57,11,333,BENIGN
14865,66225,366,118,1810,1712,9,938,176.83,351.76,38,97.48,21.01,77,36,41.66,450.0,667,1,BENIGN
1538,26793,340,196,9199,13311,936,606,1131.82,295.73,25,18.05,15.62,79,39,915.24,323.44,951,83,BENIGN
16764,33062,70,345,10998,10555,1152,306,1054.01,469.84,33,47.57,37.58,94,33,584.13,272.66,376,165,BENIGN
62136,5939,86,388,8769,3397,229,1372,818.9,317.93,37,11.03,17.54,65,0,574.3,117.37,956,317,BENIGN
50284,77335,334,416,12494,3413,1239,1114,26.73,133.69,23,12.29,43.53,79,0,306.91,151.84,954,46,BENIGN
24103,93727,497,189,1727,1954,170,1425,835.27,243.43,25,31.23,11.74,96,17,429.64,301.26,897,92,MALICIOUS
41367,8064,343,409,11125,9917,1064,245,1261.27,340.68,37,59.55,41.78,8,40,925.35,8.19,641,312,BENIGN
10982,48030,214,379,7244,9161,179,478,397.25,413.45,25,35.59,39.93,35,4,141.95,426.88,642,397,BENIGN
38353,39131,27,51,3790,11615,474,1297,1070.67,269.7,36,26.57,22.29,95,4,189.89,343.1,355,279,BENIGN
5369,18634,16,369,2666,3790,1298,584,1039.57,194.63,28,9.38,22.93,42,48,148.68,132.29,838,179,BENIGN
58085,72815,380,12,5986,4804,1196,430,771.04,12.46,24,67.05,8.09,73,14,572.73,356.94,604,169,BENIGN
8577,80875,30,340,2446,7348,1215,984,1392.71,262.67,24,55.35,13.11,98,40,621.23,459.29,111,90,BENIGN
1495,58421,341,377,11656,10227,885,1489,697.65,497.5,25,57.17,14.81,53,42,453.52,395.07,927,443,MALICIOUS
29041,18057,264,202,8037,13894,840,423,767.72,49.5,23,25.39,25.83,91,29,607.15,363.51,215,250,BENIGN
9461,1885,183,290,9715,9907,406,1302,684.55,23.12,24,33.36,26.49,77,20,472.18,230.27,313,256,BENIGN
17828,47830,464,212,9760,11850,547,150,750.82,416.88,21,51.14,29.5,76,39,245.71,159.46,893,154,BENIGN
35392,51757,386,413,4582,14584,491,1188,201.18,482.2,20,72.49,32.15,75,25,539.58,263.07,817,402,BENIGN
33509,3120,387,331,4959,2151,644,1193,871.5,431.71,39,56.19,31.49,88,17,285.18,341.14,438,396,BENIGN
59205,88971,270,199,14055,3776,60,716,1422.13,278.63,24,3.77,29.6,65,1,430.37,250.34,897,83,BENIGN
30121,16620,187,213,9144,12832,630,716,604.89,279.88,37,97.44,43.74,61,34,960.3,41.8,643,166,BENIGN
23541,54811,93,133,7209,6638,1398,162,32.72,267.4,23,66.52,49.58,99,32,415.12,292.63,439,299,BENIGN
20029,41757,237,468,6294,6977,397,203,696.82,477.9,34,42.03,26.41,27,6,395.67,249.7,444,447,BENIGN
27088,71800,4,201,379,3507,69,664,886.83,171.81,34,98.32,19.97,64,25,37.99,80.68,426,341,BENIGN
8761,70242,124,422,1629,12199,1089,506,1246.21,227.4,32,83.79,2.8,19,15,39.42,120.78,569,232,BENIGN
1054,97677,128,1,11737,10912,1245,982,532.88,196.76,36,46.03,2.06,62,33,153.86,231.52,901,64,BENIGN
50621,16062,424,367,2539,3212,832,1455,770.46,256.77,35,17.38,45.09,47,24,52.89,376.39,701,359,BENIGN
12238,99258,248,356,2692,158,1305,993,1291.92,406.55,27,27.9,6.92,88,23,902.95,215.36,297,362,BENIGN
1217,21606,495,138,13284,2312,1201,737,122.95,144.29,34,14.07,2.05,1,12,331.45,21.9,821,180,MALICIOUS
26723,8503,188,132,10837,13268,31,780,769.81,276.7,37,33.97,21.41,49,6,503.75,298.8,395,357,BENIGN
45494,23581,45,459,10631,2936,6,516,923.28,215.95,33,61.08,43.05,18,24,466.89,215.91,144,496,BENIGN
4374,1539,296,193,13768,3831,138,1042,1207.61,74.11,37,62.49,48.35,71,18,259.7,176.33,895,190,BENIGN
60027,18798,497,389,5015,8101,436,1011,1059.08,477.87,24,46.57,14.44,3,16,710.26,494.75,817,200,BENIGN
39322,65584,225,122,11593,11092,1276,203,1225.16,278.91,38,76.85,15.54,99,22,592.77,290.3,320,450,BENIGN
44193,87453,39,190,8830,4745,979,142,1333.76,107.95,21,38.1,20.71,30,32,31.06,360.76,14,371,BENIGN
26791,86814,207,355,9018,10609,523,887,85.02,94.25,23,66.68,39.85,4,25,108.97,440.51,552,217,BENIGN
51623,6555,393,490,12,6488,991,723,1284.13,3.06,25,52.83,10.76,20,8,565.68,40.25,297,487,BENIGN
10695,57898,193,133,5216,1080,636,465,2.46,59.43,35,9.68,29.89,73,23,93.77,280.2,961,73,MALICIOUS
54813,34654,449,326,8987,180,90,432,100.7,387.58,33,83.04,0.93,13,49,347.57,487.18,440,129,BENIGN
33920,96742,251,274,737,14544,934,211,867.73,283.06,25,84.14,2.44,95,25,752.98,82.14,289,44,BENIGN
48448,1921,477,190,4293,9060,779,265,577.72,57.06,29,44.44,26.52,78,19,144.67,75.82,768,298,BENIGN
16489,57690,203,26,11180,2045,674,215,921.17,428.67,38,82.85,11.47,58,22,36.18,101.87,555,9,BENIGN
40563,49652,133,34,14856,179,413,486,320.91,334.63,36,95.86,13.22,68,49,818.61,7.16,856,488,BENIGN
26575,88701,300,171,2382,7395,287,622,793.65,283.48,27,76.56,7.02,99,37,110.73,97.84,461,231,BENIGN
56516,25163,190,84,8394,8713,524,416,207.0,136.09,39,78.13,17.4,3,39,470.78,293.14,524,196,BENIGN
17347,96024,413,296,9049,9152,455,733,1283.65,405.97,30,88.17,2.16,81,4,195.06,282.85,150,492,BENIGN
58437,39983,175,98,6034,323,1114,138,1167.08,155.27,33,62.07,1.4,85,32,731.79,264.08,821,62,BENIGN
39143,12813,64,31,2180,2520,10,208,1213.63,498.57,39,84.52,11.34,52,5,895.95,283.04,569,176,MALICIOUS
24351,14132,476,352,7291,956,921,585,126.33,343.62,29,73.97,20.83,68,32,645.91,303.26,814,320,BENIGN
57747,97472,84,19,1555,14338,388,1049,336.7,233.85,37,98.51,0.65,67,49,474.8,133.9,173,301,BENIGN
36456,37581,315,217,14552,11158,1069,627,10.1,38.44,39,75.51,23.6,41,41,304.27,72.83,820,358,BENIGN
54327,45743,173,204,7658,6122,695,914,711.5,276.38,36,31.54,42.39,25,49,510.13,338.42,295,353,BENIGN
9737,10043,17,1,5311,7126,1243,190,246.39,363.27,38,75.76,48.11,41,31,942.1,388.47,267,4,BENIGN
62670,26948,360,105,10959,14572,158,1390,611.16,144.12,38,19.15,42.25,64,30,783.09,39.73,64,380,BENIGN
29519,83826,175,426,7702,3718,144,213,492.9,272.11,32,12.0,12.82,35,2,749.58,13.54,542,224,MALICIOUS
63625,88754,338,148,10031,1705,394,326,490.06,123.0,22,1.93,29.71,78,20,274.41,135.72,329,332,BENIGN
40033,16910,66,345,12487,13158,626,1009,445.08,131.69,23,51.1,45.09,48,35,993.47,180.89,227,78,MALICIOUS
36513,45282,89,92,3830,2714,1427,411,1008.17,139.99,35,47.58,42.27,79,22,719.46,95.74,321,26,BENIGN
22929,50142,186,368,5155,1531,631,1151,1009.97,254.74,37,93.39,44.15,27,3,703.38,275.1,821,345,BENIGN
48321,17516,313,351,8128,13579,1404,1280,218.51,179.84,33,99.68,19.6,15,42,574.78,88.76,133,432,BENIGN
33877,35395,370,127,4370,14193,1461,377,700.73,134.94,21,28.94,45.55,29,32,39.33,27.26,714,123,BENIGN
37277,25624,254,100,2118,2717,87,6,629.99,271.74,37,28.21,2.03,57,20,490.08,455.55,44,427,MALICIOUS
43547,62855,128,225,12240,2688,621,1230,740.6,392.82,38,71.18,12.43,71,29,79.89,286.03,864,185,BENIGN
65241,82771,66,263,1611,13157,391,1422,1107.34,95.92,29,54.43,27.18,92,4,729.66,156.24,284,422,BENIGN
35959,2982,421,129,681,11739,339,187,1176.36,67.51,38,91.6,46.0,81,26,601.77,451.8,681,84,BENIGN
63689,24134,23,405,8162,3300,538,1107,1493.71,35.15,22,33.52,43.29,1,30,230.52,129.96,361,203,BENIGN
36605,42300,142,305,5094,13694,93,383,1039.88,226.47,22,85.78,20.03,48,16,310.16,17.5,572,62,BENIGN
31096,58601,418,28,2046,13114,1417,233,300.96,98.0,26,32.49,39.3,35,19,205.76,168.2,293,438,MALICIOUS
44051,37220,226,164,6551,13512,928,395,1067.81,197.3,26,2.38,45.31,1,11,468.17,449.61,154,183,BENIGN
10404,25346,193,111,9495,1849,340,995,183.13,35.07,34,85.49,46.86,0,32,889.41,244.03,639,153,BENIGN
56366,5450,357,33,8413,650,162,419,269.41,179.13,24,3.13,46.93,74,5,329.55,487.96,232,417,BENIGN
45874,37853,415,358,5097,8859,193,604,848.23,43.55,38,9.28,44.4,29,4,344.61,413.73,780,492,BENIGN
58407,28513,222,14,3689,10943,86,316,304.19,182.14,33,15.6,29.09,71,14,975.95,349.94,428,368,BENIGN
10534,76631,120,378,2114,8904,224,855,561.56,170.33,32,97.93,42.88,42,23,668.69,343.97,376,133,BENIGN
49374,79708,114,283,5752,14009,15,1272,521.85,365.06,34,87.33,48.37,65,23,911.14,378.73,522,91,BENIGN
9174,48287,268,335,6968,8330,742,1414,281.67,99.97,26,11.08,40.98,38,48,401.2,156.53,119,302,BENIGN
8357,58056,42,6,3858,10860,865,197,205.78,385.31,39,80.72,43.31,44,18,74.86,16.45,788,47,BENIGN
35841,44480,254,48,13911,11354,199,367,139.37,219.03,27,35.07,4.63,61,17,764.11,42.9,926,449,BENIGN
12272,92849,266,313,606,1954,609,83,491.35,221.42,28,92.83,34.57,14,12,293.76,101.15,651,402,BENIGN
49752,51607,218,398,2785,11800,681,836,1233.99,415.89,22,79.51,31.73,5,42,168.81,329.28,826,376,BENIGN
14631,59596,288,352,8875,6874,826,1454,98.49,300.81,33,6.83,9.85,72,13,545.51,18.73,62,83,BENIGN
47649,56184,430,171,8031,1292,131,646,1077.57,29.36,28,11.3,23.03,62,22,620.22,370.61,501,10,BENIGN
61874,75239,246,173,2847,298,1326,91,491.65,338.33,39,73.74,14.45,41,18,107.86,69.92,883,243,MALICIOUS
53242,46046,377,239,3190,13454,1450,837,347.59,161.03,35,87.62,16.79,23,15,886.77,352.92,750,217,BENIGN
55825,86910,220,199,3857,4702,207,380,1065.9,344.97,32,61.49,24.01,60,34,805.24,292.7,864,233,BENIGN
29904,36535,233,92,10745,6261,847,140,1256.81,488.86,34,71.82,23.3,85,33,589.78,101.12,87,202,MALICIOUS
26328,97601,324,475,9649,6114,476,529,145.38,315.47,22,91.41,43.28,76,34,341.21,449.29,808,420,MALICIOUS
7367,96175,379,130,11199,14320,1398,915,1231.18,245.41,23,16.78,49.59,47,25,243.19,127.07,88,244,BENIGN
48627,1553,204,329,3664,10966,94,1074,1357.11,152.12,27,87.18,45.39,3,22,628.7,255.62,404,97,BENIGN
7329,65784,361,162,7093,13415,877,535,1346.84,215.38,29,27.01,33.95,51,48,674.18,186.41,761,474,MALICIOUS
30219,59721,441,53,966,5512,1008,76,1063.62,489.3,27,11.52,25.17,71,49,727.01,450.23,120,336,BENIGN
51958,90917,99,373,7110,4585,325,60,1370.28,42.02,39,35.6,23.43,57,11,356.06,360.0,297,222,BENIGN
7982,35711,70,27,9899,14054,422,841,302.69,173.67,20,1.45,29.75,64,19,819.87,124.16,170,446,BENIGN
42161,41078,170,345,3146,10989,1451,1158,160.42,162.72,22,72.65,13.38,55,49,320.64,412.34,663,147,BENIGN
2440,18049,419,97,14184,10651,1339,587,1133.31,135.5,32,57.46,29.2,62,5,502.73,170.4,84,70,MALICIOUS
10956,25949,395,461,2689,4986,1029,1054,1005.27,388.33,25,66.2,44.59,89,37,759.51,210.31,514,203,BENIGN
9941,6621,371,452,4732,14278,348,372,756.53,417.32,23,90.72,45.76,14,36,589.3,110.23,804,493,BENIGN
18517,49076,398,78,14159,3477,444,331,763.52,100.25,36,44.52,32.48,59,46,750.69,182.14,555,174,BENIGN
42044,53028,234,485,9907,3363,74,1081,1132.55,120.87,20,35.74,31.28,2,40,901.25,471.68,888,97,BENIGN
61614,2461,441,138,7997,13547,269,511,1033.51,438.42,34,19.92,34.68,47,23,851.13,293.48,161,27,MALICIOUS
57110,20546,236,257,9704,1811,247,560,553.25,353.22,26,23.17,15.51,7,6,717.48,494.1,69,168,BENIGN
22865,57730,265,428,10504,1361,1035,264,808.16,475.08,23,39.32,35.4,52,23,385.36,153.53,543,470,BENIGN
38362,55696,105,342,8301,2298,328,826,1058.42,260.91,34,22.47,26.1,21,9,591.66,401.72,539,254,BENIGN
54732,10142,399,91,114,9293,745,157,1156.91,188.39,30,20.97,39.04,10,16,112.07,360.42,330,197,BENIGN
29869,37718,408,102,14470,14494,637,1482,82.8,43.11,37,27.2,21.99,82,6,204.03,104.77,672,47,MALICIOUS
15618,76811,457,64,3612,14417,623,239,633.95,448.23,39,57.89,21.4,51,35,246.53,167.49,169,356,BENIGN
42776,82467,18,73,3378,12515,346,694,1492.11,143.08,26,96.74,36.36,4,2,342.26,212.59,611,379,MALICIOUS
26839,44401,385,96,10361,8544,1151,1300,653.31,238.59,39,89.92,20.01,28,1,583.71,232.97,704,248,BENIGN
51199,49086,384,373,12038,2334,734,158,720.69,308.62,25,93.61,23.58,74,46,269.63,134.25,651,201,BENIGN
30036,50288,178,243,4904,11066,1244,658,474.23,378.76,25,30.71,48.24,67,16,371.09,269.51,971,436,MALICIOUS
64912,76319,79,495,10841,14268,756,579,514.11,305.17,35,96.61,34.39,62,41,263.62,286.28,583,438,BENIGN
42646,47208,286,14,7803,12607,1088,493,873.69,429.49,32,55.89,32.37,59,21,564.7,326.96,185,331,BENIGN
27327,82384,211,464,9108,2937,1125,1372,8.73,479.43,22,32.08,42.51,82,1,296.71,224.79,611,294,BENIGN
54876,57612,203,350,14096,3710,609,653,1490.67,98.46,30,3.59,6.9,51,31,80.61,72.49,250,20,BENIGN
11542,68833,386,328,4917,795,427,821,1454.42,195.77,25,14.46,0.24,11,4,372.92,337.85,719,392,BENIGN
48779,36207,314,427,10932,6838,390,166,1067.61,4.6,30,46.06,2.65,0,6,436.28,414.78,602,201,BENIGN
35563,42431,324,58,7917,10795,876,75,995.07,114.92,20,93.16,5.91,64,49,601.64,16.77,665,319,BENIGN
34982,42296,410,367,9159,8845,1270,283,466.93,141.09,32,1.76,25.29,27,32,125.02,219.82,41,219,MALICIOUS
46168,25485,451,355,10801,3077,470,1401,65.31,340.73,38,48.48,18.66,57,2,634.41,47.29,711,11,MALICIOUS
19692,53248,486,243,8688,7035,867,545,1030.74,0.33,27,21.42,18.85,63,36,663.24,465.62,489,370,BENIGN
51249,46533,335,353,13611,1332,88,873,1042.28,67.21,33,68.39,31.35,86,24,997.54,159.53,642,56,BENIGN
25576,86728,296,230,1776,4376,1209,71,902.58,66.44,22,19.71,45.21,65,16,676.79,117.58,545,104,BENIGN
32964,98516,156,353,11485,2661,404,296,83.96,36.69,37,24.96,40.95,88,25,985.83,448.93,429,337,BENIGN
53775,83293,367,285,10938,9410,431,668,394.32,311.72,37,80.84,30.12,20,21,130.17,113.15,740,397,BENIGN
53035,9627,180,128,5869,10707,811,827,842.74,139.24,22,39.73,34.5,36,32,958.61,106.49,343,342,BENIGN
20824,27622,14,145,3881,4768,36,1037,713.86,234.1,28,27.36,33.83,39,41,541.03,298.77,650,49,BENIGN
22645,45732,499,91,13198,106,298,685,553.23,100.46,22,36.22,37.0,97,39,799.25,87.67,662,455,BENIGN
47540,7311,206,427,5977,7481,426,1447,125.97,352.87,36,12.91,4.79,18,16,417.64,420.3,231,88,BENIGN
45874,27065,315,15,4333,8564,1385,1373,1486.12,271.58,37,44.3,45.38,84,43,620.85,178.64,51,225,BENIGN
23890,68265,116,89,3150,3622,1,1276,135.49,342.49,38,92.09,8.57,93,8,877.79,188.5,837,444,BENIGN
60414,56843,160,450,2302,2893,1147,293,267.19,96.51,35,17.68,43.29,58,6,945.69,135.08,42,222,BENIGN
50508,20259,304,339,8829,1242,296,572,529.13,436.86,35,94.97,5.08,49,41,625.16,201.98,115,4,BENIGN
56679,36447,110,368,3931,12950,356,1055,955.01,308.77,25,83.58,18.78,33,46,792.03,429.58,757,482,MALICIOUS
22983,8850,198,398,7413,1167,58,39,660.01,15.4,33,12.02,38.48,23,37,267.68,384.08,458,265,BENIGN
40389,67447,164,217,14332,7647,53,782,717.97,295.63,20,63.33,33.36,3,32,535.41,429.46,639,173,MALICIOUS
32583,84407,35,189,5138,1216,182,1069,826.48,170.38,23,20.98,34.02,47,3,117.08,477.63,191,189,MALICIOUS
64198,52656,88,77,8855,8859,855,1411,428.32,450.8,38,98.52,26.65,91,27,579.83,157.19,654,180,BENIGN
20696,2076,390,466,3751,5705,1206,503,208.2,340.06,22,51.14,27.34,77,18,620.71,99.78,405,257,BENIGN
54912,13334,438,149,5865,7651,842,1381,1143.0,89.91,35,56.66,29.99,71,23,448.73,332.1,882,287,MALICIOUS
37213,96862,125,499,13416,7403,947,1020,945.05,478.64,27,38.83,10.91,57,39,938.83,278.98,42,8,BENIGN
25789,78838,322,109,14924,8558,893,1152,228.7,59.32,25,79.18,32.73,6,12,262.74,186.08,926,132,MALICIOUS
20944,66798,453,168,2463,2773,1246,1422,521.03,495.0,30,80.5,16.78,32,16,680.38,491.72,510,115,BENIGN
39727,56469,227,240,11725,5680,1424,249,283.53,31.2,25,98.9,32.62,35,34,523.05,311.59,884,209,BENIGN
55059,58652,463,295,10235,13440,8,571,167.17,203.18,35,57.46,47.61,80,0,28.59,342.31,533,276,MALICIOUS
61758,28803,49,132,13208,509,502,145,1463.91,364.46,37,53.91,41.96,82,30,840.87,220.51,449,147,BENIGN
35475,64446,353,382,305,8125,1325,204,81.2,351.64,28,43.86,31.98,51,47,246.47,345.26,410,293,BENIGN
36849,61200,386,164,12724,13214,1489,1270,950.51,84.62,37,51.82,27.98,26,31,873.41,63.46,244,472,BENIGN
12053,33222,429,87,6587,7360,924,572,909.08,46.61,33,54.96,47.02,93,12,240.86,340.1,81,389,BENIGN
58206,29040,450,19,8008,9838,568,516,670.35,213.5,25,93.89,43.9,10,20,338.28,397.27,548,3,BENIGN
27065,36903,212,262,9951,6917,315,801,1311.61,332.93,28,3.31,32.61,51,5,970.27,48.52,334,400,BENIGN
15275,44947,37,497,10375,591,689,962,1244.53,236.58,23,55.96,17.74,4,7,626.73,223.83,992,481,BENIGN
39174,27875,485,360,7878,12949,1054,1428,424.26,367.1,32,79.32,48.73,46,14,530.42,443.7,614,355,MALICIOUS
53419,71653,327,190,12760,3750,698,165,468.37,82.47,23,28.48,47.99,27,38,77.27,249.07,40,106,BENIGN
9836,20854,462,487,13896,10222,1283,967,1330.45,46.41,32,65.34,49.82,64,5,222.59,419.36,280,61,BENIGN
32155,92524,498,147,12306,1636,856,1160,60.96,411.52,30,39.44,17.16,14,34,167.6,117.32,822,389,BENIGN
42141,1315,145,436,148,6038,1197,972,16.55,383.12,39,39.78,1.08,32,22,999.29,121.45,270,220,MALICIOUS
22510,25727,383,46,13842,5804,1333,277,1034.56,398.04,35,67.9,31.49,29,29,63.75,408.86,954,110,BENIGN
44851,53926,185,441,5412,7930,360,222,1373.39,399.11,38,57.52,26.89,72,45,896.16,98.63,261,49,BENIGN
62861,63067,400,198,12329,5772,1307,912,1358.94,86.62,25,67.05,42.81,35,0,647.97,362.83,36,464,BENIGN
24439,91535,363,18,9067,8468,555,910,1373.94,302.76,30,90.58,27.64,54,29,102.8,226.35,434,367,BENIGN
36336,41799,57,340,2989,4879,1443,469,722.8,380.12,23,32.08,21.28,81,5,576.03,170.96,119,78,BENIGN
44051,69674,48,488,10808,556,813,808,1427.1,186.41,39,65.69,39.17,66,41,108.88,420.74,914,469,BENIGN
25480,90551,224,477,11295,13501,564,571,1472.59,241.75,28,51.97,46.9,70,39,930.15,453.62,12,475,BENIGN
25344,6096,341,335,6508,14540,15,322,1013.83,476.7,27,62.0,32.87,23,33,536.22,469.98,57,186,BENIGN
27983,10566,51,369,12348,2079,1105,54,1461.93,297.32,31,93.62,34.41,86,33,920.68,498.26,684,469,BENIGN
17350,17690,435,182,3958,4672,254,798,302.96,211.58,22,3.68,44.5,97,10,217.39,51.98,983,222,BENIGN
58398,2732,241,351,1195,12917,506,1308,875.42,222.96,39,12.14,22.29,56,35,404.9,452.74,658,20,BENIGN
63564,68684,232,446,8291,851,200,799,1451.84,160.76,26,28.12,15.04,84,26,611.3,471.48,751,478,BENIGN
20098,77013,196,358,14395,2791,464,623,868.26,124.61,34,73.58,9.82,81,8,869.99,54.02,935,208,BENIGN
48107,52708,403,202,5538,124,644,748,82.96,292.14,23,72.25,1.56,39,18,387.72,457.04,808,269,BENIGN
44200,66781,264,397,11824,2837,634,984,1437.04,32.31,34,9.63,11.92,47,27,787.15,111.81,85,325,BENIGN
28644,4725,476,392,7435,10211,779,810,458.82,239.82,31,11.36,29.76,7,42,419.48,82.46,52,376,BENIGN
46939,21228,386,15,14586,13116,259,78,97.87,83.55,21,32.25,24.38,2,25,959.79,130.2,766,346,BENIGN
63476,13000,71,132,2812,8565,1377,794,719.75,219.79,26,43.11,42.87,52,18,545.35,415.35,556,430,BENIGN
63077,31806,327,385,10787,8007,535,1133,682.96,136.25,35,23.49,13.33,97,21,122.59,342.24,694,405,BENIGN
40556,79702,7,12,2554,3879,1132,597,1474.95,392.68,33,43.47,37.59,0,36,707.76,462.61,639,222,BENIGN
8975,96323,104,146,8748,13763,1062,16,656.17,460.23,36,89.8,0.91,60,28,87.09,206.67,390,386,BENIGN
43053,4916,139,136,5828,14325,856,1172,736.47,174.91,21,36.48,33.25,63,32,238.52,118.13,280,99,MALICIOUS
54056,49954,167,478,5838,3905,1044,525,163.79,94.85,26,98.58,23.43,10,5,508.65,263.2,356,215,BENIGN
40926,25547,315,2,14070,796,385,1373,321.47,470.1,31,89.93,47.29,66,10,703.37,297.79,509,196,MALICIOUS
47980,79489,331,108,4020,2815,950,586,1422.04,248.16,31,24.42,5.95,73,26,462.02,407.14,540,248,BENIGN
27568,44934,362,126,8318,4071,193,1456,867.34,407.9,35,45.82,40.6,64,17,613.74,498.84,792,469,BENIGN
42227,20745,69,399,9553,4118,1005,1345,739.72,392.46,35,89.75,3.42,46,28,873.09,305.2,276,43,BENIGN
34984,66458,76,78,4241,6649,843,186,1066.42,455.02,31,17.02,8.47,92,14,50.5,205.89,106,138,BENIGN
7084,36765,410,424,10046,836,1231,108,999.97,300.28,34,68.78,25.68,43,48,985.94,89.97,348,397,MALICIOUS
51489,64044,455,194,13894,7802,124,705,669.31,339.63,22,23.47,5.88,26,17,646.28,407.14,74,255,MALICIOUS
20151,37919,292,459,2638,2602,106,1423,1143.2,401.31,21,74.89,26.59,56,26,928.45,135.92,662,244,MALICIOUS
26823,65808,382,91,13838,1334,214,1245,1425.52,95.37,37,74.16,30.19,73,4,39.81,415.32,399,311,BENIGN
54667,61593,367,60,2143,7636,100,321,1215.93,56.5,22,53.78,13.58,21,5,887.45,489.91,320,178,MALICIOUS
28620,3037,281,457,13113,4277,640,581,20.7,193.51,30,74.72,21.89,93,27,993.74,359.03,440,305,BENIGN
15181,56916,283,413,993,13668,419,881,1170.14,399.51,29,76.22,49.96,41,46,305.23,37.87,44,407,BENIGN
14255,29217,59,392,14417,6986,370,463,1205.64,120.02,24,41.24,1.89,36,2,141.25,489.19,495,421,BENIGN
32063,25684,492,229,8916,9237,1008,56,351.78,84.63,27,19.57,42.6,58,47,873.01,291.03,424,45,BENIGN
44469,17256,346,224,4428,11900,39,60,329.75,29.99,28,46.37,11.42,63,29,884.66,457.55,358,96,BENIGN
45639,32694,178,445,10664,9784,1372,1476,433.01,263.31,27,24.42,20.78,19,8,206.23,322.17,656,383,BENIGN
9058,64197,28,219,12749,3809,574,683,470.18,59.9,38,32.62,21.43,4,10,997.37,42.72,56,29,MALICIOUS
27082,25802,394,79,12733,4898,815,163,470.2,15.41,29,95.86,7.42,10,48,713.39,38.78,339,43,BENIGN
46386,71153,40,57,5494,7352,276,764,321.75,204.86,35,51.69,40.55,47,25,428.64,373.44,417,485,MALICIOUS
20602,7202,426,440,4135,7368,270,846,1004.58,109.44,36,7.79,27.86,48,41,962.42,458.89,451,497,MALICIOUS
20601,3423,167,340,14731,4992,998,351,1147.11,217.71,33,95.46,6.88,51,5,414.93,394.21,390,114,BENIGN
30744,54338,250,0,11863,5763,1081,106,717.87,482.75,32,41.78,14.41,32,20,261.28,81.34,373,3,BENIGN
56635,71762,39,354,9605,14301,70,111,893.8,463.0,23,51.67,35.11,65,16,720.47,178.15,734,307,MALICIOUS
21029,50074,147,60,6694,8961,313,1060,945.36,361.89,29,29.8,7.86,0,23,751.49,392.59,690,271,BENIGN
47053,90520,302,300,13907,6077,908,340,936.47,420.2,25,92.96,35.68,73,34,793.39,341.17,700,131,BENIGN
55102,73366,228,247,6234,6792,925,1468,1401.64,228.38,38,48.35,6.74,19,45,402.43,125.33,402,415,BENIGN
4995,34674,104,263,3729,12412,597,931,244.74,228.19,39,36.77,23.38,23,47,128.31,269.87,316,335,BENIGN
62053,32251,281,196,1977,12969,1307,287,183.29,496.36,23,4.0,28.18,65,18,53.47,123.83,515,272,BENIGN
15466,29216,465,265,1209,8726,1344,980,1259.7,284.22,33,51.24,11.61,73,8,902.29,21.06,182,284,BENIGN
8883,33262,120,90,8519,7672,440,1393,54.53,352.35,37,27.98,13.37,94,47,813.75,103.2,93,440,BENIGN
37226,6434,44,228,13892,10716,756,828,267.99,465.53,27,95.96,37.34,92,43,392.88,109.22,923,219,MALICIOUS
29738,59280,154,186,12910,4918,540,1354,1482.46,315.67,32,28.83,7.56,98,1,660.3,8.6,492,61,BENIGN
64236,77204,199,208,1132,2423,1475,586,270.15,257.13,31,46.85,33.66,10,37,795.62,347.6,755,340,MALICIOUS
58353,44668,5,129,13216,7822,476,601,531.62,397.21,22,2.48,6.14,91,23,22.44,140.26,80,244,BENIGN
29982,90838,185,208,3099,11542,223,838,89.04,331.22,39,85.64,25.47,30,10,57.27,416.72,186,67,MALICIOUS
34230,38240,248,170,380,994,902,751,1204.08,318.32,32,57.74,29.39,16,41,602.9,498.36,114,409,BENIGN
16169,45358,367,125,3141,4737,904,144,955.45,47.36,29,95.32,20.27,19,24,986.23,251.56,837,469,BENIGN
18855,65995,212,4,792,568,1335,392,259.3,212.94,33,92.5,38.1,7,3,638.05,428.82,272,424,BENIGN
25673,42992,194,26,3043,4252,762,1401,175.04,145.96,33,29.24,41.01,49,4,934.65,421.22,172,128,MALICIOUS
11825,59787,446,437,12568,7117,220,1195,481.67,251.6,31,31.25,36.12,27,48,478.86,29.41,981,318,BENIGN
52316,94113,248,473,9292,6024,659,1449,1411.42,382.73,29,19.95,28.52,63,14,81.42,6.19,942,346,MALICIOUS
31207,17485,234,34,10735,7837,171,666,3.98,138.55,33,97.65,20.67,38,41,685.25,410.85,532,102,MALICIOUS
34076,72897,403,475,13497,4625,837,1360,339.24,317.43,24,6.59,0.28,81,10,173.28,265.91,65,407,BENIGN
16056,67418,449,96,11241,1868,897,745,462.46,314.64,35,13.78,24.26,88,40,220.44,6.45,111,173,MALICIOUS
39649,18405,5,81,1662,5668,555,850,360.92,323.77,38,71.98,30.03,69,18,878.2,206.1,823,437,BENIGN
26652,9082,129,227,6691,1821,68,864,227.02,293.9,30,89.31,33.33,13,11,719.6,42.25,745,126,BENIGN
6488,29228,37,258,1340,2466,1054,1301,400.94,286.2,37,34.9,49.94,21,23,16.02,65.14,347,467,BENIGN
51858,43453,2,337,2746,12826,1198,715,252.82,65.56,36,29.13,10.55,0,30,301.95,432.34,2,159,MALICIOUS
22228,7341,304,446,10730,10321,1263,1040,346.47,117.58,21,9.32,41.06,49,28,192.19,177.13,349,191,BENIGN
55096,17326,191,219,6659,14926,1114,1097,398.03,227.06,39,85.55,15.24,86,45,259.84,249.81,807,368,BENIGN
43839,25282,382,240,11564,2491,1312,442,1346.45,403.67,29,82.43,29.98,13,32,560.74,495.38,398,198,MALICIOUS
25310,46653,216,490,10235,5412,653,750,617.32,299.66,35,68.94,45.82,22,6,714.04,96.83,385,316,BENIGN
27486,63993,484,42,13929,11551,850,1335,1005.89,143.4,22,27.35,48.32,23,22,76.09,37.99,139,341,BENIGN
60402,5989,110,497,5866,7584,1136,494,100.72,255.2,38,67.87,9.3,62,11,531.35,381.41,314,313,BENIGN
63218,48563,9,298,1348,4580,1390,1343,1077.27,216.76,27,3.48,40.38,81,26,265.36,312.04,536,139,BENIGN
21565,75630,211,230,2440,4334,320,197,876.52,46.37,36,33.37,36.35,31,27,673.99,399.67,937,388,BENIGN
61283,42029,201,381,1374,10181,1107,720,268.91,184.84,26,36.69,6.56,24,49,325.01,167.19,649,215,BENIGN
46285,41149,245,413,1523,5058,931,1397,390.88,447.9,37,55.56,39.53,83,2,762.97,193.16,710,441,BENIGN
9413,90,414,388,12321,154,239,1468,477.42,442.73,24,25.56,24.44,31,34,475.88,499.08,288,292,BENIGN
21876,72187,469,270,9587,9687,903,76,269.11,408.87,22,64.18,40.06,30,44,370.73,387.89,643,264,BENIGN
15601,55640,232,376,3665,13727,122,775,97.08,178.17,24,90.45,18.79,38,19,367.67,13.85,583,231,BENIGN
1994,48032,233,240,3429,7535,406,22,407.33,447.07,20,66.61,26.42,85,20,447.08,125.8,274,316,BENIGN
9638,31729,497,333,1243,10210,858,376,105.43,196.25,38,69.4,15.59,28,21,887.27,281.31,210,213,MALICIOUS
20024,76710,234,206,12337,11646,1037,2,592.32,389.51,39,22.37,48.32,27,36,866.4,392.6,1,351,BENIGN
4482,59818,188,38,5391,6280,240,1250,426.54,363.78,31,63.07,45.22,82,28,288.91,319.35,654,102,BENIGN
58846,62336,181,251,773,12915,1430,511,922.47,112.61,21,58.36,47.46,88,36,951.69,353.04,274,480,MALICIOUS
20570,89664,185,98,3187,10918,1112,536,277.32,98.64,24,4.66,33.4,66,7,546.37,267.37,958,340,MALICIOUS
25678,96984,359,276,10832,10911,1279,1421,726.56,10.95,21,3.06,8.04,32,22,226.45,369.51,421,314,MALICIOUS
29959,54714,116,193,11362,2387,542,843,834.28,175.0,29,69.86,23.89,64,42,206.38,216.29,762,379,BENIGN
40346,34088,43,413,9382,1127,1135,318,204.11,431.55,30,30.57,5.68,38,42,83.01,137.83,230,228,MALICIOUS
57303,50432,457,397,13009,8591,485,702,493.33,431.7,38,30.27,16.88,24,6,999.35,182.02,37,226,BENIGN
35809,22347,248,236,4948,8976,628,1227,575.32,105.83,32,36.8,35.82,25,6,941.61,334.18,401,99,MALICIOUS
63006,60090,39,154,6857,13166,766,1192,150.14,290.12,27,58.04,44.55,3,25,40.5,494.76,997,258,BENIGN
58780,40453,289,370,9373,493,993,708,847.36,393.7,34,54.4,46.28,51,26,188.97,287.05,328,324,BENIGN
26934,55379,24,191,12433,14962,1113,747,20.84,383.06,21,72.0,33.15,8,32,3.35,104.62,314,185,MALICIOUS
39822,45899,11,284,7074,14783,1019,1460,1238.04,407.04,32,55.96,2.33,21,12,245.53,256.81,532,461,BENIGN
55224,7978,269,242,5290,7917,69,445,388.89,166.34,35,8.48,40.88,51,13,616.49,163.51,172,231,BENIGN
27948,55853,471,181,3742,13827,801,478,200.28,52.31,33,39.14,1.32,47,25,963.12,477.54,49,7,BENIGN
37351,7640,60,348,14618,14985,284,95,107.82,247.54,21,47.45,28.93,83,25,426.86,365.61,554,108,MALICIOUS
18379,79285,389,362,3428,12213,1073,183,664.44,143.38,29,7.86,10.23,36,13,9.3,293.98,339,476,BENIGN
41702,91044,466,117,6109,726,804,1273,1188.22,191.6,31,45.77,47.59,40,49,237.84,322.9,981,52,BENIGN
8802,73590,389,411,8879,1055,10,877,1051.9,436.43,28,88.31,12.95,90,29,704.82,31.26,100,442,BENIGN
58027,90199,63,51,11431,14194,572,1465,405.11,339.35,38,46.62,25.33,23,12,452.81,280.22,240,114,BENIGN
62785,79095,119,310,6880,8546,346,774,1108.39,449.54,35,92.23,8.2,1,4,504.22,75.18,670,138,BENIGN
11717,57787,225,114,8378,14138,966,1007,603.22,418.6,35,82.77,16.62,44,41,636.62,436.0,388,227,MALICIOUS
56973,19278,40,347,14411,3596,67,150,1176.29,472.39,27,43.92,21.95,11,3,992.7,164.31,776,211,BENIGN
62471,19793,467,350,6766,11408,965,648,1333.33,296.56,24,68.12,18.31,41,48,933.29,89.65,598,22,MALICIOUS
1954,50862,428,132,7657,12008,16,270,773.69,184.78,35,23.71,11.0,15,17,72.56,335.19,572,435,BENIGN
51248,43843,177,199,1884,9223,51,140,837.59,90.99,39,99.22,7.78,70,31,430.84,418.05,405,339,BENIGN
33312,9883,162,108,2890,95,410,1099,46.94,395.45,31,79.38,11.49,52,43,313.17,166.37,739,298,BENIGN
13851,91939,69,461,10290,8785,470,343,130.74,255.14,20,35.92,43.12,7,44,677.7,83.95,672,199,BENIGN
19698,9627,432,114,12269,12861,233,1220,228.77,369.66,39,74.53,47.32,69,25,743.08,470.44,174,316,MALICIOUS
47048,77593,181,106,14697,7635,768,1003,1216.4,38.28,36,2.8,3.02,12,13,810.49,488.4,69,304,BENIGN
39544,68400,140,410,4712,14069,1118,590,336.46,343.49,21,62.43,2.18,84,1,763.79,206.92,457,337,BENIGN
11767,98678,275,188,5185,3003,1191,901,436.27,490.62,22,60.57,28.51,38,41,220.26,405.41,660,491,BENIGN
13737,76968,449,410,13551,13780,1396,219,500.4,121.07,33,75.11,48.97,97,15,621.72,458.95,772,378,BENIGN
42700,90540,259,385,7569,9787,148,1029,124.44,329.88,25,93.71,42.21,24,8,784.22,117.02,532,95,BENIGN
2008,39506,277,55,2577,82,392,1363,952.73,255.96,33,73.41,49.32,81,31,627.72,398.1,453,398,BENIGN
45224,95565,482,37,3844,4648,1291,871,647.35,61.61,39,28.64,20.92,6,41,978.11,86.65,599,81,BENIGN
43854,85973,290,365,2943,2941,1108,218,676.5,241.99,26,96.49,21.61,77,36,648.24,305.69,342,277,BENIGN
28133,31026,217,361,2068,6498,924,1382,1308.62,334.65,29,0.73,2.31,96,16,802.1,269.98,709,409,MALICIOUS
17319,34742,364,386,9047,9153,1043,850,1382.27,242.73,23,28.89,21.75,86,35,467.29,295.15,303,399,BENIGN
30288,76384,353,447,2347,10363,1431,300,463.63,27.21,23,34.58,4.34,64,27,637.48,393.86,81,55,MALICIOUS
59051,32223,19,417,11703,9675,78,1396,1362.27,157.12,21,78.75,23.01,98,41,667.67,415.64,763,196,BENIGN
3346,93528,133,411,10,12867,1490,1379,450.29,490.06,32,66.18,48.24,3,21,427.32,413.02,981,155,MALICIOUS
63852,50782,172,205,6754,12940,408,477,999.91,42.83,39,50.9,25.98,89,38,412.61,199.08,459,347,MALICIOUS
49722,29022,62,453,12442,14288,216,659,1094.16,373.58,32,49.92,43.52,14,24,716.81,78.77,415,79,MALICIOUS
16803,23024,102,52,11433,484,1475,743,1192.93,87.03,27,55.96,25.23,40,18,483.33,444.54,262,72,BENIGN
56251,89706,403,405,6850,8385,838,689,586.14,227.59,39,9.2,14.95,51,22,475.69,183.21,158,13,BENIGN
35101,72793,125,347,11693,619,955,684,807.43,331.85,26,14.17,1.2,85,19,261.96,52.81,75,135,BENIGN
39255,13680,115,115,4293,3777,1260,1189,15.43,67.19,36,70.33,30.76,80,13,505.17,92.32,108,438,BENIGN
21268,9250,205,21,14042,9330,638,556,1248.8,480.56,26,28.3,48.32,43,49,87.6,414.01,935,351,BENIGN
21395,78438,191,47,1604,9202,688,1102,233.84,227.5,32,19.55,24.9,55,26,717.26,182.57,901,41,BENIGN
9746,60230,336,233,8363,4174,1053,528,1225.84,27.52,33,83.71,30.57,23,35,285.34,12.57,670,366,BENIGN
10918,31641,109,452,14403,10963,1021,327,1130.57,174.36,27,23.5,44.74,73,12,71.24,303.02,470,196,BENIGN
1071,35080,321,324,1571,8716,345,1427,1137.97,345.65,26,23.21,33.07,58,46,873.83,158.43,44,389,MALICIOUS
24858,36114,410,270,1098,6167,630,1297,1440.87,170.42,23,9.52,17.61,50,34,884.87,257.97,536,315,MALICIOUS
29388,82717,360,58,4340,11219,1352,881,810.76,357.65,34,77.09,26.05,12,23,959.0,153.66,341,61,MALICIOUS
51766,74083,221,305,5721,6405,410,1156,814.13,15.56,25,6.72,33.73,56,37,912.41,350.03,726,391,MALICIOUS
8378,13431,249,169,2209,7723,1142,974,480.39,14.51,39,1.83,34.99,46,31,789.82,288.0,731,421,BENIGN
43266,60722,111,177,10831,1410,848,896,1001.07,408.76,30,28.46,30.84,51,16,339.53,133.48,640,308,BENIGN
17170,47349,200,138,13167,3512,1225,838,1195.09,441.91,22,16.54,3.44,54,19,64.93,417.03,255,455,BENIGN
63609,24538,419,464,4044,14098,1136,1434,242.34,428.38,34,96.88,36.08,73,39,532.88,144.38,565,474,MALICIOUS
20054,86261,220,280,1514,4169,1416,910,1281.89,161.91,24,74.68,35.62,59,19,497.3,362.55,460,283,BENIGN
17159,25274,116,305,2739,3824,1201,89,1118.68,339.32,35,95.4,19.54,17,23,305.73,226.19,516,349,BENIGN
5658,61295,161,95,3963,13403,425,985,103.94,292.59,23,35.47,49.06,86,48,311.17,108.81,7,319,MALICIOUS
20367,74467,480,55,11340,5861,653,1203,876.9,65.9,36,98.63,16.69,18,46,250.08,125.56,140,426,BENIGN
35403,11332,117,497,1954,10493,1300,1011,1095.08,208.1,36,51.6,15.52,16,40,272.74,376.57,248,320,BENIGN
28002,91323,427,471,3099,11591,500,412,634.55,126.77,20,27.42,29.18,99,48,316.5,55.02,62,302,BENIGN
19281,67505,61,100,10508,6772,1377,790,951.12,319.43,22,81.43,31.63,64,12,15.76,208.56,998,114,BENIGN
47366,39858,310,467,6771,1657,934,350,874.79,488.35,25,46.52,46.69,93,29,117.67,344.7,346,64,BENIGN
13160,64522,137,75,5336,3455,1344,1379,1106.38,248.68,30,81.06,36.45,92,34,617.62,489.35,411,12,BENIGN
8501,68725,354,409,11903,4774,930,45,854.03,469.53,23,48.77,36.57,62,9,602.85,434.11,513,454,BENIGN
49796,53341,324,495,5061,9898,877,907,727.53,259.03,26,16.47,17.27,7,3,117.41,53.68,231,403,BENIGN
16502,17389,467,200,7905,1610,418,722,330.0,399.4,23,51.96,23.98,36,34,178.73,251.93,319,221,BENIGN
38583,60957,445,121,4938,12428,1157,956,651.31,485.53,26,22.12,7.34,27,44,221.65,197.84,70,341,BENIGN
48274,37959,399,352,8308,6410,1256,1188,866.4,462.16,33,83.04,44.35,9,24,131.92,438.48,46,223,BENIGN
43185,75552,215,212,11142,13283,944,969,446.34,62.62,26,16.26,15.44,85,1,392.5,372.76,867,119,BENIGN
28296,31343,224,398,9109,11793,610,227,444.9,441.9,25,77.95,42.47,71,32,880.57,446.93,414,388,BENIGN
11545,35784,189,309,8523,12633,1458,828,697.08,35.42,28,19.82,29.79,18,29,567.44,310.95,0,402,BENIGN
35376,98055,487,372,13612,1607,53,539,156.32,84.71,35,38.06,45.61,63,33,483.37,453.99,555,472,BENIGN
11544,13176,497,322,10573,8930,723,288,90.72,147.65,23,22.33,33.14,30,39,950.79,409.16,875,315,BENIGN
11934,51257,164,48,5786,13846,456,398,31.01,274.68,34,79.93,6.24,68,47,127.91,43.65,168,371,BENIGN
38453,93870,458,240,14584,12189,1015,1154,1305.18,119.94,37,75.26,14.83,95,43,224.1,403.63,372,168,BENIGN
26743,75129,126,141,2028,11263,1447,39,1154.3,30.99,33,78.84,23.8,63,29,420.97,123.22,363,384,BENIGN
45291,63791,336,92,3569,7802,1358,611,710.21,41.73,22,3.62,19.37,84,6,765.12,158.54,960,81,MALICIOUS
6757,23578,214,239,10033,12666,143,553,688.61,50.74,34,31.01,4.09,31,20,435.83,15.22,661,190,BENIGN
4510,71819,318,307,8139,10710,388,1006,1323.0,159.51,21,99.77,28.58,76,27,163.49,27.96,176,312,BENIGN
43252,45844,216,450,11082,5282,801,1151,816.4,160.31,31,78.1,13.65,59,38,28.63,319.42,443,73,BENIGN
39106,69539,81,68,12868,14938,168,31,1276.22,7.89,32,88.08,36.72,7,33,22.94,397.04,114,459,BENIGN
57690,78484,204,68,13140,11210,1208,840,183.4,479.35,34,25.48,3.34,31,41,634.45,206.16,382,211,BENIGN
21382,44864,194,177,10685,12223,491,726,450.02,366.54,26,95.83,47.93,64,30,86.4,489.06,760,221,BENIGN
19561,6214,281,348,14108,14664,948,700,907.54,280.45,36,49.15,23.73,97,7,379.72,221.54,636,440,BENIGN
3689,45692,149,357,696,4378,369,942,1287.82,250.47,26,67.66,47.06,87,10,331.26,222.79,701,173,BENIGN
47622,99599,203,490,6308,8504,528,836,118.62,399.72,29,33.14,8.85,51,24,310.04,91.5,654,241,BENIGN
7188,91976,4,355,8862,1878,974,236,731.79,182.05,24,82.46,16.66,26,43,437.34,320.44,496,349,MALICIOUS
39514,71984,276,28,10903,7789,1059,993,225.8,399.76,34,95.19,7.86,22,33,271.9,191.76,740,299,BENIGN
15636,13505,274,21,5271,13827,247,198,772.14,44.9,24,27.69,21.88,24,1,224.14,388.74,96,302,BENIGN
40133,57877,45,409,5201,6136,284,813,337.96,351.54,32,34.86,9.42,82,33,947.76,336.92,134,373,MALICIOUS
1393,85820,217,217,14120,5226,1127,132,761.23,207.56,20,83.57,44.44,38,33,358.51,495.5,855,34,BENIGN
34646,56116,391,183,434,2391,1363,685,606.89,198.44,24,93.64,40.08,2,4,553.22,300.42,169,244,BENIGN
14349,89249,370,484,7894,10647,622,756,117.36,77.86,37,44.9,8.43,72,16,771.23,457.23,439,45,BENIGN
65514,43169,402,85,5689,13815,69,831,1455.09,96.69,29,2.36,30.11,98,40,269.75,180.4,507,45,BENIGN
2398,61838,121,205,6603,11461,507,1000,640.38,426.17,25,96.83,32.4,36,15,838.84,173.98,839,278,BENIGN
7719,36577,65,157,11141,2257,1234,1286,497.21,431.5,36,8.54,28.99,13,37,178.45,26.75,976,14,BENIGN
13664,77288,312,293,13260,6576,669,1479,4.51,115.1,30,98.35,3.27,4,20,73.31,383.61,953,111,MALICIOUS
3140,64226,475,237,13211,13834,785,736,587.0,205.25,35,93.21,12.26,68,23,205.55,435.15,602,238,MALICIOUS
6344,19784,225,332,1406,8659,880,1288,1322.85,35.94,22,63.2,12.39,89,40,342.65,474.97,766,134,BENIGN
22855,8541,160,38,7432,14050,77,890,1096.58,64.22,23,17.02,17.71,90,14,725.24,74.05,971,184,MALICIOUS
58010,85208,109,264,2937,11907,731,1171,1352.13,260.14,24,9.09,25.3,96,12,184.14,370.72,716,462,BENIGN
27969,89773,215,463,13612,6620,993,105,1326.11,459.18,28,94.06,0.87,46,20,188.99,86.52,8,307,BENIGN
44952,94382,407,71,2464,11288,1355,535,1110.14,171.69,37,5.09,38.92,82,31,117.53,146.96,741,98,BENIGN
49886,68196,146,353,12806,6783,1279,1456,951.5,397.1,28,79.02,49.27,40,8,850.07,290.52,770,183,BENIGN
45431,60341,95,166,1149,14745,14,147,811.94,304.64,26,62.42,43.03,22,21,394.95,480.84,403,327,BENIGN
2958,32189,213,232,5946,1055,68,885,21.64,428.44,26,37.5,34.73,46,18,53.62,51.24,16,346,MALICIOUS
7184,44385,202,70,6478,12744,323,1074,881.2,74.5,31,76.91,26.2,15,26,577.13,88.99,894,426,BENIGN
9586,95670,102,59,7577,9896,231,429,634.46,316.23,23,61.25,25.72,2,27,761.84,297.78,865,373,MALICIOUS
23039,86149,261,192,5667,8840,1052,1478,1036.53,416.37,31,63.59,43.45,43,17,551.2,440.22,326,243,BENIGN
53998,39289,109,36,13069,14399,1192,903,1278.48,195.14,35,1.85,21.76,57,9,216.84,110.49,504,464,BENIGN
38315,395,267,276,6,14595,369,1431,863.52,484.82,29,73.03,37.91,36,10,754.7,382.21,820,302,BENIGN
37529,79947,221,492,3536,1010,389,137,1304.17,48.6,23,16.11,24.65,21,7,978.47,146.78,614,413,BENIGN
12554,18021,65,352,6747,9354,894,35,1037.27,167.24,22,67.9,1.42,63,39,449.53,112.28,437,474,MALICIOUS
32916,69923,213,366,7699,13419,391,39,1290.2,319.19,26,7.92,24.85,13,20,268.71,494.5,284,407,MALICIOUS
5004,74739,124,370,10471,3402,588,271,143.6,2.54,25,14.39,33.37,21,17,289.87,275.15,531,414,BENIGN
5477,41995,423,320,6607,4803,885,189,639.94,154.48,39,25.86,42.92,60,20,661.48,190.82,53,60,BENIGN
46907,96090,280,152,6446,10176,1015,986,711.83,261.12,28,94.21,47.31,80,10,610.03,293.24,112,479,BENIGN
63202,49960,459,382,10403,14602,214,1496,1394.34,433.94,29,59.36,37.54,34,15,380.57,191.15,640,473,BENIGN
7379,59088,476,377,832,4517,1068,1155,1403.55,243.73,27,29.92,45.84,31,49,597.08,447.93,751,269,MALICIOUS
23473,39970,264,107,7960,10723,1271,657,1209.96,169.16,35,41.11,47.11,25,6,561.34,350.42,52,463,MALICIOUS
40016,79704,376,326,9008,12473,1418,969,664.86,149.57,32,78.47,40.74,3,23,837.17,145.5,606,274,MALICIOUS
58441,38230,307,153,5215,12913,51,1200,103.5,95.85,20,83.8,15.6,73,14,302.72,123.14,458,182,BENIGN
27546,14050,380,201,6710,3321,1497,1266,605.13,323.1,24,12.89,9.01,27,47,151.81,436.84,157,377,BENIGN
55136,30208,406,371,10102,6778,310,803,1281.45,144.73,36,1.96,0.25,50,12,4.82,22.73,920,257,MALICIOUS
59214,12149,415,149,8197,1590,37,499,948.08,276.61,38,46.89,15.28,6,38,302.86,137.64,202,171,BENIGN
51725,95138,213,234,9574,13502,537,683,858.79,123.42,25,5.14,32.66,35,7,614.36,429.72,861,291,MALICIOUS
65345,698,208,302,10544,1699,680,987,751.65,66.66,39,10.65,33.82,85,21,277.32,211.29,206,418,BENIGN
64938,48888,436,206,9884,14235,77,28,465.14,239.6,20,28.4,14.52,70,12,519.76,420.23,577,61,BENIGN
65424,11458,467,266,4446,421,1436,565,613.18,88.41,27,94.56,17.69,25,48,290.39,459.97,745,235,BENIGN
60535,57007,9,0,14687,3012,553,858,430.82,280.3,25,68.1,41.91,92,43,763.84,153.37,607,290,BENIGN
4368,7866,258,406,4192,8803,775,386,224.1,360.68,39,21.56,45.5,65,23,104.33,421.02,788,232,BENIGN
49015,32696,478,75,7028,1090,1433,1013,1070.37,387.61,22,71.17,42.62,8,25,16.98,413.64,613,212,BENIGN
1856,11240,488,252,4119,13635,1360,1448,684.06,148.54,23,17.42,13.25,93,42,447.25,354.72,452,94,BENIGN
13693,69631,369,371,12393,8749,604,1330,1221.78,155.99,27,8.98,48.85,30,43,229.83,251.09,646,34,BENIGN
57097,37376,380,26,4201,3637,362,1023,682.53,413.5,39,87.92,38.5,74,9,218.87,298.88,979,416,MALICIOUS
33563,37823,298,225,5223,3545,1303,1134,1192.68,492.23,35,62.18,0.23,56,22,319.8,390.52,219,166,BENIGN
10741,59665,171,60,3773,6006,778,1028,540.95,97.56,21,14.02,41.59,35,33,24.67,462.97,373,378,BENIGN
58191,83948,328,216,8493,11058,1043,1390,203.3,229.71,23,32.9,1.35,67,6,874.77,90.62,536,477,MALICIOUS
8080,23124,234,78,9496,8645,848,158,667.28,284.42,33,39.27,4.35,66,40,843.07,356.96,206,406,BENIGN
46613,83327,136,233,4084,11649,583,338,1202.37,146.67,39,91.07,5.78,49,2,258.62,107.56,306,193,BENIGN
45888,74933,317,129,5924,4913,922,1066,872.16,435.84,24,28.34,8.83,15,19,758.72,473.46,886,210,MALICIOUS
10302,95761,414,311,3619,13698,1258,1105,693.51,135.81,21,50.12,33.47,53,23,107.56,405.4,463,40,MALICIOUS
43824,1163,81,495,33,6351,526,1356,376.81,230.79,34,12.28,43.77,57,36,913.53,91.87,206,164,BENIGN
20884,71759,453,491,12209,4499,1468,1125,1354.85,345.49,25,11.88,28.46,40,49,221.51,150.63,1,492,BENIGN
22606,81455,54,280,12138,8117,111,494,964.28,241.24,37,93.86,5.84,61,7,468.1,446.5,413,160,BENIGN
57601,60179,499,395,309,7419,1427,201,648.94,139.12,21,20.03,6.84,94,38,748.36,139.05,818,175,BENIGN
3859,877,428,229,13671,10728,1435,1337,1480.41,336.57,32,54.4,17.03,92,44,519.97,384.12,699,9,MALICIOUS
29828,89459,151,113,10798,9090,1469,326,202.94,338.93,31,96.58,18.95,85,20,169.24,54.68,897,350,MALICIOUS
32586,56911,305,178,13430,4671,318,1259,827.8,115.94,20,55.6,17.13,50,3,247.82,9.67,662,379,BENIGN
51710,7508,171,360,14418,9337,133,148,1315.58,313.81,38,60.42,2.85,48,4,650.57,253.65,725,118,BENIGN
47920,77928,3,0,974,1555,559,1496,157.98,113.36,27,15.73,13.29,14,6,572.1,496.32,664,253,BENIGN
57529,35383,488,106,4694,9412,21,125,4.83,137.95,20,79.01,21.31,97,33,688.91,395.99,824,390,BENIGN
14367,51468,71,184,13317,11756,971,511,686.51,444.39,29,23.42,47.85,2,3,377.35,396.35,873,329,BENIGN
46322,69437,95,460,8884,6583,1462,857,203.34,382.98,26,75.05,21.75,66,48,839.46,421.72,734,444,BENIGN
54598,49619,29,4,5495,4998,472,1016,1280.36,281.16,38,9.93,16.55,29,34,248.31,420.17,77,317,BENIGN
48943,25836,279,347,3024,9735,1363,1349,663.4,490.03,23,8.48,26.8,30,11,543.37,283.78,586,224,BENIGN
10624,93659,243,310,10101,5109,543,76,409.82,389.25,32,46.42,28.09,1,11,77.85,55.04,261,477,BENIGN
27233,27802,56,32,808,7128,182,659,854.96,99.17,28,37.53,28.53,65,30,161.82,155.14,956,136,BENIGN
23280,95962,470,184,9379,8165,170,312,1132.16,495.35,22,14.54,36.02,80,18,46.18,146.25,205,12,BENIGN
61527,20269,180,359,9879,7900,157,509,1200.96,412.92,22,13.62,0.38,43,22,701.12,68.68,740,425,BENIGN
26629,7059,166,285,13467,1255,1016,223,185.02,248.85,29,92.41,11.69,54,38,602.82,30.81,164,17,BENIGN
63423,49459,282,356,9405,9807,1219,1082,466.35,236.27,27,41.27,7.66,55,36,701.75,423.94,968,4,BENIGN
29795,51097,328,80,11327,9533,1236,82,1490.36,177.86,38,80.49,3.51,39,27,130.17,397.38,814,419,BENIGN
4214,32602,491,350,5885,121,936,1452,1052.4,95.42,24,19.29,20.97,10,34,674.02,428.34,598,33,BENIGN
4907,50130,52,171,13173,4950,607,399,416.85,215.47,32,22.35,42.47,21,3,395.11,308.32,350,390,BENIGN
64096,31768,400,186,9407,1319,429,49,936.85,470.35,24,47.95,2.35,36,6,100.13,386.88,94,498,BENIGN
20874,59238,191,80,10693,13151,918,380,536.15,309.84,34,96.01,49.3,50,11,561.99,64.83,114,486,MALICIOUS
4496,37939,132,267,11950,11104,453,1060,1370.25,229.83,25,0.02,29.45,13,48,61.09,130.23,767,445,BENIGN
10418,83182,68,457,1042,7634,1313,861,621.67,73.77,38,35.37,7.06,62,32,578.48,292.73,936,259,BENIGN
44461,39034,437,150,12054,7262,27,241,990.4,404.42,25,89.89,11.58,51,29,383.73,328.05,131,341,BENIGN
59878,26528,12,360,2063,1703,1288,1419,480.66,158.24,31,71.78,7.5,45,46,703.4,205.22,473,54,MALICIOUS
64239,75153,232,429,13527,12775,1,1400,541.7,138.19,36,49.44,28.95,44,24,276.26,85.45,599,49,BENIGN
44508,80726,110,363,1511,1970,100,14,63.74,226.1,26,73.28,49.52,17,40,381.66,419.41,650,393,MALICIOUS
6323,81226,82,193,210,1989,1085,470,1372.03,59.55,26,61.2,23.38,93,32,828.97,85.37,159,276,MALICIOUS
63075,44122,154,323,14597,7252,462,184,789.92,296.73,35,97.51,13.8,29,17,367.36,111.62,15,408,BENIGN
17323,76882,408,28,3811,4069,1248,296,1173.79,369.18,38,71.07,23.47,75,21,791.25,474.27,743,27,BENIGN
5366,40994,491,193,10699,1692,15,1253,1363.65,430.56,28,58.73,8.45,64,47,760.26,104.06,783,78,BENIGN
14922,37285,347,135,1084,10025,1200,1115,1396.79,64.89,29,26.67,36.26,54,34,891.57,99.59,763,101,MALICIOUS
7839,726,222,119,14145,10121,583,443,1318.5,314.5,22,96.8,13.94,46,34,114.39,245.23,659,160,BENIGN
25178,31407,252,111,2347,8339,1474,784,788.94,418.94,24,86.4,20.53,0,9,184.89,347.07,824,489,BENIGN
25071,97227,493,338,8393,8811,938,778,922.37,94.5,39,35.37,39.07,23,3,754.21,413.44,437,46,BENIGN
17815,57794,102,450,10701,1997,179,265,818.49,457.54,29,61.79,8.94,54,16,913.21,111.35,956,252,BENIGN
35360,81140,445,235,8143,869,381,619,974.89,120.07,37,88.94,3.57,29,41,476.54,324.82,667,16,BENIGN
56705,84660,55,55,14503,7100,766,957,444.53,409.2,25,47.49,11.34,35,12,596.74,154.91,570,386,MALICIOUS
42805,7686,122,305,13536,142,1416,345,811.64,494.46,29,51.94,3.21,11,45,13.41,263.32,558,232,BENIGN
4401,84975,349,14,9372,52,297,1374,155.93,144.87,23,71.95,0.51,56,27,924.51,418.18,709,71,BENIGN
32429,45860,106,93,12170,3581,1214,1438,1003.85,129.58,33,13.93,13.8,61,1,296.3,102.83,121,46,BENIGN
51577,52975,183,133,6959,9194,284,247,1249.58,341.86,22,74.03,3.16,40,42,649.34,447.87,826,454,BENIGN
59903,31605,64,107,5708,13551,1443,562,1431.2,137.6,38,50.58,25.14,8,0,501.27,100.84,765,392,BENIGN
43810,82110,305,446,4298,6450,800,654,659.32,432.09,20,81.08,28.79,74,41,210.87,62.4,529,371,BENIGN
50178,70672,227,14,1818,8307,1001,239,1069.26,401.08,37,0.89,27.5,19,27,613.56,135.77,177,195,BENIGN
34934,86228,204,18,3064,289,529,301,71.99,306.37,35,29.64,32.3,91,8,445.71,313.6,302,304,MALICIOUS
43362,25156,225,321,8705,2652,338,577,1462.61,111.8,30,59.96,45.05,36,17,322.69,427.79,233,69,BENIGN
53286,70055,223,295,12186,11985,1231,254,29.96,101.46,29,9.12,34.62,32,10,879.27,199.96,891,177,MALICIOUS
41854,20786,476,420,7746,12859,1303,268,179.96,85.2,39,13.18,48.7,90,4,420.27,112.11,213,321,MALICIOUS
49675,21789,97,225,892,10142,417,528,1248.94,370.73,24,74.46,37.15,79,13,507.75,350.1,216,139,BENIGN
9777,38796,381,420,4694,11389,346,469,886.72,263.09,37,36.49,22.23,77,21,518.67,71.72,571,415,BENIGN
11026,15722,359,379,3532,4045,491,61,400.79,200.97,34,72.83,44.04,18,14,646.12,144.72,634,490,BENIGN
10498,68626,371,46,8537,3664,1259,1179,557.35,86.48,25,99.83,24.87,17,8,550.83,192.82,764,235,BENIGN
63801,95264,363,90,794,14835,537,154,392.67,162.77,24,80.89,48.32,78,12,105.73,22.16,136,312,MALICIOUS
32563,44610,275,42,4234,14281,38,1072,124.67,293.8,34,48.58,23.46,97,43,83.78,137.42,640,70,BENIGN
7759,11722,124,455,10785,8084,1458,463,1107.04,128.36,26,5.84,49.82,13,48,117.97,41.4,255,211,BENIGN
43709,71931,103,103,10021,8237,935,986,833.56,482.81,22,66.17,16.03,76,4,680.46,116.75,134,446,MALICIOUS
20916,79103,18,167,13804,615,268,1369,462.72,257.39,20,3.21,20.46,59,36,716.78,10.29,601,370,BENIGN
57564,51295,143,298,718,3934,981,1216,1425.64,52.96,34,75.97,33.91,4,43,574.98,421.55,155,325,MALICIOUS
27585,25585,243,238,2519,8567,551,311,467.24,155.82,33,65.98,45.18,14,9,909.94,187.57,968,303,MALICIOUS
62165,35811,461,46,11211,11114,721,338,746.49,415.92,33,2.19,24.9,39,7,108.97,403.57,627,131,MALICIOUS
25544,35502,231,382,14050,4099,705,1322,1482.25,425.21,27,19.64,35.98,78,2,609.91,352.68,741,321,BENIGN
44577,84370,359,259,5558,7936,288,1012,534.19,386.31,32,20.87,9.18,21,9,571.68,407.05,941,39,BENIGN
25877,51623,266,477,9208,10674,899,1415,987.34,410.53,21,10.51,24.51,62,19,636.26,351.81,170,67,BENIGN
47854,76129,350,447,4007,11504,1017,1447,1214.24,166.71,36,10.89,4.47,18,10,980.16,279.33,318,295,BENIGN
8666,18153,370,27,2486,11110,626,1463,394.62,342.09,20,71.96,24.32,86,5,912.11,174.9,844,482,BENIGN
42481,92852,422,394,2109,7805,848,1052,578.52,179.73,30,74.34,47.56,48,21,488.2,239.48,89,471,MALICIOUS
56085,46340,9,348,11594,14121,930,1495,416.23,233.93,35,28.97,38.83,27,23,670.42,12.71,50,75,BENIGN
18848,47876,27,358,13994,1447,1178,621,1426.06,127.47,39,3.14,4.87,7,1,678.33,481.66,502,247,BENIGN
45109,46847,225,32,13768,8697,1294,665,659.97,356.27,36,66.87,49.38,11,41,786.7,20.48,123,414,BENIGN
36050,36734,182,421,5809,8427,1473,909,1102.31,62.98,29,25.55,42.66,21,33,599.22,315.56,871,442,BENIGN
52564,72451,6,174,2265,9467,969,863,1175.78,207.44,23,70.67,25.88,80,41,637.91,284.87,202,236,BENIGN
13807,81419,252,342,7422,5225,1479,326,1444.63,435.75,28,27.29,33.29,57,39,807.94,457.3,285,49,BENIGN
25328,19545,461,382,1206,115,978,1301,838.61,401.99,29,22.16,38.91,40,32,38.71,67.73,700,46,BENIGN
62888,73813,90,370,6061,669,220,419,767.64,182.76,21,24.37,49.91,62,27,315.66,391.32,469,471,BENIGN
17553,11985,492,487,8127,670,1366,637,1029.32,236.2,25,59.23,34.94,7,35,653.92,404.16,106,298,MALICIOUS
10433,83452,206,79,3770,8477,240,469,1175.02,7.99,29,14.09,39.69,57,46,895.0,42.87,992,387,BENIGN
19424,4373,140,209,12411,8124,654,1032,835.69,342.95,36,51.04,8.12,99,44,568.54,79.86,79,156,BENIGN
32206,1917,38,4,13954,12773,1041,1362,1415.07,167.81,30,3.2,6.11,65,6,966.13,67.07,647,383,BENIGN
37796,93697,98,18,12273,11323,733,634,440.12,224.06,20,29.89,46.41,61,48,408.45,50.77,302,402,MALICIOUS
22869,12720,136,139,12029,8477,1206,652,331.67,434.09,26,98.21,25.76,27,17,630.77,113.65,90,372,MALICIOUS
33230,69940,421,401,10199,2524,556,384,85.91,395.97,35,17.44,35.53,41,21,419.77,223.85,307,396,MALICIOUS
29727,53386,294,367,7536,13327,611,1409,37.08,134.53,20,41.67,8.16,25,10,431.31,495.77,662,141,BENIGN
17904,78381,252,384,12067,13413,357,290,1461.33,321.34,38,92.3,36.27,47,48,247.07,289.8,495,310,MALICIOUS
5781,39111,59,45,14707,4203,682,799,574.52,419.04,36,62.89,42.84,46,43,688.43,129.04,599,481,BENIGN
42397,52608,442,0,12967,1748,560,278,339.94,313.61,24,96.13,40.91,47,24,426.51,18.62,998,228,MALICIOUS
26556,31065,370,208,3231,5803,236,265,1366.41,391.7,37,3.62,20.12,91,10,653.31,301.7,723,152,BENIGN
9673,45932,100,154,3059,2144,495,177,1280.62,216.33,23,5.83,23.56,77,18,985.56,103.34,109,126,BENIGN
34973,68234,104,22,1935,444,378,615,227.32,195.72,31,57.18,32.89,56,46,405.11,446.15,987,307,BENIGN
35906,65207,62,285,3837,14767,326,794,1022.02,136.28,23,30.35,31.67,21,15,491.02,213.97,622,225,BENIGN
8043,93749,436,438,1266,9609,611,831,1058.32,163.16,25,88.04,22.97,32,9,282.77,268.08,558,206,MALICIOUS
23987,23944,41,481,3056,14050,1433,1148,1413.66,357.35,29,2.16,47.0,35,23,41.77,6.55,842,194,BENIGN
4497,4297,262,61,14290,5274,135,915,269.52,412.89,21,54.58,45.82,26,42,65.83,264.53,589,116,BENIGN
16737,95701,315,418,8504,11241,208,635,115.45,167.56,34,22.51,46.54,93,29,480.64,89.03,857,417,BENIGN
29246,90744,293,225,14907,2437,735,598,1084.91,152.1,25,54.69,32.91,82,22,585.94,33.97,833,484,BENIGN
41831,10411,339,294,11725,10238,1047,13,1201.37,82.48,28,38.47,28.24,91,45,562.86,334.07,222,218,BENIGN
1041,95467,61,288,4877,9216,128,711,1280.53,317.81,28,22.51,44.49,1,45,238.32,182.12,879,41,BENIGN
11626,94214,374,5,1468,11635,1401,704,465.52,458.88,27,87.73,38.5,39,2,167.45,34.7,956,185,MALICIOUS
3774,13259,39,174,13327,14358,11,1365,955.37,374.13,22,57.31,10.32,31,9,494.74,484.62,17,211,BENIGN
63990,46376,9,153,7932,1312,152,1088,885.78,499.58,28,72.27,35.2,4,39,116.41,245.71,882,366,MALICIOUS
12644,68021,267,273,11693,166,570,741,901.46,55.02,32,71.59,43.37,66,47,702.95,450.6,922,436,MALICIOUS
33308,52395,274,337,6626,14594,65,944,313.12,368.71,31,1.83,19.27,43,49,935.28,179.68,883,340,BENIGN
6508,11180,156,371,2547,7300,532,128,1285.78,363.51,34,24.38,7.16,19,40,691.97,373.54,244,94,BENIGN
44352,37013,58,468,5294,2133,358,302,1135.19,475.02,35,14.48,6.46,61,15,704.41,153.56,773,399,BENIGN
28807,17491,77,237,10648,911,979,716,615.45,407.13,33,87.59,14.83,19,8,475.72,171.72,925,385,BENIGN
56657,77490,452,197,11261,5604,1403,1442,1349.89,269.38,35,93.83,24.5,54,0,809.01,320.1,816,463,BENIGN
54190,82730,399,212,1948,3521,1488,408,1207.59,448.29,34,88.39,29.73,46,23,733.46,473.75,599,73,BENIGN
24290,81954,343,353,3902,9286,552,1117,459.37,163.12,34,61.63,11.92,83,44,701.7,134.28,154,18,BENIGN
52050,69076,250,266,13332,14666,863,1207,328.32,334.0,38,41.21,45.51,48,7,813.85,206.93,765,406,MALICIOUS
43537,76778,255,44,4209,9760,222,436,136.4,116.35,29,76.78,21.59,86,13,324.9,271.25,977,383,BENIGN
2653,4487,270,11,8566,11983,1422,1260,1351.5,351.52,28,50.2,13.14,4,39,597.69,475.69,654,100,MALICIOUS
24551,49178,469,291,13532,11942,1458,831,419.93,439.11,28,50.95,26.51,97,26,367.79,141.91,697,344,MALICIOUS
64541,17886,9,334,14232,8018,1495,72,617.08,477.2,25,32.04,45.95,62,17,731.31,104.04,602,315,BENIGN
56758,22795,222,76,5706,10309,1452,1211,464.49,216.43,27,97.5,27.14,67,8,373.05,311.54,51,274,BENIGN
60545,69816,194,440,14087,14648,1366,1294,1279.4,70.39,29,92.28,33.19,29,6,846.71,111.67,218,259,BENIGN
11166,16680,315,135,12930,3868,838,940,481.8,235.03,27,10.01,21.35,68,19,634.9,134.34,627,477,BENIGN
63219,92604,275,346,1678,11231,130,585,805.28,80.4,27,94.47,40.51,64,34,785.87,425.85,980,184,BENIGN
32862,4793,335,286,4564,10540,53,548,923.74,343.8,32,83.73,8.93,93,33,593.32,429.7,379,34,MALICIOUS
31012,69428,153,236,9814,1751,57,476,392.64,21.43,31,69.89,44.67,16,22,656.07,111.19,131,303,BENIGN
17714,25696,269,242,287,10573,430,1017,604.52,189.02,26,1.6,29.34,34,37,453.31,215.19,285,71,BENIGN
5251,46554,262,153,7855,13830,44,719,440.66,414.35,28,82.12,1.31,4,7,585.6,467.49,621,164,BENIGN
29784,67798,491,370,7901,11056,1158,677,182.86,213.14,24,17.79,13.21,21,33,822.97,62.43,641,291,BENIGN
1631,4007,353,115,12549,8767,1378,959,152.9,112.31,21,39.95,3.27,20,35,833.26,488.53,338,219,BENIGN
35105,34563,402,237,3064,13117,721,876,250.98,83.43,23,5.78,41.15,25,19,728.23,357.16,366,77,BENIGN
35677,38457,393,196,11291,9352,1086,667,543.36,453.3,28,92.19,26.95,63,24,955.05,496.17,303,28,BENIGN
1132,59569,214,435,9687,11285,1170,1198,923.94,169.72,25,79.22,17.0,12,28,5.56,189.43,40,289,BENIGN
57404,4319,240,70,1157,12641,1187,1089,1318.56,84.6,24,18.76,5.93,94,34,993.01,418.36,880,290,MALICIOUS
51781,1492,415,165,12985,772,1371,1480,1314.81,360.96,31,86.53,11.31,20,12,65.57,253.76,446,8,BENIGN
37773,43942,468,360,4678,869,146,31,1169.6,15.87,27,59.94,29.1,52,47,62.68,465.0,293,100,BENIGN
2107,72145,341,152,418,10947,592,1133,1429.51,443.16,31,45.21,32.28,34,23,326.85,13.4,976,77,BENIGN
44675,65538,265,230,1914,6720,413,1420,393.5,1.13,20,29.58,38.25,13,9,792.02,195.1,172,429,BENIGN
16344,36266,184,460,9040,949,221,954,218.68,238.21,30,4.25,8.82,90,32,246.09,53.28,412,454,BENIGN
35367,82461,391,324,2635,7417,785,218,287.95,100.15,39,67.58,37.4,13,4,184.85,481.45,325,243,BENIGN
19564,20773,180,96,8165,12871,879,823,224.19,355.81,32,96.55,43.1,86,10,608.97,305.14,917,216,MALICIOUS
45454,32754,82,256,14804,8102,724,1323,148.63,33.0,33,67.66,30.68,73,3,429.39,497.09,693,368,BENIGN
21878,19977,159,327,9256,9237,215,857,709.05,401.57,34,40.24,21.12,35,17,49.94,21.9,305,96,BENIGN
6500,40251,74,443,12188,2152,1254,1109,58.44,42.71,24,61.44,33.29,72,14,597.98,472.42,145,315,BENIGN
57534,16283,270,146,13955,12879,416,319,629.51,394.65,21,42.36,33.96,28,2,820.09,376.68,692,451,BENIGN
43209,28307,135,170,14016,6846,678,662,724.29,159.24,27,44.32,40.33,57,37,559.75,144.86,620,355,BENIGN
25267,21432,464,213,5810,6197,581,628,742.39,58.11,35,64.92,24.73,84,45,216.46,219.75,887,279,BENIGN
54744,61925,461,371,1365,243,618,1325,59.37,105.87,20,83.76,7.15,38,16,492.21,245.3,386,458,BENIGN
27062,47959,77,463,14386,10833,1310,679,758.85,186.73,32,53.77,24.14,60,10,573.11,375.33,726,143,BENIGN
12732,34936,296,468,7630,4395,810,829,858.47,85.57,23,7.85,40.7,41,47,765.09,476.27,31,248,MALICIOUS
2685,59898,492,288,2842,6206,1046,848,983.96,338.3,35,39.65,40.25,20,30,205.94,488.48,108,88,MALICIOUS
63118,4965,13,266,3113,4560,891,207,1125.12,340.06,22,23.27,34.01,89,45,19.54,397.39,574,199,BENIGN
41164,28218,193,168,10377,1310,1161,479,593.78,431.96,21,91.32,24.36,99,2,303.39,411.16,145,421,BENIGN
22221,37436,213,129,4560,80,1233,733,805.56,264.2,20,27.56,9.08,13,33,636.07,214.31,672,266,BENIGN
60834,49727,70,381,5881,1440,204,376,31.65,204.46,37,41.35,16.18,52,11,755.85,319.57,138,484,BENIGN
52452,82203,198,492,14812,5227,748,1467,870.92,160.94,29,70.96,37.83,4,5,975.02,161.18,532,389,MALICIOUS
33315,2945,132,9,11953,14484,351,834,562.47,31.5,24,25.4,0.54,44,23,283.24,279.96,142,338,BENIGN
24577,35592,256,80,7958,9276,1167,751,210.18,332.67,24,41.57,25.23,18,31,744.15,469.03,583,201,BENIGN
7682,51246,89,271,3769,1103,1079,1443,308.06,342.44,36,46.02,16.45,33,5,217.24,175.17,78,272,BENIGN
12780,48454,286,218,10331,11619,180,803,153.12,211.66,38,54.82,1.79,15,4,860.51,247.01,618,281,BENIGN
56772,41951,287,417,11058,6422,612,101,1129.13,191.3,24,68.77,6.62,64,3,703.51,186.29,101,174,BENIGN
9693,86840,268,298,3815,2097,691,442,1495.61,22.68,28,89.0,25.02,44,32,213.33,54.26,685,206,BENIGN
50361,36945,284,28,12506,11893,1471,1348,1469.85,333.25,32,82.18,14.99,49,45,456.25,95.15,131,420,BENIGN
4487,82387,102,198,3382,14750,276,691,1116.18,346.16,23,68.62,48.19,96,7,811.94,354.3,91,348,BENIGN
25746,85869,165,325,12225,8980,700,1421,770.32,345.09,28,69.57,42.36,13,20,92.11,86.26,111,208,MALICIOUS
15044,45594,238,314,6601,3952,666,977,1226.01,37.66,26,15.6,32.41,75,6,246.62,153.73,944,209,BENIGN
35643,70850,172,461,10353,2968,97,424,597.16,323.3,23,55.4,11.49,16,21,385.75,270.26,156,24,BENIGN
5438,69347,476,12,9699,9051,1014,471,282.31,412.28,24,69.53,42.39,1,41,596.33,413.71,959,422,BENIGN
36347,85036,398,10,4961,1102,1287,1268,76.2,219.87,25,3.69,23.01,5,11,129.85,443.23,840,369,MALICIOUS
49969,10422,122,111,11402,6520,512,1029,1006.98,427.03,25,4.39,19.3,15,29,70.68,417.53,930,186,BENIGN
8006,32122,2,314,5476,11,1365,80,459.05,179.76,27,51.91,24.38,80,18,971.16,216.98,11,283,BENIGN
37149,5012,458,123,6842,5693,28,4,898.57,234.47,31,71.78,0.28,53,13,648.27,372.27,100,474,BENIGN
63318,40799,231,337,186,14011,301,1490,938.97,189.21,22,12.54,16.34,58,3,505.97,67.4,986,317,MALICIOUS
18911,19870,359,255,8722,7703,91,613,692.28,82.41,26,0.31,5.52,40,1,362.77,278.93,218,289,BENIGN
31049,7050,433,52,56,12434,1173,828,1236.85,405.91,28,72.93,48.56,9,49,721.36,18.68,621,13,MALICIOUS
60957,47190,5,314,968,8576,1123,55,449.97,24.84,38,84.78,2.43,11,28,571.36,414.4,530,61,MALICIOUS
47998,22306,107,76,6545,12269,1291,1254,990.29,451.09,24,36.21,46.61,98,30,752.44,98.05,969,469,BENIGN
16708,77997,495,114,9732,1952,1047,154,181.42,12.1,28,14.08,2.24,22,21,745.84,35.51,881,179,BENIGN
32060,30285,450,32,5550,1163,142,956,1167.41,228.55,39,37.89,28.22,6,47,814.74,492.62,470,79,BENIGN
29271,77268,437,426,10890,7253,338,311,548.4,266.9,22,79.55,49.1,96,8,967.03,168.42,587,485,MALICIOUS
16810,82129,149,406,1861,5479,688,373,8.27,369.11,23,26.46,25.01,57,37,893.7,184.66,947,20,BENIGN
38533,5000,182,177,14033,10356,1254,1146,1128.57,265.42,36,30.78,22.07,72,5,825.06,344.4,66,458,BENIGN
16374,47973,472,291,14572,5634,895,187,838.34,326.54,34,99.88,36.66,13,28,273.86,331.38,447,349,BENIGN
24514,26825,24,418,8656,3627,1057,1204,1493.88,114.74,20,88.04,28.54,88,4,505.87,20.14,476,221,BENIGN
37468,32576,291,204,10091,6037,1415,473,789.12,182.06,21,77.86,12.29,8,27,984.17,6.98,322,80,BENIGN
40330,73739,77,367,5041,5967,764,1439,844.06,161.45,26,51.09,6.89,69,18,809.77,128.54,810,130,BENIGN
26782,69056,342,103,13167,2231,184,986,868.03,43.24,36,87.93,7.81,17,25,154.0,251.94,498,75,BENIGN
24159,63959,217,491,137,11285,92,491,200.18,151.01,20,15.75,10.88,60,27,90.29,287.39,939,463,BENIGN
64088,70121,144,496,7160,7288,682,689,857.29,479.65,37,82.91,29.31,15,46,627.6,433.96,615,54,MALICIOUS
43186,32421,475,189,3400,1790,353,1016,1470.88,204.55,20,25.96,20.87,44,37,665.83,21.97,134,4,MALICIOUS
53791,61381,399,345,3691,2039,941,101,1064.86,108.02,29,15.74,3.69,56,36,14.39,159.54,11,413,BENIGN
22526,63622,135,144,12426,13882,1467,398,989.62,307.62,30,84.31,32.88,6,11,313.88,412.0,490,189,BENIGN
32358,14541,168,131,3758,13081,654,366,375.09,474.8,33,4.51,3.05,33,15,849.81,241.83,917,319,BENIGN
60011,45928,208,243,14545,6965,100,1337,707.25,426.27,30,11.91,42.54,75,42,786.75,160.39,141,306,BENIGN
32299,89859,212,393,11323,3339,809,746,725.51,255.29,34,6.02,9.37,94,38,555.05,333.93,28,194,BENIGN
4853,28986,224,247,2675,223,32,136,998.64,411.52,31,24.39,27.32,59,14,418.29,299.39,77,342,MALICIOUS
12103,77068,60,146,1386,13886,7,925,1437.99,308.21,22,11.92,8.92,59,11,549.47,269.52,727,167,BENIGN
33042,52400,108,420,6954,8348,1303,1215,1365.55,390.23,34,28.51,31.6,83,29,366.29,497.88,115,244,BENIGN
28278,80751,494,354,6453,12858,300,683,1258.57,302.31,28,53.88,31.83,6,32,311.07,386.18,667,244,BENIGN
15716,19884,429,91,7986,5570,122,1466,948.64,359.45,21,26.57,40.51,72,32,118.67,140.67,999,456,BENIGN
35244,59120,187,185,6013,11742,727,780,1330.19,295.49,35,6.76,6.35,28,46,913.03,126.33,936,422,BENIGN
52122,40252,124,493,13856,9224,371,634,176.27,142.84,35,74.03,49.73,4,33,552.57,136.68,700,212,BENIGN
65519,58520,162,247,6173,2088,158,1364,253.6,226.52,27,65.39,21.3,22,37,821.09,364.36,713,45,BENIGN
19940,91670,321,330,13636,5322,838,631,160.59,346.86,33,49.55,7.64,86,47,708.18,232.0,128,92,MALICIOUS
65096,2910,498,322,8535,12633,217,1300,380.44,495.53,33,94.97,6.58,16,6,893.71,261.44,824,476,BENIGN
17223,55199,216,320,3414,8129,977,182,1221.5,349.34,36,52.86,12.14,31,37,426.14,386.54,688,55,BENIGN
17983,92277,325,182,10584,11192,1345,735,628.54,432.34,30,32.68,17.48,68,3,590.29,143.41,890,328,MALICIOUS
47063,48728,297,189,1525,10470,1357,1005,613.95,75.11,22,97.67,42.68,95,9,215.39,27.79,521,113,BENIGN
19943,61186,433,239,14155,10786,1222,122,1317.54,38.74,27,57.66,24.92,61,13,853.41,494.88,38,72,BENIGN
43150,2920,46,444,2701,14986,1057,1107,854.34,13.57,31,49.52,4.64,66,24,131.74,218.84,9,430,BENIGN
12765,19368,296,11,5570,8637,862,682,82.04,123.69,25,89.43,46.95,16,22,68.66,332.6,272,170,BENIGN
39725,9596,399,333,10347,2885,1177,778,971.09,132.75,39,68.21,34.72,23,39,489.47,133.36,224,85,BENIGN
44911,50809,81,52,5879,3010,468,458,959.94,400.62,38,11.89,19.11,54,4,417.91,313.41,516,330,BENIGN
64985,76865,187,181,2159,14459,914,575,1225.13,91.66,23,24.47,18.17,24,1,145.77,104.38,515,379,BENIGN
60469,27787,373,12,996,5110,1053,547,562.54,35.42,38,25.38,46.31,46,3,729.88,139.46,546,53,BENIGN
54285,44068,172,358,8395,9392,1227,963,1460.92,381.56,32,8.77,31.89,17,5,190.25,262.4,723,259,BENIGN
49244,60977,58,173,6116,4005,213,270,902.27,102.34,31,80.02,19.1,83,45,274.13,306.08,446,46,BENIGN
7300,11138,300,58,5633,11244,1061,252,444.77,482.16,36,40.47,6.82,12,44,911.72,222.61,592,110,BENIGN
8178,68991,170,448,6030,11437,305,1276,1210.66,278.4,22,49.8,14.14,33,1,952.75,160.45,429,68,BENIGN
24859,29043,148,457,12347,5129,609,1185,867.58,160.3,32,8.84,12.59,46,20,464.27,364.08,252,444,BENIGN
21659,94515,84,328,13871,8254,320,499,589.52,9.33,27,3.11,16.57,76,11,283.75,180.71,518,446,BENIGN
47822,45137,231,389,8219,7347,793,279,830.38,250.99,29,59.99,32.38,31,31,668.52,25.77,310,204,BENIGN
34843,99851,237,109,2417,1290,1204,988,125.92,314.89,26,73.1,13.38,15,45,863.96,206.6,191,495,BENIGN
33220,7869,356,197,8196,5916,401,1385,408.03,264.79,21,75.98,34.14,37,29,801.73,142.8,535,21,BENIGN
45230,9657,410,58,4419,3698,209,620,391.77,104.36,23,81.76,0.84,35,36,492.58,224.94,915,89,BENIGN
64488,23913,390,268,8472,677,920,1242,551.77,238.72,39,4.75,3.74,22,43,494.55,294.7,546,236,BENIGN
27486,19066,169,302,8216,8124,201,1082,736.09,321.81,24,72.05,9.01,42,42,542.52,404.03,261,120,MALICIOUS
61904,2269,482,34,9699,5568,1283,672,188.93,421.93,29,83.38,40.59,25,19,125.59,467.75,557,100,BENIGN
27765,22235,161,148,5491,14132,1460,1464,607.49,471.34,20,0.24,21.08,90,36,445.65,262.63,119,144,BENIGN
42967,6248,73,153,2722,4156,127,655,83.31,5.19,27,29.57,37.99,81,39,77.51,264.63,959,135,MALICIOUS
45849,79912,328,486,5160,6449,1232,846,1341.33,25.96,39,65.54,35.06,5,48,933.23,303.56,922,316,MALICIOUS
60023,65878,243,167,4435,13499,474,735,1031.81,70.21,27,25.64,13.45,62,38,548.39,498.02,396,200,BENIGN
21274,14914,283,58,8055,7263,443,1266,1292.61,470.0,25,16.51,40.49,31,8,310.42,196.14,4,17,BENIGN
54473,83526,470,12,7656,10550,1101,652,66.31,273.36,20,82.66,1.73,93,17,154.93,319.88,697,40,BENIGN
8803,28795,135,444,3110,12586,137,1072,525.07,328.89,22,91.71,29.89,77,42,75.05,110.46,618,263,BENIGN
18679,12659,465,468,9511,13431,712,1261,1338.43,346.18,34,35.27,28.72,90,3,704.4,28.49,221,99,BENIGN
58862,55208,377,243,3318,5478,1181,467,1053.64,28.34,23,58.17,37.49,24,20,793.11,455.04,531,79,BENIGN
46458,29907,308,149,10208,13711,44,370,493.03,254.82,39,53.35,47.85,78,27,275.96,55.57,421,142,BENIGN
53018,79639,68,101,6643,11954,17,410,566.93,169.63,33,35.82,34.15,47,12,139.18,305.78,924,25,MALICIOUS
22711,72414,6,270,10348,6147,702,531,1155.21,99.81,35,9.7,7.17,19,11,355.65,173.04,167,186,MALICIOUS
4855,33962,338,425,5440,14697,508,158,1003.38,441.33,21,11.02,40.98,40,2,98.74,153.07,722,74,BENIGN
40238,71083,211,299,6622,1764,479,814,985.34,121.13,24,91.53,14.13,72,24,65.45,325.72,774,152,BENIGN
15814,40748,441,224,5573,10549,1270,1186,1126.21,2.65,34,8.77,34.9,60,29,665.66,420.44,842,391,BENIGN
52415,78026,460,23,13897,3640,900,1347,229.74,317.68,25,50.49,31.81,3,3,731.09,232.98,826,238,BENIGN
28065,37397,249,184,9795,172,51,1345,915.14,57.09,33,76.5,39.27,73,12,130.32,217.59,520,358,BENIGN
10022,33065,95,84,5732,2117,619,1471,312.65,401.06,22,68.53,18.88,15,10,124.46,480.05,724,217,BENIGN
35019,28179,38,106,13862,4600,569,1437,772.1,227.21,23,92.25,13.49,0,33,968.71,352.66,355,235,MALICIOUS
29863,71769,24,233,2356,6704,1474,28,824.37,380.42,33,79.12,19.86,17,41,402.28,475.99,648,471,BENIGN
3439,73448,323,467,7308,4528,1182,1000,575.58,419.66,39,82.09,19.34,17,3,126.2,87.38,756,44,BENIGN
35736,31311,343,241,6855,1966,38,859,508.89,315.82,26,57.85,39.92,39,22,222.73,108.11,34,95,BENIGN
45048,14931,454,492,5486,6266,1027,783,765.42,376.98,29,80.25,6.29,29,13,852.78,151.42,6,428,BENIGN
7987,21019,202,472,4305,5329,955,671,342.67,100.01,29,46.84,40.97,44,29,790.82,420.5,570,438,BENIGN
34349,83939,172,84,3754,6832,353,1179,287.44,436.46,22,60.34,2.36,8,27,49.55,325.99,318,45,BENIGN
35400,29616,178,374,2739,11003,177,1127,240.84,105.28,29,83.5,20.7,39,6,154.12,119.99,83,320,BENIGN
57735,58556,355,438,2053,14447,542,1411,305.23,155.34,36,48.13,44.3,26,25,109.83,366.1,278,375,BENIGN
37384,47257,441,194,14632,6960,291,178,1327.79,203.35,31,31.24,46.46,2,18,206.62,142.24,469,130,MALICIOUS
35390,73584,281,202,4253,9164,886,502,329.78,159.48,22,13.04,0.54,82,42,866.5,356.5,934,388,BENIGN
44781,33831,28,38,2653,12002,463,1304,192.58,382.67,23,3.9,4.95,72,38,730.3,133.68,949,247,BENIGN
36014,82383,315,152,4426,12463,946,486,1279.9,394.55,20,21.1,36.42,23,18,54.0,293.87,530,13,MALICIOUS
26485,25614,51,368,2074,5917,200,353,133.39,82.69,34,1.1,25.86,3,40,614.35,275.12,376,79,MALICIOUS
62016,91555,67,206,12161,12692,851,93,1226.68,414.53,24,75.06,43.69,95,12,853.11,467.74,916,97,BENIGN
43620,15697,378,121,5748,10547,1477,597,397.65,226.71,36,71.91,45.46,61,35,38.93,151.95,275,464,MALICIOUS
29341,36482,3,182,14137,14701,708,397,545.73,474.19,21,52.49,3.73,89,25,625.45,413.22,959,146,MALICIOUS
12909,12001,378,355,7674,362,780,973,910.22,191.63,24,79.16,26.2,33,21,658.6,414.18,159,115,BENIGN
8451,92651,371,7,12448,6076,553,247,684.88,292.52,30,84.79,1.34,17,5,751.96,208.87,226,397,BENIGN
27812,32292,416,267,2580,3550,10,1092,769.74,435.42,27,8.25,32.23,67,49,784.69,183.38,689,89,BENIGN
14268,68517,309,408,14831,12908,558,794,937.6,435.16,29,53.08,20.66,89,2,339.41,83.43,753,115,MALICIOUS
60744,87802,134,453,13757,5654,856,142,892.6,398.36,25,75.93,11.83,38,22,237.1,488.14,942,218,BENIGN
19955,35439,53,233,14103,4642,395,2,1322.3,63.88,28,47.93,34.52,61,40,883.49,286.8,392,488,BENIGN
31624,60812,109,75,7683,6992,739,1101,1032.23,75.1,25,15.33,17.61,69,44,261.02,407.38,993,167,BENIGN
9002,77979,139,350,1704,1089,315,1240,904.69,152.85,24,49.99,3.27,26,0,862.59,280.06,272,6,MALICIOUS
33686,21807,201,27,1045,8089,796,326,522.68,142.88,39,1.27,11.92,60,17,741.86,162.06,495,452,BENIGN
4007,51847,428,44,5332,4940,235,556,1225.97,435.82,38,80.52,3.49,54,24,378.03,11.61,159,319,BENIGN
53963,18156,206,187,13585,12116,918,1435,1429.08,228.65,24,90.59,10.86,54,25,873.7,390.28,199,256,BENIGN
21280,64902,221,134,8886,2911,1260,1087,471.96,396.31,35,78.76,33.46,43,10,49.73,441.12,153,274,BENIGN
51684,93196,16,328,5064,13280,883,916,295.95,249.82,21,91.46,13.57,12,37,541.69,309.68,507,139,MALICIOUS
57452,92759,440,312,9753,4133,1170,1030,832.83,322.94,32,51.34,26.31,48,25,485.24,450.61,390,365,MALICIOUS
27982,42085,221,402,8527,4583,36,1426,295.38,367.08,36,31.25,27.96,56,28,948.71,192.3,42,77,BENIGN
56411,87512,326,271,11376,1314,567,223,1136.31,443.31,27,99.57,49.47,24,11,549.62,461.86,510,139,BENIGN
3350,42296,331,377,1548,14774,1100,181,248.65,338.01,23,45.69,11.19,12,35,33.39,252.3,853,306,MALICIOUS
40218,5359,17,464,6462,13882,735,1340,688.18,337.4,26,43.29,17.57,85,40,377.65,190.6,906,268,MALICIOUS
32456,73502,461,404,6489,13409,364,602,1335.13,41.45,33,23.23,18.35,56,45,767.27,209.91,42,188,BENIGN
18836,29232,104,429,4848,14126,783,755,1339.77,115.12,30,33.69,5.93,20,19,890.99,341.57,704,222,BENIGN
19679,6046,324,187,8927,11001,684,164,992.41,46.97,22,60.28,10.54,11,19,40.39,151.08,640,424,MALICIOUS
31702,33972,4,228,12792,14438,1030,1141,703.22,331.24,35,38.24,1.27,34,36,837.66,437.68,383,348,BENIGN
59679,78130,358,88,13012,10066,989,773,476.07,338.48,26,0.05,31.9,96,3,74.65,145.02,289,411,BENIGN
13001,88700,284,348,11509,5050,556,199,544.61,126.66,29,62.78,49.87,22,0,723.67,48.27,602,1,MALICIOUS
62616,89117,53,56,1846,10467,71,394,793.12,141.87,23,92.31,43.91,91,18,662.44,218.29,881,417,BENIGN
29719,85648,203,22,5707,8593,15,452,97.09,235.23,35,53.14,32.27,15,21,179.49,334.98,594,220,MALICIOUS
64472,58785,475,352,6445,10685,1089,1046,675.45,306.4,38,77.63,27.95,33,36,405.93,430.5,804,440,BENIGN
55097,53170,289,300,4879,716,1356,1231,201.99,31.89,38,2.58,0.89,39,48,660.23,296.57,864,48,BENIGN
26378,27345,410,365,2670,2883,1186,248,755.39,480.21,36,73.57,25.23,18,44,975.1,97.75,507,129,BENIGN
58749,65135,271,345,3872,12592,1313,964,623.19,329.07,34,33.0,8.81,69,48,621.9,139.84,739,127,BENIGN
44281,89494,416,250,4354,14543,1478,55,708.41,0.64,27,60.89,23.07,95,41,633.78,274.49,970,294,MALICIOUS
63171,17900,448,167,6067,12699,382,962,687.24,185.11,24,91.06,5.13,27,25,922.24,123.55,858,265,MALICIOUS
3702,20486,447,122,4255,6004,49,815,1004.24,47.11,34,80.67,19.6,64,47,879.83,371.04,62,133,BENIGN
25536,35524,52,377,13958,12617,305,623,1019.9,60.54,22,56.57,30.23,24,1,449.63,330.93,250,118,BENIGN
14621,20685,346,44,9141,8674,653,309,715.96,314.89,21,67.99,1.07,8,6,644.48,181.17,844,250,MALICIOUS
26823,25908,442,39,3740,8656,1060,670,308.93,158.64,30,87.78,33.99,41,11,636.48,365.26,881,143,BENIGN
30895,99169,66,70,13707,12334,856,239,1476.27,273.16,37,41.05,38.57,41,27,32.63,150.71,985,458,BENIGN
30913,68353,132,28,8652,11222,449,117,1022.65,63.78,22,36.25,17.94,16,32,170.85,4.88,914,57,BENIGN
4254,74833,75,283,5832,14353,632,1476,609.04,121.96,23,59.88,3.9,77,17,932.54,114.23,30,8,BENIGN
54628,40125,30,174,14331,8087,794,1422,220.86,423.65,26,41.41,37.3,51,18,870.21,222.79,279,175,MALICIOUS
38571,24414,35,374,13698,14218,725,1210,1493.43,104.2,38,15.41,14.6,88,28,161.46,160.21,915,330,BENIGN
56845,42187,239,100,11545,11241,962,330,583.17,205.96,23,38.3,40.7,46,41,150.04,418.78,760,160,BENIGN
53468,24680,80,302,12264,14626,500,490,705.4,365.21,22,24.51,31.3,43,34,866.27,205.04,78,40,BENIGN
38279,43026,419,424,12477,2612,548,448,909.05,221.93,30,60.45,46.42,16,33,845.49,341.78,555,454,MALICIOUS
29583,15832,215,235,9433,8234,153,88,939.3,380.14,39,94.79,47.28,3,45,984.98,197.33,357,455,MALICIOUS
45128,2450,161,111,10337,5544,66,1312,743.5,464.59,24,6.05,36.14,69,18,606.16,408.92,314,357,BENIGN
50086,14292,117,358,5594,14271,920,843,412.09,422.41,28,55.19,27.39,51,49,739.8,420.25,578,67,BENIGN
54321,71729,263,212,6065,880,1034,824,520.09,175.94,20,20.54,38.59,49,16,415.5,282.14,197,155,BENIGN
61335,20894,416,373,11114,8387,347,554,1197.06,64.64,31,13.83,36.01,27,27,320.71,488.56,28,35,BENIGN
33315,8441,317,358,5734,2601,957,1082,474.6,324.71,23,79.18,15.94,82,47,24.9,217.8,771,293,BENIGN
60065,88026,164,328,6840,11026,707,640,490.94,496.24,20,12.59,27.53,88,17,52.78,463.58,853,61,MALICIOUS
8013,10060,318,53,10971,614,184,856,348.47,425.23,34,67.51,22.55,99,15,28.21,286.62,478,211,BENIGN
54158,38522,168,403,3706,12346,311,1100,493.29,370.09,23,99.82,25.73,11,15,312.75,219.59,550,104,BENIGN
54240,97123,477,496,10519,13392,913,1044,1040.55,33.97,24,86.35,30.08,7,45,351.32,166.61,417,69,BENIGN
24221,6197,246,133,6639,12836,283,1113,1316.43,58.56,25,89.2,11.81,55,29,151.79,218.31,970,342,BENIGN
5112,63301,399,202,2983,835,1312,1118,729.44,47.63,29,28.06,49.46,61,32,976.6,330.75,866,299,BENIGN
37626,61646,439,255,14785,4587,105,686,14.87,441.09,36,0.45,29.61,20,28,845.12,290.13,407,446,BENIGN
34485,75348,166,7,5049,187,1204,751,134.74,178.6,36,52.91,19.38,24,45,191.65,1.56,436,318,MALICIOUS
8996,2248,360,68,8264,10377,806,872,390.99,68.14,27,33.75,44.95,45,37,644.93,150.67,645,275,MALICIOUS
50536,55375,245,189,8701,350,959,1226,8.26,369.32,39,66.97,11.92,76,47,99.71,303.33,456,131,BENIGN
60070,52285,429,167,10776,10951,317,1237,662.67,170.83,35,53.29,3.68,1,10,226.7,20.37,882,387,BENIGN
53327,44345,211,351,7150,13161,1338,300,31.57,438.83,21,63.32,40.2,58,2,436.95,194.74,712,43,MALICIOUS
2957,76758,238,52,6293,570,435,37,926.14,98.22,25,64.95,3.32,44,9,505.19,132.07,468,66,BENIGN
56503,58770,271,328,13179,10242,443,137,237.65,33.34,39,87.71,47.91,86,28,728.93,259.23,560,475,MALICIOUS
24666,72434,484,80,1679,2794,190,704,171.06,319.11,35,54.95,42.45,99,34,840.67,9.21,666,339,BENIGN
48341,12223,190,473,6725,12876,575,825,905.27,497.65,32,10.41,49.27,36,21,866.75,209.03,584,251,BENIGN
47248,72558,170,348,2967,8829,1495,1345,1157.75,89.79,35,30.12,10.42,34,27,281.07,7.69,830,403,BENIGN
22037,76232,432,252,8586,5382,794,1080,59.38,386.17,25,84.05,30.24,17,10,706.95,436.4,547,409,BENIGN
41064,64044,286,283,10535,9627,180,730,877.22,0.59,33,77.36,13.49,6,19,118.43,385.95,273,9,MALICIOUS
36385,77524,195,307,5211,12637,1042,1386,553.64,179.79,39,44.01,25.79,33,47,856.97,472.2,831,289,BENIGN
35397,62207,171,127,12357,7790,394,669,337.45,418.56,35,10.83,44.04,11,29,19.91,290.23,427,75,BENIGN
51430,71587,486,38,4794,14225,1310,805,1304.3,413.66,29,68.41,27.69,73,38,875.17,407.25,943,48,BENIGN
5475,19534,464,317,489,14527,264,1205,31.77,294.94,22,76.85,20.98,45,19,381.71,183.99,624,243,BENIGN
59948,91155,202,13,1598,447,668,480,211.94,30.56,34,60.62,26.28,96,42,476.67,132.36,377,320,BENIGN
23468,26681,281,327,9457,3405,269,693,495.61,33.72,27,94.18,14.94,29,49,672.69,256.08,173,211,BENIGN
63394,49711,479,430,6926,7757,1110,46,113.07,480.88,36,68.45,19.13,4,8,52.84,131.65,30,124,BENIGN
45092,78007,386,280,380,2867,969,1368,1047.5,458.93,38,58.55,11.92,21,27,764.78,283.14,675,291,BENIGN
61774,80,26,225,14120,11886,1196,1447,1386.93,467.21,22,82.34,31.44,93,32,658.12,427.07,766,363,BENIGN
58810,74092,276,54,7744,2251,1180,1197,1434.09,126.94,25,0.91,16.59,88,31,790.2,348.26,369,129,MALICIOUS
46401,49855,44,36,9684,7942,642,1040,1177.62,457.38,27,24.67,15.13,94,4,909.36,305.94,963,311,BENIGN
20282,57899,79,456,13342,1272,1456,1403,265.35,141.43,25,5.69,13.72,9,4,358.28,468.39,407,17,BENIGN
44141,51094,195,350,7908,5147,163,716,926.04,150.18,20,76.95,38.76,5,30,31.87,208.88,696,478,BENIGN
4757,49115,94,221,6134,10094,1333,343,669.62,366.96,38,0.41,24.51,40,2,767.02,76.09,68,0,BENIGN
50501,17454,453,41,11238,9807,1441,1442,599.29,409.58,20,63.72,29.18,32,38,829.59,208.18,387,360,MALICIOUS
23211,61035,391,44,2916,9656,180,206,1436.68,32.51,33,16.01,3.15,1,3,432.34,402.56,486,493,BENIGN
43341,72464,402,145,11321,13650,976,117,1478.69,26.96,23,70.97,10.48,52,32,156.75,387.51,746,28,MALICIOUS
36396,19341,75,328,11885,3410,687,1013,1207.69,421.92,39,55.96,49.07,6,39,248.87,320.93,262,91,BENIGN
27849,27604,99,171,3107,5944,330,871,1476.26,323.61,23,12.57,34.33,2,37,63.35,185.24,313,199,MALICIOUS
52755,31082,328,267,13083,7486,1285,762,261.2,30.69,33,3.89,9.29,56,39,406.22,186.13,903,322,BENIGN
36575,75526,374,166,12995,1115,1227,938,995.49,342.4,33,12.41,19.62,49,14,198.03,165.69,947,205,MALICIOUS
61155,58584,35,427,12834,2090,390,534,1160.35,192.15,21,38.82,32.67,5,12,870.29,178.91,810,386,BENIGN
18430,59959,295,466,10055,6813,1043,1266,1206.25,463.25,32,62.0,42.61,36,43,950.47,98.46,987,98,MALICIOUS
61950,70787,479,35,2799,5783,265,773,682.35,318.98,34,35.19,38.77,55,28,704.92,379.29,673,235,BENIGN
22630,76194,87,137,13504,1983,1156,364,605.6,482.94,30,74.57,29.42,6,24,121.41,224.75,879,492,BENIGN
41640,57325,362,364,10415,14764,367,830,1359.83,116.5,28,5.69,44.16,62,11,857.9,99.92,934,451,BENIGN
47534,54711,158,300,8907,4141,908,1429,1100.5,143.54,37,37.06,20.91,39,21,735.3,498.27,809,288,MALICIOUS
43189,74759,139,413,13371,11203,1364,433,1108.3,466.5,33,81.66,24.06,32,13,873.06,374.93,594,14,MALICIOUS
14154,45112,332,253,8760,4781,1071,1260,323.99,340.26,22,17.89,47.68,36,15,551.95,180.59,198,285,BENIGN
18148,14005,185,35,8559,8237,1019,180,1489.85,25.8,39,82.36,33.54,31,40,152.45,124.73,930,174,BENIGN
64350,37960,458,297,13343,1097,683,3,882.26,327.25,22,16.88,25.96,8,24,477.42,169.07,920,88,BENIGN
7535,18777,415,479,13074,2970,896,420,31.95,445.27,34,67.3,28.28,7,24,838.76,164.3,292,219,MALICIOUS
37753,71406,19,193,9527,14773,1298,758,843.1,428.3,32,69.43,36.42,20,8,973.3,193.69,724,308,BENIGN
56775,65371,412,144,9089,1421,12,417,1395.5,207.15,25,36.87,21.53,7,46,553.72,81.04,222,326,MALICIOUS
37544,35125,77,191,7007,5042,205,1096,135.95,432.18,32,51.24,38.65,24,13,8.06,279.77,606,9,BENIGN
4130,68844,111,387,3110,4572,567,133,1368.06,82.99,22,17.87,11.26,82,38,597.98,18.1,266,203,BENIGN
22924,32440,216,392,1407,10030,343,1380,328.99,293.79,30,62.34,40.27,66,18,491.72,331.85,266,221,BENIGN
64153,81790,273,281,14948,3424,294,637,926.48,298.97,24,77.75,39.03,34,34,167.54,179.87,958,485,BENIGN
13904,18888,451,380,7637,224,905,1401,1422.36,313.86,20,77.22,11.75,54,28,624.42,253.7,809,129,BENIGN
37083,77358,373,20,6376,7842,586,866,697.17,416.32,36,93.1,0.11,25,22,526.63,293.79,922,299,BENIGN
24284,87723,327,153,10595,5294,46,1176,667.38,297.93,32,76.08,15.9,18,17,586.8,100.33,892,391,BENIGN
14379,13236,326,395,7193,12836,862,819,484.78,323.56,29,14.33,23.75,33,42,221.15,292.64,417,162,MALICIOUS
42752,55052,148,44,7150,1668,1110,1165,1213.11,201.48,26,1.48,31.63,80,14,700.42,119.94,506,313,BENIGN
18519,96721,14,171,3906,14386,1377,1048,61.05,358.14,22,57.38,22.14,10,32,533.94,184.95,344,280,MALICIOUS
34732,73536,295,116,11959,11578,239,291,1150.38,134.95,23,47.37,8.87,45,0,997.14,388.38,976,32,MALICIOUS
34751,52568,81,201,2626,8641,1374,962,998.96,282.94,20,47.84,15.06,65,2,752.04,91.83,33,140,MALICIOUS
39392,28051,430,250,3104,1250,279,237,85.96,210.9,23,76.51,39.25,27,41,977.37,424.98,671,376,BENIGN
60740,96167,20,74,1407,5827,674,375,508.77,252.73,38,45.54,29.99,20,27,195.69,225.03,70,180,MALICIOUS
29749,47252,304,171,14717,6925,83,206,1015.9,328.7,26,40.44,45.57,80,17,452.09,113.54,272,193,BENIGN
50358,72038,386,413,11304,8117,1261,1032,1352.29,374.21,39,8.3,2.58,91,11,387.9,106.79,619,363,BENIGN
38480,90503,9,254,8987,6196,64,866,971.86,255.77,27,47.34,16.44,31,23,860.84,363.11,806,3,BENIGN
15251,47807,162,117,2564,4031,455,298,37.65,387.54,34,51.62,25.92,23,46,515.69,353.68,93,46,BENIGN
23364,71966,309,336,7390,2648,75,121,200.84,215.84,26,51.48,36.6,86,49,818.22,297.81,23,243,BENIGN
51760,97276,424,178,9268,14858,1415,1162,1486.19,197.95,27,24.59,23.99,9,41,566.1,29.0,300,263,MALICIOUS
28676,21228,38,131,7578,3795,837,412,730.44,9.91,23,71.3,34.36,6,39,752.48,106.88,434,469,BENIGN
20257,49964,117,16,14071,8571,1259,891,1343.96,328.31,23,47.41,18.49,6,27,808.35,333.97,477,110,BENIGN
25546,33571,24,233,14340,10037,1430,1113,796.52,405.58,29,81.67,16.51,48,32,497.57,271.48,772,451,BENIGN
20202,78880,97,203,8278,7213,866,686,413.08,235.51,37,90.18,16.38,34,40,861.57,184.89,922,350,BENIGN
37084,78182,241,216,5071,4764,703,1315,1421.17,271.34,31,17.61,22.45,81,18,534.31,223.28,454,24,BENIGN
11983,44669,143,232,9639,10322,409,501,827.66,412.67,29,70.85,4.29,87,20,595.64,356.47,355,464,BENIGN
64215,80549,317,392,12288,14283,62,195,1302.11,313.25,27,47.85,18.47,6,29,30.27,443.96,578,390,BENIGN
31902,98151,213,382,11760,13023,1138,977,218.78,172.01,33,88.19,30.41,2,9,959.27,144.15,612,335,MALICIOUS
55522,51737,180,430,4595,10400,808,312,558.26,121.76,20,52.98,41.87,96,8,800.75,253.68,729,459,MALICIOUS
24230,73127,182,373,5122,13393,790,775,804.1,88.97,27,49.95,1.59,21,32,140.13,116.01,199,139,BENIGN
47014,12067,315,246,5323,7488,1227,569,345.91,243.0,32,58.41,12.7,80,48,513.49,163.59,832,191,BENIGN
54414,87731,188,407,5509,9322,73,395,1181.41,320.25,30,89.65,26.29,89,48,570.84,311.74,951,317,BENIGN
25244,41771,133,217,9842,1123,1070,598,1041.38,471.79,37,56.13,24.44,24,17,520.18,269.8,44,83,BENIGN
35131,62157,82,488,1025,7218,807,125,903.22,198.2,38,16.13,10.22,0,45,237.72,499.58,274,416,BENIGN
12586,31614,190,347,5719,141,40,1388,362.17,156.22,26,51.44,19.87,92,30,417.05,343.63,625,225,BENIGN
46095,62191,92,478,9095,9326,729,1350,259.15,10.63,35,31.85,2.91,77,38,918.9,49.93,643,129,BENIGN
46469,23869,214,259,932,13694,813,859,614.73,163.01,25,50.49,29.25,25,39,731.12,408.89,175,348,BENIGN
8621,88910,246,448,8928,5920,835,806,233.87,442.6,34,69.11,25.07,38,17,377.3,387.79,737,430,BENIGN
28029,43594,393,457,7694,11396,1414,737,1100.65,90.25,32,36.74,46.72,47,11,717.19,495.29,127,307,BENIGN
25409,30965,77,206,12435,9233,278,1024,358.91,304.89,26,94.97,11.75,99,21,507.51,216.33,341,126,BENIGN
2056,74873,371,167,12025,5663,719,806,432.92,460.53,28,63.66,40.04,32,8,995.94,444.09,419,446,BENIGN
62443,61513,471,37,11553,8400,567,957,500.51,438.9,35,60.99,14.6,11,0,985.08,444.6,849,471,BENIGN
57583,7573,435,282,6556,3833,1334,76,288.34,487.56,20,36.87,11.66,84,39,75.33,76.4,467,258,MALICIOUS
48799,92408,461,140,2878,9237,1233,1495,459.3,63.89,31,1.31,20.94,15,31,925.33,146.35,130,136,MALICIOUS
13442,49881,457,254,4582,6266,737,1431,1457.82,182.79,21,95.51,31.76,64,34,187.65,382.85,649,279,BENIGN
3329,10064,496,66,11859,13031,488,105,938.67,325.8,23,10.98,14.8,49,44,489.29,418.3,400,101,BENIGN
35419,77877,390,391,13698,4796,341,610,654.25,493.93,23,87.64,36.22,69,12,498.17,55.59,423,264,BENIGN
27430,56012,231,290,6332,886,688,482,478.15,67.23,39,31.79,6.85,6,8,246.65,341.0,363,476,BENIGN
49092,30286,466,289,9696,10643,804,410,989.48,11.15,29,12.55,16.44,35,6,718.77,398.33,820,395,BENIGN
38365,980,20,341,2971,14001,373,1405,552.51,273.89,24,54.0,36.61,37,13,658.83,449.72,249,274,MALICIOUS
42923,92613,232,299,2403,10638,134,135,910.94,261.93,27,66.59,17.6,50,39,619.83,415.36,628,79,BENIGN
41162,62708,326,468,1667,7206,921,633,933.34,255.62,31,11.11,14.6,68,24,556.15,125.94,77,485,BENIGN
24058,84909,129,351,7658,3872,283,1050,336.07,165.96,21,5.02,38.92,29,40,70.13,85.04,139,366,BENIGN
60683,69281,9,33,13849,9270,235,1459,1028.42,183.99,24,35.87,34.97,60,46,150.16,77.82,286,56,BENIGN
44607,96354,462,188,4825,6579,442,349,438.17,379.54,24,48.59,12.28,0,48,510.37,430.84,467,49,MALICIOUS
8118,55661,145,498,4375,9553,108,1413,661.26,233.99,31,31.94,43.06,78,45,803.83,347.18,692,30,BENIGN
38781,17717,329,150,9654,10343,423,72,90.44,273.2,31,54.12,11.6,38,3,721.33,272.95,195,376,BENIGN
41797,87325,172,334,4411,13116,489,177,441.96,92.48,39,32.67,30.25,27,44,941.79,302.89,511,247,MALICIOUS
24371,12938,340,295,3061,12921,431,1306,578.41,271.39,26,47.41,33.23,47,40,211.04,288.84,565,66,BENIGN
44592,58206,157,13,13936,3736,290,287,797.55,84.38,35,0.25,0.96,15,28,104.77,499.19,437,354,BENIGN
48945,78470,295,149,9936,14072,1327,816,712.52,22.81,29,37.7,4.7,86,32,913.11,495.7,287,284,BENIGN
29872,95325,75,347,10233,4436,948,333,935.97,221.67,39,36.65,17.77,49,14,239.76,106.58,798,220,MALICIOUS
34734,4752,190,296,9368,6922,246,694,1236.74,217.18,32,21.46,45.94,62,6,103.78,122.83,45,211,MALICIOUS
23862,15984,166,264,1703,4892,1328,565,809.05,135.69,32,82.85,41.95,43,6,911.06,276.61,265,305,MALICIOUS
16368,19243,289,263,1731,8259,752,77,1375.75,453.43,32,70.29,27.31,19,19,313.45,45.83,168,67,MALICIOUS
46028,15340,478,271,12210,9068,419,253,1173.11,420.41,31,11.33,29.31,26,37,537.15,91.58,662,134,BENIGN
55181,78787,116,387,10927,4162,956,21,396.04,446.97,31,0.8,38.17,42,29,35.16,296.5,259,44,BENIGN
32159,57602,281,148,9556,6246,507,856,372.73,122.65,37,88.87,29.5,14,11,745.37,252.44,915,168,BENIGN
55668,39035,418,352,7785,9131,361,632,1088.25,95.06,28,85.07,24.47,32,37,731.5,458.55,693,93,BENIGN
26275,7884,242,151,14771,5448,1229,69,28.56,406.61,38,14.03,30.72,21,21,978.71,355.35,805,390,BENIGN
27111,76354,15,436,10699,3512,288,1168,340.6,460.91,29,42.75,24.89,24,38,399.86,432.87,411,485,BENIGN
49317,96747,251,347,6766,435,415,667,555.38,338.18,24,8.08,28.91,52,42,849.87,378.33,893,85,BENIGN
62872,22247,364,187,7802,4459,1287,225,485.62,267.82,30,70.47,44.48,35,16,975.32,345.23,911,301,BENIGN
41492,8410,350,352,5237,4886,1491,265,1109.7,495.3,23,13.93,29.78,42,39,408.18,40.57,329,34,BENIGN
34035,57880,221,67,9861,969,1461,778,398.51,174.02,20,26.62,20.3,62,30,411.09,172.66,810,8,MALICIOUS
52021,12523,318,193,7044,10014,600,511,943.11,275.94,34,92.15,20.56,42,20,582.84,420.03,756,180,BENIGN
9534,78757,340,331,6505,6576,497,916,1182.08,166.36,20,35.45,34.03,81,44,197.74,323.83,621,447,BENIGN
6572,39799,102,143,12746,4956,993,1488,1470.59,301.68,34,39.77,11.75,87,28,928.95,312.82,954,295,BENIGN
2710,60491,104,480,9180,11717,151,947,959.47,41.38,35,92.63,40.65,95,45,152.59,40.31,215,107,BENIGN
61871,97645,170,162,4191,1505,57,428,1057.35,490.95,28,81.11,20.41,13,26,287.73,253.34,839,349,BENIGN
41191,52336,412,363,12970,2496,637,1291,393.42,77.66,27,20.14,48.46,82,26,965.36,20.87,718,11,BENIGN
4635,91860,232,451,1508,574,897,103,273.12,292.34,25,47.35,36.59,80,18,678.3,262.5,222,494,MALICIOUS
50204,77976,194,98,12667,14211,1090,820,1108.12,371.0,27,81.45,19.1,45,16,608.12,350.68,521,308,BENIGN
42099,95649,446,372,50,9604,1143,412,110.99,59.21,29,44.03,33.96,44,41,635.74,417.66,75,61,BENIGN
21548,21201,383,411,10280,6427,1148,1185,1.05,133.62,38,32.26,9.44,23,36,678.47,42.62,549,457,BENIGN
27793,28575,58,481,5898,8249,1090,1149,1342.08,302.46,20,3.78,36.7,31,48,61.23,288.34,107,154,MALICIOUS
5367,63095,104,485,13360,2160,646,1218,1035.98,465.61,22,35.98,33.45,86,47,448.56,141.5,156,8,BENIGN
42540,35840,408,472,6900,10885,1025,189,1348.81,1.01,33,28.22,16.11,32,37,925.14,475.22,171,23,BENIGN
33707,54330,243,186,5036,6723,1331,471,627.15,434.61,39,82.8,48.67,60,4,806.33,205.53,730,288,MALICIOUS
12327,99079,211,377,7499,9797,1140,1492,575.33,471.86,27,60.14,31.42,81,40,3.21,5.32,618,373,BENIGN
10790,31225,272,35,837,3693,374,732,37.63,208.42,34,13.45,41.18,94,20,214.88,77.63,514,155,BENIGN
64366,63229,203,75,6404,6947,199,1141,1093.09,224.47,39,43.35,44.86,0,25,602.0,446.43,757,65,MALICIOUS
62805,19533,178,27,3950,10493,235,765,909.08,60.03,25,19.02,27.61,96,41,243.64,303.69,729,469,BENIGN
29635,33903,95,321,8209,11204,949,1361,436.78,193.73,38,67.9,28.64,9,17,65.24,74.91,868,346,MALICIOUS
56710,76787,210,458,5703,10970,1237,628,114.93,408.97,30,78.99,17.06,41,18,853.75,336.64,139,191,MALICIOUS
5495,91552,301,197,12480,12459,673,985,1041.63,208.08,23,50.48,45.7,90,17,987.8,314.81,32,74,MALICIOUS
21948,91246,75,367,1020,811,731,474,837.21,362.79,28,28.33,40.21,24,40,229.63,102.37,863,492,BENIGN
26570,3903,131,45,267,313,277,1483,532.27,280.18,36,34.9,31.97,62,8,738.23,344.57,682,291,BENIGN
2116,94334,169,372,4389,1737,675,1199,104.75,446.08,23,18.64,29.04,81,2,971.16,16.88,954,19,MALICIOUS
8849,23884,45,89,1090,8488,704,1294,988.27,11.42,31,61.65,32.45,44,22,10.89,484.58,443,433,BENIGN
28517,43403,204,323,6261,11754,510,1443,556.8,43.89,26,94.41,30.05,92,13,705.2,168.7,381,129,BENIGN
47012,49333,266,339,2019,5657,31,708,568.82,96.36,31,2.55,28.94,58,24,299.54,463.26,247,56,BENIGN
6251,86384,323,224,10236,9968,1313,215,536.93,70.98,22,82.92,14.16,15,34,129.41,362.97,32,63,BENIGN
19306,18541,176,430,10211,2755,827,38,815.58,353.05,33,5.68,35.65,29,24,846.81,156.29,910,437,BENIGN
63131,48736,438,455,10671,14654,370,1104,843.3,40.04,22,66.47,40.32,41,39,920.85,465.57,280,338,BENIGN
16383,21063,170,239,6869,8135,523,1224,238.46,145.94,23,31.2,26.34,32,40,945.69,435.56,263,135,BENIGN
9311,62504,475,50,7045,292,134,1424,724.52,408.82,20,73.0,10.62,72,47,492.58,499.59,538,465,BENIGN
41390,92907,72,142,8074,42,192,599,653.98,269.47,20,48.34,23.69,64,48,825.26,263.19,711,110,BENIGN
38398,68626,481,451,11705,4706,194,966,583.72,450.53,38,60.63,6.73,32,17,77.08,147.57,864,453,BENIGN
7634,65606,243,121,5114,12176,79,626,1449.39,11.46,36,41.67,37.46,25,33,532.68,379.64,839,103,BENIGN
6097,56277,269,390,14542,12982,22,494,1152.54,74.02,22,87.24,45.23,35,1,22.02,269.84,634,15,BENIGN
54275,99683,178,153,816,6139,1365,557,139.28,387.58,25,18.44,47.07,94,25,679.59,476.74,864,381,BENIGN
47898,61403,35,200,7257,14329,1314,603,563.63,40.49,21,40.48,30.97,87,26,773.16,62.43,513,113,BENIGN
12739,48707,219,152,2755,404,571,388,635.45,258.04,38,3.82,46.92,13,19,394.41,362.8,842,131,BENIGN
58460,62235,425,246,4531,13974,966,294,710.89,148.95,37,52.6,7.19,99,38,658.57,492.82,935,479,BENIGN
30118,57710,408,63,95,8700,1236,878,48.79,161.91,29,12.48,23.71,84,37,762.85,192.4,410,346,BENIGN
59279,30621,442,442,13154,14044,625,1141,356.34,450.78,33,63.09,2.06,35,21,254.72,322.95,382,303,BENIGN
11088,13183,324,79,4355,1154,1189,91,376.41,397.43,29,57.54,22.63,5,25,206.41,175.12,569,79,BENIGN
46112,2240,390,166,8235,12646,811,902,961.18,53.66,30,73.43,15.54,91,42,275.61,50.12,224,96,MALICIOUS
12569,82991,246,79,2201,11055,266,241,401.97,169.66,30,97.55,42.72,41,23,728.7,151.72,401,75,BENIGN
20696,85485,421,182,3509,2044,870,7,1231.07,242.99,32,53.01,26.48,43,48,49.09,171.57,988,491,BENIGN
9378,61897,130,277,7079,946,298,974,1297.24,214.65,22,66.5,12.99,64,18,960.87,214.12,5,476,BENIGN
45208,70387,291,203,2941,5583,1149,310,431.57,450.35,30,29.62,11.27,1,26,476.12,365.83,18,36,BENIGN
23465,40121,446,312,5790,2354,1197,1335,127.21,27.75,25,8.37,31.59,90,6,373.15,384.86,426,208,BENIGN
51164,98098,464,474,10891,9073,984,955,543.88,399.48,23,82.55,12.9,2,14,813.26,236.71,728,417,BENIGN
17610,93817,222,23,10966,11768,692,195,327.59,330.57,24,75.61,18.39,71,45,69.46,235.54,718,390,BENIGN
36544,65002,432,351,13459,6244,832,1468,1362.0,359.89,23,92.0,30.97,84,28,523.64,230.01,226,335,BENIGN
61502,85442,429,105,13519,13189,1371,359,1285.05,190.73,34,29.79,35.06,77,20,827.98,164.23,914,140,BENIGN
32705,45485,219,205,4139,7992,269,1039,1469.97,170.18,33,75.91,21.91,85,12,932.88,360.67,971,105,BENIGN
57994,70269,470,379,4525,1113,431,31,1310.18,390.18,29,70.78,14.13,50,6,920.16,436.66,470,471,MALICIOUS
11731,70833,345,245,14320,3088,1312,293,167.89,301.14,37,43.68,36.74,52,31,739.02,180.24,712,244,BENIGN
2330,4219,482,226,11293,10851,268,647,518.78,66.47,22,64.39,35.29,32,40,14.99,423.91,183,101,BENIGN
33709,22719,82,428,7989,11570,917,501,191.61,97.97,26,53.08,19.51,3,28,842.62,255.22,122,340,BENIGN
6116,87690,225,170,1711,2908,655,769,1457.41,217.11,27,77.82,31.69,96,17,435.25,373.61,20,247,BENIGN
15171,27439,305,149,13237,13465,1247,1121,226.56,89.77,28,99.32,44.05,29,14,253.56,99.85,804,493,BENIGN
40475,1375,95,454,2108,2141,1323,1497,892.85,203.65,34,2.28,15.18,44,30,971.84,37.45,749,36,BENIGN
47848,14781,223,321,6465,3736,904,720,73.05,142.1,23,40.19,42.66,13,34,856.11,319.21,867,187,MALICIOUS
18773,24995,71,22,12046,6871,314,494,496.46,76.23,26,56.07,19.59,84,24,941.65,496.14,223,10,MALICIOUS
43340,58379,474,314,3900,1891,678,1394,1209.87,492.07,21,22.93,11.74,28,32,263.46,76.55,221,49,BENIGN
16919,42550,257,33,2693,10019,931,498,839.77,230.2,26,56.43,15.71,90,20,415.21,37.33,707,315,BENIGN
33177,63765,287,200,747,5148,343,435,1277.78,293.42,33,46.1,28.99,64,4,771.01,436.4,500,286,BENIGN
44210,11373,365,176,11476,7538,190,170,1451.62,270.51,23,45.48,17.2,63,38,919.83,339.26,599,46,BENIGN
64355,70420,372,393,11743,6120,1443,1354,181.57,244.76,35,65.87,20.16,70,33,975.1,309.33,857,374,BENIGN
24032,88051,471,459,5923,9612,291,604,1383.47,240.26,31,46.33,13.65,48,49,410.46,350.96,635,87,BENIGN
61523,4769,157,362,2029,13810,1316,473,155.85,411.45,20,29.93,28.5,84,31,956.74,392.13,838,486,MALICIOUS
1638,24777,10,430,12643,6858,870,200,646.97,31.03,24,52.77,46.56,42,4,504.73,76.27,678,372,BENIGN
36191,98471,359,64,14621,1082,416,1038,910.38,85.23,29,48.8,34.4,47,14,13.23,9.36,284,37,BENIGN
64880,53141,168,292,276,4111,104,121,72.65,53.3,27,8.1,43.03,0,45,565.08,305.93,903,152,BENIGN
59860,44153,330,259,10,3500,403,899,1132.38,142.07,32,22.96,32.79,15,26,141.92,301.29,586,107,BENIGN
4129,65074,94,219,12631,13796,1387,1232,782.78,57.35,31,82.71,22.77,17,35,224.58,232.37,376,177,BENIGN
20146,42912,362,410,729,4348,337,23,183.28,460.91,30,16.85,15.58,83,22,126.95,302.56,155,173,BENIGN
51547,26785,358,126,11628,10132,181,79,1220.04,311.61,24,0.24,16.95,55,12,445.54,430.47,528,478,BENIGN
31150,49606,9,431,8400,11998,163,437,178.22,294.35,28,70.46,30.71,81,49,354.39,52.96,508,51,BENIGN
57756,17282,434,496,1600,5704,648,86,1031.42,336.23,31,89.61,19.6,20,19,573.55,247.86,0,132,BENIGN
41441,43982,47,448,9701,4804,458,41,789.09,425.9,34,54.68,46.22,49,40,908.51,443.48,784,340,BENIGN
25632,27719,410,338,1883,9095,1208,344,819.69,172.58,37,87.83,40.33,12,37,642.93,202.44,602,153,BENIGN
8398,94503,289,327,2001,7369,1094,846,1154.78,0.38,37,68.66,49.59,89,42,816.56,486.13,700,465,BENIGN
42445,14117,161,179,13160,7455,947,434,1132.88,264.82,36,16.79,26.46,64,13,707.19,175.76,133,258,BENIGN
28860,99547,499,337,1149,4133,363,578,1250.31,301.69,21,42.7,1.48,61,25,170.46,301.88,347,68,BENIGN
6493,67834,457,385,11353,6115,240,300,706.39,443.67,37,56.59,5.89,77,1,819.33,236.7,978,74,BENIGN
47424,81080,196,171,10055,3188,1238,993,283.5,85.79,25,66.73,44.51,36,42,814.56,125.68,83,408,BENIGN
57596,41499,78,123,9387,2934,861,234,1166.08,369.98,30,50.41,9.56,99,29,160.2,431.89,815,2,BENIGN
7016,84285,332,216,4584,6654,1294,585,1399.21,243.61,21,90.57,5.54,41,10,474.1,498.22,171,116,BENIGN
36987,23362,182,407,11400,14533,448,306,1368.37,202.63,24,7.3,35.37,84,46,640.02,170.11,738,365,BENIGN
64680,14830,21,235,5775,13629,493,1420,703.88,87.87,27,74.41,11.41,79,46,43.73,177.16,915,397,BENIGN
39322,60852,426,177,12251,10686,1408,715,297.77,253.7,36,59.81,28.84,35,18,371.8,162.9,348,419,BENIGN
52075,39295,211,227,3208,14484,653,918,313.92,291.87,31,77.7,45.99,45,39,440.02,210.59,448,40,BENIGN
48031,80951,264,4,5214,7748,78,39,1212.94,173.71,38,50.09,1.17,84,4,174.88,155.56,730,280,BENIGN
65474,11558,483,323,3381,146,729,1050,741.86,322.56,27,42.82,40.72,35,31,299.81,75.03,802,286,BENIGN
38605,38024,334,224,13390,13753,867,645,767.75,51.69,35,80.59,26.76,56,34,794.49,342.11,994,276,BENIGN
28480,73427,14,396,9131,14367,1492,139,1309.81,452.71,22,47.24,20.08,59,19,223.16,119.13,160,244,BENIGN
14977,55406,492,388,9597,8141,1371,1405,272.87,357.28,26,22.16,14.27,42,2,808.5,193.06,151,3,BENIGN
7462,27244,18,145,11475,14372,701,188,25.46,313.2,25,53.78,28.97,34,43,856.34,248.69,635,171,BENIGN
43660,60945,403,462,502,8323,110,818,134.23,54.73,30,91.27,11.39,63,42,546.88,85.66,436,446,MALICIOUS
32737,74949,261,175,3492,10112,1057,5,774.92,134.08,27,36.43,44.69,31,35,440.27,181.45,349,267,MALICIOUS
59965,98395,228,145,7359,11629,916,665,1107.97,88.19,37,44.27,8.0,62,41,152.14,300.62,818,262,BENIGN
39182,33789,286,301,1676,5834,439,285,30.86,2.2,20,50.93,10.05,91,15,405.22,374.95,984,97,BENIGN
6568,69409,149,236,14325,327,1349,459,9.72,414.83,33,7.51,45.22,41,49,399.9,195.09,691,268,BENIGN
37776,37417,291,68,3488,12390,145,1423,904.86,303.3,23,35.22,6.06,34,1,899.39,434.31,116,95,MALICIOUS
7785,96635,168,261,12321,4410,745,1457,47.31,463.53,33,94.39,7.25,56,49,196.54,291.68,268,67,BENIGN
6232,27353,236,141,12459,11972,177,224,66.68,204.09,23,30.31,33.44,83,9,81.55,410.07,216,130,BENIGN
57555,80535,228,147,12215,1996,1071,1142,197.55,63.23,31,44.54,3.67,50,24,231.56,195.07,6,27,MALICIOUS
60390,14714,265,203,11334,14361,601,1438,368.34,379.02,28,42.55,1.13,72,25,642.55,469.89,680,79,BENIGN
60316,96416,393,406,11960,8185,789,1163,1080.54,120.76,24,31.26,48.97,71,1,687.61,287.83,737,69,MALICIOUS
48709,78898,244,496,5716,14750,6,1429,1207.65,75.24,27,5.16,22.69,95,39,681.59,26.55,507,259,BENIGN
40200,32557,491,33,1561,308,391,326,897.1,235.16,37,82.95,18.53,58,46,680.84,288.42,234,108,BENIGN
45398,93050,275,399,12916,6887,300,352,796.98,91.07,38,38.71,3.83,27,44,719.16,325.06,95,261,BENIGN
51329,52946,348,9,13726,4256,684,583,459.42,125.52,34,28.15,4.03,18,11,666.16,107.92,147,4,MALICIOUS
57138,34285,75,251,5497,4487,504,868,519.54,183.57,34,10.63,47.13,59,16,497.15,391.68,990,80,MALICIOUS
63415,76470,439,150,10806,3064,277,139,405.2,373.02,33,61.27,41.79,79,44,551.03,64.53,799,427,BENIGN
14665,20473,191,383,13589,3575,1329,826,1449.19,58.97,28,84.58,11.46,12,27,397.62,415.98,318,239,BENIGN
59646,54462,119,370,9704,8443,1067,856,1158.68,163.48,38,17.22,30.66,42,10,483.18,410.2,634,313,MALICIOUS
31803,15884,407,106,496,1146,1091,899,1089.18,69.3,37,25.46,36.42,83,12,853.1,312.68,908,4,BENIGN
10602,61477,446,171,8508,52,1045,37,256.1,110.71,28,35.98,45.92,42,29,169.42,395.07,557,424,MALICIOUS
42246,54287,290,386,10265,5547,246,658,71.07,499.94,34,63.34,11.21,35,3,243.81,242.23,453,148,BENIGN
3772,78759,101,128,2648,5486,1496,1385,427.05,160.96,25,12.8,25.02,72,31,806.82,356.24,452,434,BENIGN
38646,2181,322,324,334,8315,1219,1421,143.76,39.8,21,93.53,29.7,87,17,910.61,345.56,251,99,BENIGN
7916,64970,293,464,8881,13821,416,993,1272.2,93.26,31,18.5,44.56,66,36,509.07,226.78,188,408,BENIGN
37289,7662,88,492,13935,9134,1050,425,71.37,261.06,30,30.95,15.2,93,15,126.68,443.52,581,207,BENIGN
25893,37804,39,456,10835,2478,370,1334,560.9,297.28,27,29.96,28.34,94,10,320.48,485.64,409,268,BENIGN
37227,15534,341,204,10972,9701,1038,196,325.31,172.48,37,5.48,1.42,12,2,692.99,8.16,39,118,BENIGN
55930,21285,216,379,7924,13909,972,158,795.73,6.47,30,94.14,13.68,1,3,30.68,342.49,24,309,BENIGN
27748,30244,46,230,1189,7922,643,1373,1395.76,370.22,23,15.25,12.79,12,15,753.19,398.51,496,103,BENIGN
12113,83953,78,465,1917,3091,452,477,420.42,284.07,38,55.49,17.83,6,7,32.38,207.43,725,360,BENIGN
52872,64540,487,25,3483,2395,906,210,600.74,281.68,36,68.39,26.9,79,32,790.62,481.2,192,330,BENIGN
32613,94884,481,314,1743,10181,1098,1444,1439.55,430.74,24,41.01,22.2,84,23,10.54,49.43,620,97,BENIGN
10014,23733,279,417,5818,9692,1383,488,1180.56,71.04,38,91.74,33.3,71,18,49.15,292.63,516,369,BENIGN
16420,99040,281,12,8791,13466,341,1185,658.21,321.57,36,7.75,21.57,49,49,945.24,122.63,437,450,BENIGN
36310,27621,227,151,6653,3486,138,307,1048.78,264.06,21,92.18,44.07,6,8,716.69,85.26,713,214,BENIGN
14157,63955,100,29,11749,9400,542,1177,433.91,389.26,25,69.75,45.84,86,36,738.92,253.52,990,66,BENIGN
36382,65302,41,166,14300,3999,1,654,1303.48,116.16,34,58.51,35.35,59,11,282.61,427.98,767,268,BENIGN
45122,12067,426,351,10843,8206,338,1228,696.94,137.14,22,84.9,11.84,99,47,452.44,469.06,864,405,MALICIOUS
57989,45287,419,119,618,2317,508,727,1313.83,19.49,28,80.57,26.36,49,22,989.33,190.18,73,170,MALICIOUS
55821,42524,465,251,5625,14264,1244,1476,421.86,370.22,36,2.91,46.19,61,3,887.29,120.17,230,81,BENIGN
65028,48317,341,368,6298,1061,11,330,113.79,261.41,26,13.77,32.87,74,47,752.82,142.51,104,420,BENIGN
7584,26606,412,43,13251,714,1418,337,1090.06,111.27,32,65.6,30.1,25,14,169.77,32.05,27,368,MALICIOUS
38443,6500,97,421,13314,13831,1284,1226,957.46,28.59,31,97.62,9.03,87,39,458.76,275.54,51,226,BENIGN
22888,25600,222,119,677,5876,469,398,936.62,398.96,23,85.67,25.32,34,36,114.94,212.14,321,218,BENIGN
47835,99884,160,387,3338,7487,444,1089,401.35,97.37,20,0.45,48.43,72,39,148.39,491.77,639,125,BENIGN
29080,38137,141,446,620,13470,362,409,988.25,152.1,21,82.11,1.13,45,43,31.3,8.51,829,229,BENIGN
13666,93894,237,406,6274,10146,833,1108,940.45,468.81,38,57.93,4.14,68,14,741.87,471.99,422,407,MALICIOUS
6341,19738,374,275,4809,13935,380,1026,506.71,140.85,27,16.57,25.49,16,29,787.14,299.77,1,83,BENIGN
29264,8994,391,1,3990,3899,355,909,1022.49,429.63,37,43.07,36.25,42,25,425.47,175.07,739,138,MALICIOUS
33310,10237,224,16,6644,12845,374,64,645.43,469.98,30,77.08,18.18,53,19,38.06,163.72,1,199,BENIGN
20641,76865,400,379,10993,10250,730,1403,22.41,276.3,37,16.36,29.33,51,42,843.15,70.61,536,46,BENIGN
22075,27383,335,236,10808,12282,937,612,403.13,441.18,26,2.52,14.28,79,23,391.38,134.3,662,158,BENIGN
1102,53637,457,286,6440,9306,375,355,167.44,171.08,29,19.58,40.8,96,34,163.8,128.54,105,371,BENIGN
59092,61953,416,33,9581,150,535,221,487.44,195.81,24,69.39,29.99,1,34,682.07,338.71,611,491,MALICIOUS
43630,49084,87,60,7141,2441,1057,1031,1213.5,372.56,36,97.69,10.1,21,28,657.15,204.44,723,190,BENIGN
45022,8486,256,429,10736,4470,764,415,750.46,329.72,21,51.44,46.14,50,3,860.22,297.2,676,483,MALICIOUS
22775,90825,176,485,3488,4892,815,333,681.82,228.3,28,56.73,6.66,28,7,112.75,165.5,786,264,MALICIOUS
13181,346,460,300,13444,14563,41,471,784.4,371.33,31,16.92,38.26,3,14,782.02,233.12,343,124,BENIGN
56972,39883,117,188,1708,13373,1168,694,1288.45,86.1,23,22.66,43.95,89,17,301.91,178.36,540,87,BENIGN
63127,39479,222,61,13129,10816,1431,609,8.69,268.81,27,53.04,30.96,79,39,58.1,499.43,703,499,MALICIOUS
64685,86051,430,128,4068,526,561,8,1483.7,215.02,33,6.22,25.34,97,3,645.21,120.41,636,484,BENIGN
40511,55734,39,211,1291,2292,1373,1042,714.75,372.27,21,85.38,38.77,33,18,949.59,231.27,66,30,BENIGN
9721,82262,366,181,4682,6611,394,1173,551.42,303.39,21,52.27,4.83,88,9,475.05,201.15,836,205,MALICIOUS
30524,12020,197,443,3358,4857,685,789,743.49,313.47,35,75.41,7.04,99,37,717.63,238.2,350,42,BENIGN
41743,7582,84,291,11079,9819,250,875,335.65,408.41,37,36.36,20.86,28,28,306.57,141.93,85,362,BENIGN
52973,20032,262,497,1745,13124,887,1473,763.61,135.24,34,53.76,38.71,79,22,732.25,27.35,314,184,BENIGN
36728,20841,88,28,12513,11819,704,1287,213.34,202.34,29,54.44,33.56,46,43,807.1,471.09,547,171,BENIGN
17107,10909,109,227,9837,4065,795,704,606.41,496.92,21,75.22,21.33,44,13,34.36,479.72,396,136,BENIGN
6059,43076,493,268,12500,108,146,1046,178.17,93.83,28,65.15,13.78,67,28,154.98,165.79,253,168,MALICIOUS
49607,44916,475,434,6237,1072,1262,81,425.64,45.44,29,90.59,10.64,62,19,753.08,402.41,527,266,BENIGN
31917,97281,220,351,7539,10781,761,1488,1334.0,296.03,23,36.86,13.57,55,39,873.8,41.87,114,143,BENIGN
39562,38384,138,351,3309,7230,8,1011,1031.19,343.2,34,46.74,43.86,49,18,488.33,304.19,648,185,BENIGN
14379,44945,20,34,14725,5105,56,852,751.48,447.09,26,58.93,17.89,12,21,698.35,298.37,725,460,BENIGN
2142,44965,407,472,5895,3891,1362,1182,1201.51,85.95,30,55.87,35.62,44,16,570.51,495.15,938,19,BENIGN
59606,99987,369,427,10214,1435,829,608,325.34,480.11,32,98.41,46.14,73,35,421.49,133.06,59,243,BENIGN
37312,57873,2,323,1899,13454,242,1228,1174.07,395.07,32,58.11,20.55,43,46,120.7,158.0,88,5,BENIGN
34985,67714,29,17,5296,12193,87,1074,1206.85,38.62,26,0.45,34.19,79,5,960.51,252.06,108,478,BENIGN
21518,35849,91,425,11610,1101,1376,474,950.92,206.13,24,53.4,40.04,73,49,302.04,221.1,465,153,BENIGN
59476,79763,279,450,13013,217,1292,1020,335.95,82.21,36,88.91,10.71,49,16,823.99,368.63,897,465,BENIGN
4377,74795,158,74,2954,8764,148,773,136.55,322.43,22,17.3,41.01,0,44,115.3,64.02,986,390,MALICIOUS
46003,80330,470,253,13840,13702,641,1225,1417.14,406.44,36,90.57,31.27,70,14,777.71,420.24,427,232,BENIGN
54326,48335,471,322,10629,10782,823,66,477.71,205.62,31,3.38,40.1,33,26,220.51,172.85,915,202,BENIGN
10659,15178,234,408,11880,4742,1204,1424,501.52,280.56,34,87.4,47.91,84,37,452.45,148.92,120,201,BENIGN
18530,43020,306,149,9675,13458,1219,459,727.64,451.13,34,71.93,6.09,58,18,361.57,39.5,708,410,BENIGN
5294,73729,102,297,13122,14537,454,178,81.52,117.96,29,7.66,36.67,3,48,581.59,323.86,419,185,BENIGN
54113,38378,474,157,5160,3823,1274,191,250.99,278.46,29,62.99,31.77,29,30,540.45,196.52,397,250,BENIGN
15303,53254,118,397,2033,10341,381,503,1462.83,416.34,32,18.72,45.87,0,12,923.47,199.01,600,396,BENIGN
58399,23553,136,463,12023,533,267,1266,311.51,10.2,22,65.51,6.93,46,27,848.1,378.73,140,35,BENIGN
21467,54115,124,62,12865,9400,590,58,546.43,438.54,28,29.76,27.15,30,13,563.39,180.69,757,421,BENIGN
42869,63979,354,385,13497,4044,626,1482,653.22,137.87,26,60.78,38.01,40,37,668.24,363.13,397,293,MALICIOUS
49881,35478,114,397,14625,8509,185,1368,1427.4,75.02,33,29.18,47.51,55,8,804.83,357.78,200,350,BENIGN
13114,22191,116,16,14621,13108,460,1208,705.5,250.64,23,39.67,19.42,77,6,339.48,52.16,45,173,BENIGN
35409,62330,410,308,9539,4350,441,579,145.06,435.59,28,76.58,42.61,84,5,311.1,8.28,809,66,BENIGN
14189,33445,8,485,6768,13444,689,429,574.28,31.78,28,3.3,11.52,73,23,504.37,13.29,477,396,BENIGN
50441,70536,314,67,12096,4250,1491,1468,786.62,386.74,34,43.45,43.06,64,37,938.44,226.77,343,315,BENIGN
25949,72344,419,142,2651,3235,284,1056,762.11,49.85,20,44.81,38.09,51,8,578.4,53.02,836,190,BENIGN
46485,24582,327,233,13874,13645,313,308,651.04,205.5,27,45.03,19.12,64,9,380.95,28.87,233,255,BENIGN
17890,53975,20,330,7426,1275,58,963,67.25,211.17,29,30.89,49.77,96,21,252.57,384.09,35,10,MALICIOUS
22051,58007,186,79,11934,10009,1069,1482,1297.34,53.44,24,38.68,49.84,50,28,651.5,34.51,461,106,BENIGN
35900,26900,11,161,3055,6887,1390,646,479.84,306.05,32,86.72,32.87,75,6,140.53,433.25,896,230,BENIGN
50415,66439,98,416,3260,7923,1299,1043,51.43,406.6,24,90.21,42.44,84,35,789.2,317.43,907,61,BENIGN
61818,22723,383,363,6327,8473,321,307,1011.92,403.49,27,68.61,45.62,88,46,80.71,488.7,433,460,BENIGN
60509,97860,133,464,14644,13928,422,174,1471.01,63.85,30,89.94,38.44,33,17,543.12,104.03,830,369,BENIGN
14629,98046,318,462,5697,2903,1423,65,1251.11,445.52,21,98.45,39.7,36,4,841.37,287.32,41,362,BENIGN
58048,60548,44,415,5768,8324,1077,222,350.12,407.4,39,48.11,11.9,87,1,599.37,83.6,162,238,BENIGN
42113,95687,75,337,970,12497,233,892,700.53,327.24,37,5.04,31.47,42,39,17.18,452.3,315,237,BENIGN
25419,19682,32,462,12967,11150,880,1395,291.02,8.9,31,95.92,35.06,81,24,88.57,28.42,547,372,BENIGN
36286,84185,320,171,1112,7251,201,287,285.79,392.25,25,60.29,0.13,9,10,349.8,105.74,901,498,BENIGN
1717,50211,192,394,7065,10389,118,313,142.93,21.01,35,2.58,8.0,10,9,812.7,18.52,964,339,BENIGN
14305,40206,25,154,11228,726,828,120,856.84,409.47,25,29.71,44.04,34,22,92.19,5.83,99,16,BENIGN
26295,19903,383,386,923,221,223,579,500.04,103.88,34,52.82,25.66,90,29,993.68,111.16,674,120,BENIGN
44041,46477,220,54,6324,196,1208,180,1413.85,317.29,24,68.3,24.0,53,44,753.42,295.92,434,98,BENIGN
10794,90445,134,386,775,11148,1368,364,547.39,255.08,38,2.17,7.61,58,5,516.68,454.76,298,199,MALICIOUS
12244,57960,343,339,4016,1844,1447,254,866.9,7.24,27,54.74,5.99,43,49,12.81,98.97,267,170,BENIGN
1717,24988,217,89,13478,508,401,80,203.7,223.78,21,98.04,19.8,82,11,261.74,104.36,3,358,BENIGN
46664,93272,285,370,13848,14188,340,187,291.99,88.02,36,43.94,22.59,37,19,68.57,399.61,414,26,BENIGN
49627,94995,16,383,5317,5711,507,927,1270.64,382.43,24,46.35,44.48,22,42,24.2,385.59,123,93,BENIGN
11337,74339,456,112,3779,6380,126,698,1346.27,10.91,26,54.64,40.14,49,3,612.97,236.01,345,440,BENIGN
36056,85966,176,444,12528,13048,959,2,975.0,90.81,29,63.05,27.6,18,37,801.3,84.67,66,162,BENIGN
35546,66692,354,484,13359,13151,483,1221,777.48,224.13,25,27.63,41.21,70,16,898.81,262.88,482,429,BENIGN
23651,35681,38,393,9233,12950,373,1157,1327.71,51.57,28,71.29,22.94,66,28,171.79,0.94,156,69,BENIGN
32248,31523,247,259,11709,7420,827,504,114.77,388.07,26,33.78,31.17,70,28,881.87,355.49,205,255,BENIGN
33839,37280,79,157,4785,14346,122,963,652.4,426.54,28,81.22,27.21,14,12,906.86,229.32,876,213,BENIGN
48554,27448,336,417,7296,1410,423,917,1186.16,124.5,27,5.02,13.33,15,42,840.04,388.27,853,412,BENIGN
44064,43050,442,227,14440,2132,1007,26,601.22,155.52,34,93.32,13.6,68,25,62.69,207.35,695,0,BENIGN
23349,71226,273,203,5358,12119,1071,1236,809.86,323.95,33,19.74,13.05,77,21,990.66,26.9,722,263,BENIGN
54751,97570,320,130,13096,3242,1147,1195,350.54,330.68,32,3.02,19.14,60,7,945.31,97.16,170,226,MALICIOUS
16726,65297,469,225,1761,10895,873,769,692.24,397.7,26,63.23,14.06,22,7,157.98,267.68,563,269,BENIGN
25884,52673,127,81,11176,14222,1111,202,951.22,428.38,31,20.93,10.02,8,22,554.88,195.65,163,352,MALICIOUS
52265,30410,315,134,14148,2434,79,87,1495.24,486.22,31,40.15,47.03,10,31,718.99,494.29,237,491,BENIGN
18127,2661,316,251,14145,9738,377,460,1392.43,313.02,24,94.03,21.94,24,29,287.29,476.76,47,120,BENIGN
53594,10288,360,24,2924,2426,453,19,254.52,3.37,37,34.28,4.84,26,45,354.82,41.25,35,179,MALICIOUS
28161,81687,116,366,9560,1877,355,157,1278.67,236.94,38,1.8,34.64,35,23,841.13,102.39,908,57,BENIGN
3843,91179,59,121,859,3066,1429,115,771.21,141.81,30,85.25,35.89,56,28,881.12,21.55,364,338,BENIGN
50920,35038,253,242,12010,12661,471,1383,38.71,167.51,28,93.36,38.0,87,2,820.72,315.96,877,313,MALICIOUS
63246,36628,176,98,2888,12451,997,141,778.88,245.29,23,87.57,42.44,92,19,157.13,428.25,268,175,BENIGN
50164,64971,31,470,7834,2540,1069,989,347.78,19.12,25,53.73,30.81,23,17,808.83,456.36,155,200,BENIGN
24009,24535,241,397,4012,11078,188,1445,1170.52,453.9,31,30.67,48.68,83,22,314.27,14.16,848,213,BENIGN
46873,79560,434,114,8991,7268,948,995,1358.75,361.59,34,77.3,8.01,70,34,415.86,309.33,533,367,BENIGN
36692,3210,199,227,11921,13540,1342,927,138.02,444.63,36,33.78,11.27,80,38,482.16,228.94,61,304,BENIGN
25650,87512,459,103,11825,63,1429,771,465.4,490.95,24,99.88,8.42,73,47,938.21,273.21,818,437,BENIGN
12321,26524,101,254,3382,13122,934,254,11.71,315.5,33,90.85,46.38,92,32,646.97,299.8,502,444,BENIGN
26824,38860,469,494,8881,4175,264,1408,955.01,456.93,37,37.89,9.75,26,13,37.77,233.02,162,302,BENIGN
32718,93141,277,323,3527,13896,1041,8,866.55,172.35,21,8.17,3.23,94,49,14.32,145.63,116,300,BENIGN
2848,17560,300,290,4553,1378,61,1288,479.55,241.1,28,22.92,43.78,65,3,314.45,329.1,210,451,BENIGN
18670,78186,47,373,6841,10764,1163,1165,445.11,337.11,22,82.07,37.36,36,19,591.31,489.64,520,248,BENIGN
5547,69571,347,334,1968,13462,1434,1225,304.32,360.05,27,88.26,9.0,61,24,694.34,384.39,859,154,BENIGN
15358,74823,223,377,4106,9056,1065,47,760.76,106.69,33,6.85,19.05,69,34,369.04,379.23,613,456,BENIGN
43599,89765,435,53,10821,1989,253,1465,205.79,330.36,22,3.96,24.93,44,0,22.71,248.69,295,419,BENIGN
27493,63184,76,204,2883,13901,205,160,174.52,234.76,23,0.36,24.9,45,48,92.8,378.79,673,71,MALICIOUS
43460,63118,497,179,11776,10202,1448,232,94.24,90.03,25,14.66,16.46,18,7,437.59,235.82,717,227,MALICIOUS
5175,87487,285,53,1309,13373,103,980,141.46,59.26,34,86.04,46.38,0,43,5.56,230.06,657,35,MALICIOUS
23134,89466,344,192,2635,14895,728,425,532.06,269.54,26,44.47,16.25,89,23,88.93,143.28,403,377,MALICIOUS
23404,80272,252,451,1690,4528,1269,741,834.17,177.09,32,53.15,6.46,68,47,738.33,255.17,292,376,BENIGN
32581,22900,339,268,2022,14006,1025,1018,423.62,184.34,21,9.33,32.55,58,12,151.39,439.06,801,201,BENIGN
8421,9012,492,50,13203,82,1095,912,1309.7,358.97,23,61.35,21.48,3,27,507.24,390.14,353,61,BENIGN
20169,95037,146,246,10518,4257,751,981,1043.52,66.72,36,74.54,32.89,11,35,462.92,114.13,385,265,MALICIOUS
37381,79281,124,215,10592,10053,1493,524,1238.38,167.96,25,59.92,37.84,49,15,445.09,82.66,776,437,MALICIOUS
61598,35544,228,209,10593,5508,342,1012,445.58,373.96,24,3.48,27.38,58,35,457.27,479.78,845,230,BENIGN
40521,71694,161,88,2973,2451,752,477,589.66,499.93,33,71.69,11.94,41,3,388.4,287.49,952,496,MALICIOUS
18509,16528,82,369,182,7100,667,1314,542.08,361.67,35,39.64,21.69,57,15,606.74,472.81,299,481,BENIGN
32538,12033,376,259,1920,966,1412,1316,75.45,44.39,27,44.67,2.4,9,5,936.85,273.75,507,329,MALICIOUS
22806,79966,459,285,11171,791,1265,640,21.52,438.17,34,38.76,17.5,90,16,848.05,18.62,951,88,MALICIOUS
27145,75944,130,284,13335,5792,956,1373,1196.25,72.51,23,88.42,27.03,64,0,426.61,427.63,453,5,BENIGN
59834,58994,231,431,639,9136,1079,1006,1423.25,87.91,25,78.29,47.51,46,48,834.65,321.18,830,412,BENIGN
31681,84076,271,170,7454,3257,1188,1476,1210.41,29.03,28,0.29,5.71,84,46,734.13,79.8,694,459,MALICIOUS
16827,655,120,152,1993,394,924,839,887.29,267.45,26,36.28,1.67,36,13,370.1,182.18,657,175,MALICIOUS
53188,32163,302,238,7212,12790,302,226,269.37,343.81,21,90.7,18.29,3,21,809.87,426.81,317,178,BENIGN
13397,90986,412,112,5891,8335,141,1022,1306.2,381.93,27,92.13,32.82,4,9,660.19,296.86,223,37,MALICIOUS
20692,21680,292,60,6741,10929,538,400,977.91,30.08,26,15.04,28.2,62,27,488.73,46.93,480,61,BENIGN
43832,24347,22,247,9556,8134,6,1467,1222.71,366.16,27,83.12,8.28,72,6,209.53,287.67,116,180,MALICIOUS
40496,63762,177,315,6949,9584,475,839,635.6,467.52,29,58.52,37.48,45,4,537.24,68.48,124,6,BENIGN
39589,24078,50,189,2011,1291,858,679,1426.52,493.01,24,29.74,45.62,46,46,938.99,29.43,820,68,MALICIOUS
3768,43367,226,444,7436,14926,1245,1150,51.85,471.0,37,89.9,46.5,87,20,299.83,425.56,628,392,BENIGN
34060,99423,87,115,12690,9572,576,1057,1057.75,475.73,26,87.73,14.81,72,3,88.4,164.95,438,288,BENIGN
42480,52991,11,232,2796,11228,378,1183,875.45,60.5,20,67.15,23.56,32,7,233.84,345.2,335,288,MALICIOUS
21164,2939,406,217,11275,11687,809,1050,818.06,215.53,37,98.0,13.88,42,24,30.48,228.56,372,292,BENIGN
37054,74582,455,229,4011,12636,1008,1250,1102.14,396.69,30,24.73,8.89,92,43,987.22,449.36,775,208,MALICIOUS
10640,44654,71,244,11210,1351,1301,1138,1329.77,116.08,20,7.2,15.47,62,11,576.47,279.87,855,285,BENIGN
26894,56084,254,307,10637,902,106,1298,646.95,319.0,23,97.03,33.04,35,36,861.46,62.02,799,39,BENIGN
26187,29417,330,337,13405,9414,1129,149,585.85,462.34,26,38.64,9.61,80,47,898.37,286.53,9,87,BENIGN
4578,48972,431,408,4983,11920,1158,513,1133.99,455.85,27,85.8,44.11,49,19,147.04,478.91,918,324,MALICIOUS
8965,88232,96,210,10853,7224,399,59,50.16,446.14,36,18.98,13.96,7,31,305.89,309.22,994,415,BENIGN
61828,86358,150,480,905,12073,123,570,0.67,279.57,27,70.74,6.15,89,0,27.74,495.97,691,386,BENIGN
39125,34518,416,402,14282,9508,671,89,329.45,266.34,25,90.51,27.7,30,19,907.95,463.2,376,62,BENIGN
24375,61975,86,491,10747,11829,98,1369,229.21,206.34,38,41.23,22.96,67,37,335.41,171.58,20,157,MALICIOUS
17245,36817,121,487,90,9687,352,1055,878.97,154.92,39,62.45,24.11,71,45,385.96,335.8,739,126,BENIGN
51794,67368,388,382,11945,10348,114,632,502.46,153.59,30,72.98,42.98,91,20,421.41,89.38,648,41,BENIGN
41270,42684,53,3,1265,13875,1056,1274,1485.9,374.69,30,28.48,43.61,67,13,743.61,450.61,158,83,MALICIOUS
46815,95695,29,347,3628,1572,828,1052,766.41,46.25,27,39.33,10.54,76,31,404.68,93.59,854,351,BENIGN
9442,75703,65,202,3068,2359,969,18,90.37,421.69,22,70.02,36.98,21,12,752.97,339.79,8,188,BENIGN
15257,54236,68,84,7872,3675,1119,67,1318.87,469.94,26,6.15,47.12,45,2,612.72,194.57,811,386,BENIGN
17098,95909,43,499,6135,3399,244,1308,1361.3,89.98,33,81.95,49.85,85,7,398.06,349.15,93,325,BENIGN
43854,82827,227,259,653,2119,1057,369,57.02,489.5,32,85.76,12.24,78,46,326.0,118.22,384,322,BENIGN
6557,9538,364,350,2782,13681,118,1317,32.54,125.28,24,97.32,3.05,49,8,128.81,371.05,492,238,MALICIOUS
18843,92033,201,170,6639,10882,1341,147,179.67,32.76,35,31.72,33.91,69,9,554.03,201.98,754,81,BENIGN
1023,79838,167,35,1604,9692,1124,1068,43.23,208.23,20,62.3,8.68,4,40,79.47,305.14,807,389,BENIGN
25874,77278,290,404,13400,7611,475,106,482.24,462.82,21,65.89,21.71,3,46,760.7,448.47,869,228,MALICIOUS
25804,35263,90,371,9129,14906,1074,1187,926.29,144.96,24,51.14,2.26,3,45,849.32,212.45,713,365,BENIGN
1790,62663,398,418,10880,4302,612,621,1182.03,337.89,29,17.7,1.14,19,42,741.58,442.99,444,337,MALICIOUS
7291,38940,344,274,3748,10383,463,562,198.79,38.19,23,64.98,17.16,52,35,842.82,403.94,109,78,MALICIOUS
44817,34514,393,4,9705,11053,969,1138,155.96,389.16,25,50.28,34.54,71,44,501.77,94.7,797,247,MALICIOUS
60776,61307,484,389,14189,14323,1287,197,634.16,140.63,25,97.38,35.24,24,13,411.68,335.14,174,354,BENIGN
51686,47820,207,456,9780,3639,1477,665,1125.63,385.93,33,40.44,48.14,75,37,590.71,120.62,240,179,MALICIOUS
22563,40543,71,187,1065,3147,1385,217,1399.26,408.72,32,94.16,1.41,22,17,9.93,213.31,580,82,MALICIOUS
8811,5967,426,59,9469,13715,252,385,656.71,121.52,29,85.74,19.86,37,23,247.8,367.61,229,468,MALICIOUS
19512,51875,174,363,8240,440,609,1201,863.06,41.76,32,33.78,33.03,2,37,302.4,186.61,418,71,BENIGN
30012,73619,259,353,4904,9891,571,1267,196.62,80.96,27,38.68,15.4,98,49,138.71,45.99,747,477,BENIGN
57927,92833,190,151,1603,9309,1159,739,1085.06,216.51,33,75.88,24.24,50,0,878.93,409.41,950,460,BENIGN
1802,47792,88,63,9790,5071,728,400,618.1,493.59,31,75.48,24.71,68,20,580.06,251.82,376,211,MALICIOUS
49028,22085,74,284,12719,8185,271,1034,1162.82,156.73,22,83.74,4.96,62,48,779.54,396.49,354,376,BENIGN
39644,98373,497,361,5676,14076,1287,691,371.12,248.79,36,66.95,39.99,62,37,996.69,313.44,515,448,BENIGN
47333,53914,356,470,10413,8796,763,478,386.43,322.73,31,77.23,48.19,29,10,196.6,302.01,475,260,BENIGN
9434,10386,314,224,6870,1297,1266,616,82.89,40.59,23,15.75,41.92,91,30,549.03,175.43,70,469,BENIGN
27968,77807,1,82,1350,7064,731,760,278.74,221.04,34,47.66,43.68,84,17,793.31,441.45,982,309,BENIGN
6632,34086,149,30,8997,514,1265,1126,134.75,258.58,26,77.42,32.87,37,0,386.95,499.07,82,271,BENIGN
21620,5070,301,77,10035,10123,421,1323,1174.73,381.15,31,81.34,34.98,6,21,502.02,393.85,86,57,BENIGN
55876,95566,362,215,11758,2763,289,63,1203.15,379.81,30,31.03,47.37,82,29,69.34,191.41,655,452,BENIGN
48552,29199,174,3,9629,6506,1092,1326,373.11,103.59,29,76.24,21.47,91,36,48.97,461.54,785,398,MALICIOUS
57721,34434,357,51,12752,4361,690,598,575.14,194.2,38,4.06,48.88,43,49,159.13,140.44,894,408,MALICIOUS
28780,92401,196,481,13281,13915,74,459,1284.04,80.97,20,62.28,33.09,3,34,975.68,103.56,915,33,BENIGN
58716,75810,399,423,9375,7236,695,723,1388.2,276.19,31,59.25,18.53,95,41,101.41,449.97,63,347,BENIGN
33685,49601,452,192,3565,3304,689,901,522.34,369.64,31,33.54,49.62,41,23,562.51,419.79,871,192,BENIGN
54822,44672,283,178,14528,6484,424,1287,397.12,82.29,36,51.3,1.87,90,21,523.29,415.86,708,276,BENIGN
21009,42488,361,279,8713,2393,406,306,998.72,496.0,21,54.95,29.64,6,29,729.02,301.46,625,76,BENIGN
29160,84434,357,463,12349,3645,706,1266,1205.5,269.05,39,1.24,14.88,96,9,534.63,112.75,26,413,MALICIOUS
58640,29717,138,74,9192,12919,758,512,902.76,449.38,23,26.37,8.52,61,40,42.19,426.88,155,37,MALICIOUS
44596,43893,176,331,2486,1047,834,586,1326.35,5.16,33,51.43,45.85,64,0,153.59,431.5,117,457,BENIGN
35987,61226,239,67,4816,10003,769,1114,806.55,467.32,25,94.94,26.76,84,19,955.52,44.57,183,57,BENIGN
63596,9633,215,58,376,9846,218,11,606.89,26.13,25,42.62,0.52,73,37,412.92,63.72,9,441,BENIGN
60713,82646,70,256,3761,13017,988,602,1010.55,322.24,21,47.07,13.49,23,0,868.91,36.77,536,452,MALICIOUS
39241,40838,254,153,3541,11196,390,375,225.35,200.37,35,53.06,28.65,14,34,340.23,7.4,590,473,BENIGN
49283,16662,58,127,13586,5457,498,1066,1164.89,390.61,27,2.8,27.22,21,24,767.39,406.8,141,400,BENIGN
5889,40218,467,496,4651,8006,230,1287,1163.87,313.7,35,26.75,35.74,66,2,49.91,382.43,125,109,BENIGN
34784,7004,246,311,4051,8128,1042,570,1400.01,298.81,28,67.15,39.7,68,44,808.8,142.71,490,417,BENIGN
33353,4305,422,239,8513,12322,732,473,1300.39,91.71,26,67.62,35.42,89,17,433.11,275.89,563,88,BENIGN
64091,19415,339,23,8167,2557,1277,565,247.57,48.98,32,72.93,2.5,39,34,152.63,94.24,457,467,BENIGN
1557,96488,158,185,12109,4220,207,1304,384.65,473.84,24,27.91,2.44,87,28,630.07,53.27,316,280,MALICIOUS
20323,25174,444,271,10757,4654,1397,525,1203.88,308.38,27,33.2,32.37,24,19,815.46,16.32,858,35,BENIGN
60333,30119,161,275,2035,7664,1131,1242,1021.89,359.05,30,95.63,37.26,87,0,136.88,311.43,927,371,BENIGN
58950,83170,317,27,4691,490,1494,529,454.78,127.83,34,11.84,8.98,12,2,33.6,123.07,138,21,BENIGN
22087,23554,389,333,2372,9337,1147,1174,1468.33,215.43,35,29.61,11.47,30,39,231.3,444.71,139,312,BENIGN
60414,35772,371,331,10822,12391,1369,874,995.87,35.88,38,22.97,19.19,75,32,187.4,373.13,388,284,BENIGN
19178,34604,28,481,6005,2063,910,481,1115.02,482.6,37,82.57,33.36,57,49,426.01,176.36,967,348,BENIGN
1065,31164,109,493,9442,1247,216,1230,1129.49,32.86,20,6.43,36.49,93,1,726.17,178.84,43,345,BENIGN
23894,42824,319,356,10255,6072,777,602,933.7,373.03,32,27.61,30.17,83,37,770.68,153.5,940,315,MALICIOUS
50763,22084,10,396,1553,2408,994,1099,1050.14,30.21,34,53.66,32.83,70,33,950.93,85.35,962,444,BENIGN
60960,25771,104,143,9868,4843,528,697,1191.66,37.25,37,51.46,48.26,13,32,806.21,255.44,260,253,BENIGN
54183,62794,58,402,14915,6710,89,1008,1262.5,66.71,20,44.14,4.18,4,6,700.7,406.14,81,72,BENIGN
50816,79205,439,53,2354,7107,784,398,533.92,81.61,20,29.05,26.8,55,31,734.91,76.91,733,233,BENIGN
56857,49780,454,151,13918,14515,440,560,367.06,61.86,23,54.71,23.68,63,22,500.36,436.36,556,118,BENIGN
57841,8148,207,30,11547,13658,323,1203,1038.98,34.9,30,83.89,22.64,89,9,867.34,156.54,36,316,BENIGN
35394,71459,222,275,3750,6638,1284,856,120.09,294.99,36,98.14,34.12,76,4,191.91,485.84,43,279,BENIGN
30955,14013,76,280,1661,3280,1077,1099,1146.47,40.45,31,4.25,0.44,55,8,660.35,195.5,274,441,BENIGN
50282,43459,254,191,12811,3682,369,1314,571.59,491.22,23,43.11,16.48,67,6,670.85,178.49,224,49,BENIGN
51519,78144,455,41,14819,8463,1407,409,1360.35,52.39,39,23.65,9.23,28,5,417.54,35.01,729,260,BENIGN
20460,23441,261,136,5738,10319,581,1498,1494.98,239.99,24,9.93,13.18,94,33,828.04,121.51,169,86,MALICIOUS
49276,56701,289,402,12337,7136,1260,1050,37.52,452.85,25,87.12,1.11,40,3,619.03,187.26,377,26,BENIGN
12907,20552,285,59,2328,7905,117,1100,90.69,24.74,22,7.15,24.82,11,19,10.11,277.36,332,55,BENIGN
53053,92295,166,101,9227,2309,1361,878,1050.99,427.7,27,15.16,35.65,18,26,135.92,131.18,504,425,BENIGN
1321,77816,61,261,7487,12924,946,1105,773.35,254.65,26,48.76,4.38,80,26,970.59,212.7,354,91,BENIGN
26100,41439,127,103,10433,42,890,414,1462.86,327.51,24,64.53,12.05,80,35,216.63,244.07,8,169,BENIGN
27805,38449,442,338,12553,10904,200,39,857.31,72.28,23,46.37,5.7,49,33,819.4,4.24,713,84,BENIGN
64106,39053,155,399,6990,6830,1087,397,1388.53,396.32,38,16.55,48.59,93,23,576.92,24.59,926,401,BENIGN
9687,1265,489,1,173,2994,881,972,566.15,484.11,38,1.39,39.86,4,16,176.9,306.76,215,112,BENIGN
62959,1770,490,56,10158,12387,1290,37,892.1,27.18,29,32.49,42.12,11,24,611.47,317.9,430,331,BENIGN
8325,76434,38,461,8108,3464,1441,603,454.0,349.73,20,93.16,38.71,77,43,445.05,125.7,546,28,BENIGN
48693,6664,14,257,14092,7114,842,768,143.51,397.02,33,75.5,2.71,84,6,428.63,163.13,69,9,BENIGN
64997,11942,14,120,8084,11170,1206,538,12.28,65.25,36,93.08,42.04,41,45,261.37,374.51,207,39,BENIGN
6519,30132,368,230,6517,1009,640,703,1182.0,104.46,21,50.98,27.33,78,31,105.9,420.51,595,55,BENIGN
36186,6227,135,469,14529,5390,1323,653,1201.52,3.84,20,52.09,43.49,38,14,508.2,222.22,332,318,BENIGN
37624,35982,83,480,13606,7181,946,252,1406.64,409.72,23,15.1,7.07,98,18,522.58,329.21,990,86,BENIGN
38263,19888,95,375,10855,8026,201,1098,728.64,209.41,21,58.92,2.98,20,37,180.03,359.06,448,104,BENIGN
36390,84692,140,59,11395,1930,360,1045,925.19,498.55,33,35.5,2.39,22,13,546.99,69.88,571,120,MALICIOUS
31739,32455,463,325,9462,5174,874,648,498.32,171.73,34,22.37,21.03,24,21,984.6,195.17,707,102,MALICIOUS
33872,29109,127,318,9877,10856,630,1219,762.89,213.22,33,77.39,33.51,59,18,482.01,438.05,656,71,BENIGN
32695,70525,11,200,7164,13082,583,62,262.58,257.84,35,96.46,48.54,0,37,710.13,465.69,557,152,MALICIOUS
8169,13972,351,463,1579,2727,1157,934,334.65,3.45,25,22.19,28.61,47,29,355.98,466.18,324,406,BENIGN
5219,23562,145,158,350,9531,596,956,1009.44,58.0,28,31.31,21.77,18,33,401.58,398.4,429,21,BENIGN
57868,8858,134,305,3690,12922,214,214,527.52,323.67,33,38.98,22.09,88,16,208.43,215.64,337,251,BENIGN
58402,25066,222,161,9775,3918,365,64,995.24,393.53,25,77.31,32.23,14,8,919.42,273.13,444,323,BENIGN
32127,89198,119,490,7641,4254,405,445,311.59,372.1,32,85.24,35.4,10,46,311.39,194.0,261,330,BENIGN
28991,98965,82,362,11996,13110,1221,856,543.31,231.39,38,19.73,36.47,10,11,306.0,344.16,996,23,BENIGN
54710,85355,32,136,1433,12469,1355,244,870.15,313.78,26,44.42,46.43,52,34,721.26,114.1,23,45,BENIGN
43738,17339,393,364,7077,7183,24,504,506.8,243.85,32,84.18,15.84,52,34,136.78,65.37,817,414,BENIGN
46003,14870,328,130,706,9493,1340,443,409.05,246.43,25,94.39,40.74,20,8,896.48,445.27,805,332,BENIGN
31218,22463,62,202,8298,4026,166,794,415.66,180.89,38,39.65,45.41,44,26,109.48,464.64,103,230,MALICIOUS
21618,29357,477,7,4501,10824,1401,324,714.48,16.61,39,89.65,30.65,26,35,64.21,221.56,800,48,BENIGN
38342,23111,252,307,11477,8952,1421,489,1274.92,470.14,31,74.9,31.36,18,0,163.53,480.74,135,342,BENIGN
34247,22468,37,249,5097,4933,889,1296,667.93,377.95,22,12.5,22.81,83,2,128.08,492.48,72,220,BENIGN
25445,15418,419,269,4427,735,1182,1224,303.27,476.44,37,22.71,23.17,96,41,874.27,347.68,426,379,MALICIOUS
39191,41143,457,430,1178,639,92,1412,115.95,302.26,30,42.33,10.98,58,44,445.45,67.21,985,447,BENIGN
54981,30822,492,16,13564,10506,12,1442,1237.03,216.86,35,89.76,0.08,73,14,554.76,237.72,254,101,MALICIOUS
47736,6230,283,358,12896,14583,1413,368,1393.69,155.43,21,99.51,17.29,67,41,266.78,19.99,848,304,BENIGN
7425,64581,59,128,8903,10516,1003,55,790.63,380.08,38,5.48,46.94,5,11,819.02,43.44,456,91,BENIGN
16336,26591,97,252,14801,11097,1128,1009,1072.35,246.49,24,21.5,36.73,41,47,955.37,288.52,443,345,BENIGN
25126,84074,289,404,5616,3745,505,1209,1457.88,354.9,32,91.37,6.04,91,30,954.48,299.21,282,11,BENIGN
63552,2439,417,404,6715,39,885,616,1381.41,105.44,33,60.64,9.76,84,25,640.88,100.14,482,161,MALICIOUS
31875,99191,270,237,9855,11318,955,1386,282.42,85.16,39,40.01,33.93,50,35,813.05,30.02,523,113,MALICIOUS
23526,79626,391,325,14196,4483,1343,110,709.41,469.18,32,22.56,27.12,31,31,612.55,440.11,846,145,BENIGN
21654,47204,164,106,384,2290,496,1466,1410.46,81.94,23,20.23,21.65,89,15,20.8,161.96,534,13,BENIGN
3149,32430,252,368,8995,7658,207,599,1248.8,290.94,32,77.71,40.66,18,26,108.8,23.33,71,71,BENIGN
7509,7429,480,37,2627,14415,1217,935,1242.48,83.33,27,34.7,13.85,87,15,53.71,72.0,562,119,BENIGN
59674,20090,497,332,14057,11702,911,758,771.63,240.64,32,40.15,34.08,93,28,282.22,28.25,835,438,BENIGN
20251,17346,116,152,6152,2141,99,688,1484.44,392.39,30,70.09,8.89,15,49,886.1,59.41,156,434,BENIGN
5548,91339,88,229,14347,9606,865,739,891.07,308.17,26,62.23,38.93,41,33,905.68,117.26,675,143,BENIGN
37014,71065,232,112,7595,7107,971,1147,716.75,6.05,36,9.17,29.0,8,11,322.61,329.28,835,79,BENIGN
15831,21472,282,116,13795,5781,294,1308,478.9,237.95,35,34.78,8.52,62,5,807.99,71.17,705,243,MALICIOUS
55595,68086,313,117,11162,6728,1256,1083,1043.86,118.1,31,16.67,29.31,0,42,599.84,165.71,40,14,BENIGN
28171,54389,196,132,12405,13805,786,1097,899.35,66.66,24,45.73,1.5,93,38,948.18,25.55,364,115,BENIGN
9906,54804,220,488,11385,1409,1271,902,737.34,108.12,36,61.59,15.85,9,20,895.74,84.15,961,378,BENIGN
19380,11907,312,368,4450,10740,455,87,440.58,191.0,26,63.31,24.88,97,21,458.79,134.73,924,163,BENIGN
9658,22401,68,91,14322,9754,568,281,696.71,364.49,26,35.43,9.67,82,26,658.58,257.25,176,244,MALICIOUS
58986,905,84,155,9946,754,1421,531,594.04,405.95,38,47.85,33.92,94,19,519.71,269.92,586,375,BENIGN
30208,18735,307,474,11438,2925,155,388,99.49,318.46,38,50.05,2.16,83,3,244.55,12.93,336,444,BENIGN
53989,71606,157,278,14602,1175,883,263,473.02,198.88,36,45.52,23.78,46,29,71.1,498.46,626,143,BENIGN
36292,41827,294,292,14432,10694,198,214,911.51,233.36,38,77.1,9.83,47,10,189.89,48.05,143,193,MALICIOUS
11831,18405,457,174,14022,11538,737,1496,366.42,498.78,20,71.89,47.82,27,40,731.53,405.34,455,355,BENIGN
17121,77560,440,113,10792,9478,168,896,479.96,95.03,21,83.21,34.35,74,14,310.2,443.13,327,244,BENIGN
4823,36690,167,470,6276,9101,698,499,533.83,271.49,27,7.14,47.15,23,13,509.15,254.67,533,155,BENIGN
57653,93489,62,324,3164,10380,740,729,787.58,156.27,36,58.68,48.69,39,4,777.29,439.25,193,66,BENIGN
43377,97065,119,309,12803,6861,235,1219,820.38,325.24,21,65.28,17.92,37,47,498.84,423.7,763,32,BENIGN
12470,24795,138,389,10218,924,869,1140,1240.71,47.8,33,43.93,0.69,55,42,951.09,412.59,572,347,BENIGN
27292,48783,194,222,12446,14901,1443,220,1403.62,116.33,24,65.28,43.17,62,38,212.91,17.62,833,251,BENIGN
40113,75984,294,413,5276,6891,831,709,524.43,499.13,36,45.05,1.61,76,29,385.36,441.11,110,465,BENIGN
62099,20473,16,436,6269,2697,512,566,1283.54,224.95,30,10.4,6.25,76,12,919.03,416.53,661,482,MALICIOUS
2862,72733,194,379,14316,9633,1464,996,633.59,34.09,22,31.33,36.24,69,30,630.95,444.97,560,272,BENIGN
34757,9530,215,421,12684,4321,162,525,659.69,250.01,37,99.99,40.06,43,14,230.73,268.61,327,247,BENIGN
29746,41923,271,347,14337,3927,640,1163,153.93,23.14,26,47.45,18.17,90,20,790.95,344.94,803,84,MALICIOUS
34946,26054,339,64,2071,4865,661,908,485.55,6.7,35,24.84,8.23,15,33,392.63,492.71,532,107,BENIGN
63153,28135,412,59,11630,5028,225,791,1303.71,478.19,26,53.32,47.23,78,49,740.42,480.29,143,150,BENIGN
13080,87266,108,259,2316,3989,1148,266,177.2,383.45,39,66.66,13.73,0,40,4.36,481.48,269,1,BENIGN
18345,84099,495,412,14527,13455,1042,1163,213.35,208.08,34,61.52,5.81,97,7,960.35,93.41,306,78,BENIGN
45076,15214,27,354,5437,13842,678,405,657.84,75.96,36,83.61,0.94,47,40,30.42,415.91,85,274,BENIGN
13923,54066,3,163,2522,12252,251,1074,1395.33,279.12,31,57.66,20.43,6,37,178.38,37.85,223,289,BENIGN
46073,19852,57,381,9512,6328,851,1446,803.98,189.09,24,28.52,14.79,25,49,879.12,115.09,796,437,BENIGN
37423,73294,387,280,14968,3099,215,468,250.2,358.15,32,57.48,22.63,66,18,799.08,124.91,294,394,BENIGN
35644,87577,283,254,8707,2027,613,501,804.05,50.69,29,8.3,48.28,40,15,152.7,436.91,230,53,MALICIOUS
15089,51902,181,401,13701,10236,954,1370,935.58,73.25,20,70.97,39.72,24,0,603.21,365.92,924,50,BENIGN
30495,56837,60,366,2047,5976,775,84,151.57,401.13,33,4.95,1.93,45,39,195.45,18.41,104,376,BENIGN
30549,83293,108,411,5046,2883,1181,989,273.72,109.07,35,8.69,31.21,21,27,379.72,416.11,603,358,BENIGN
18750,50656,295,8,12252,13737,229,1362,1187.78,453.02,23,85.61,19.26,88,39,152.41,380.44,174,158,MALICIOUS
47184,59009,397,465,6877,6925,1314,802,1366.15,459.54,33,39.92,47.73,21,21,482.84,63.48,721,21,BENIGN
63295,96907,330,16,2269,909,27,80,298.41,80.25,23,77.25,47.57,42,26,112.4,467.58,152,192,BENIGN
55952,85210,18,61,8098,7077,726,98,1115.29,78.76,31,6.8,12.05,52,10,885.12,8.42,98,235,BENIGN
36511,22735,22,398,13689,1410,669,1460,1223.43,270.12,26,49.89,6.19,73,45,649.49,23.18,525,28,BENIGN
33944,73975,369,18,5060,10260,1105,496,433.2,390.62,29,77.83,33.89,40,13,232.76,247.63,399,19,MALICIOUS
52593,24792,130,263,2435,281,1080,332,69.97,238.38,23,59.79,3.01,21,46,436.8,159.74,28,486,BENIGN
12456,25206,303,155,14073,6089,1246,1360,131.67,380.83,28,31.88,6.14,73,19,904.4,291.85,915,89,BENIGN
17008,64073,155,37,1730,11291,1051,301,1394.81,455.58,37,0.58,35.5,95,25,31.8,372.13,89,69,BENIGN
38865,72357,148,24,6630,12352,858,1313,1296.41,152.5,38,33.07,0.1,77,16,451.17,320.77,285,476,BENIGN
9609,57034,362,368,14255,11974,390,1108,301.25,342.81,35,95.66,26.07,4,35,329.38,28.81,364,312,MALICIOUS
25386,40513,192,159,8872,14742,1118,1461,295.67,43.32,38,29.15,3.91,62,33,354.76,428.57,491,21,MALICIOUS
12338,12894,491,242,5132,4820,1074,1110,429.7,436.32,27,98.92,6.41,42,13,359.45,385.43,541,72,BENIGN
28094,38703,191,88,717,7534,1024,964,112.91,282.09,32,4.11,36.5,27,22,519.5,451.65,570,455,MALICIOUS
63513,73770,241,493,6791,6129,345,1426,694.12,38.43,25,66.18,27.11,59,42,878.47,212.62,788,104,BENIGN
44456,20545,59,31,3230,8985,831,967,795.85,227.44,21,85.72,26.53,77,4,959.05,181.06,227,42,BENIGN
26286,22516,36,68,12170,13520,1154,1238,341.66,467.44,35,82.11,20.77,58,25,868.22,409.52,483,210,BENIGN
21045,73529,488,258,14310,2896,1218,1415,1059.82,472.46,38,3.58,32.73,43,27,336.63,421.83,461,26,BENIGN
9884,22173,166,304,14988,771,1486,936,952.16,458.83,31,49.56,44.1,13,3,881.92,436.14,357,320,BENIGN
5547,84111,307,71,13804,7875,1338,574,754.52,494.23,30,21.65,11.15,78,39,978.8,482.28,668,285,BENIGN
14029,88992,380,78,8932,11461,822,1441,1246.43,91.59,36,35.86,10.42,44,26,442.28,91.13,495,453,MALICIOUS
7790,19055,474,379,10838,9798,498,1434,1213.62,161.52,30,41.46,17.98,41,43,522.63,365.82,782,208,BENIGN
38511,99916,301,122,7488,2494,845,315,553.83,307.09,29,68.31,19.63,53,7,29.97,374.68,39,364,BENIGN
23189,28530,420,390,7257,2068,1106,1275,1286.37,260.62,31,5.84,20.27,69,34,817.19,388.65,562,479,BENIGN
51710,75240,356,464,12546,6162,1079,488,1469.53,123.45,36,92.48,12.63,88,38,618.69,334.47,169,363,BENIGN
26911,15734,138,90,4532,8164,266,467,152.48,29.02,28,55.82,28.59,17,24,877.37,21.59,400,289,MALICIOUS
29425,35075,361,83,11169,9104,171,314,343.15,443.28,27,38.88,27.36,95,40,983.77,446.15,898,141,BENIGN
63044,40534,382,73,3857,7965,341,520,705.57,10.63,29,42.18,46.73,55,8,567.53,376.97,782,85,BENIGN
61607,23909,405,6,9733,742,23,1026,471.36,280.42,22,46.58,14.14,73,7,424.66,295.92,226,378,BENIGN
43950,81815,164,67,2058,11785,1211,498,210.96,329.78,24,61.83,7.44,3,7,674.05,325.04,35,233,BENIGN
14005,34421,220,270,7461,12964,417,311,339.36,173.67,31,64.11,4.68,75,40,295.93,492.17,685,1,BENIGN
52271,99786,391,400,692,10668,201,1101,1161.28,95.78,26,92.39,34.76,48,43,755.7,88.85,458,315,BENIGN
32413,42176,371,448,9811,246,750,1302,684.84,193.38,35,77.18,26.68,77,43,167.24,421.02,327,222,BENIGN
37060,29079,369,241,9368,13722,1286,973,949.86,222.86,32,1.31,38.63,71,23,204.36,188.43,443,449,BENIGN
31507,72018,283,252,7345,1022,534,1313,315.9,1.73,29,42.01,2.34,12,30,464.6,263.26,669,410,BENIGN
24347,57922,309,254,13420,840,933,191,1478.57,299.55,29,0.3,35.49,78,44,645.91,102.43,456,73,BENIGN
44795,58370,131,269,4590,6899,620,1141,1220.54,218.76,36,92.39,41.44,92,46,787.14,425.82,723,113,MALICIOUS
39987,46540,303,470,8739,11895,1430,278,1464.02,257.34,27,62.17,44.41,5,24,229.05,387.62,542,459,BENIGN
35773,12380,103,305,11657,2878,1234,927,448.01,232.8,35,1.74,35.91,7,14,806.34,175.36,424,63,BENIGN
8176,29679,242,436,13077,5077,987,975,1138.82,170.76,31,80.41,48.93,1,5,929.46,143.44,398,437,BENIGN
10730,47806,335,259,4212,8918,1312,799,534.55,394.56,34,36.34,11.06,68,1,451.46,340.09,641,32,MALICIOUS
16137,94021,89,498,12270,11748,199,412,470.39,410.18,22,78.37,25.89,93,33,892.44,369.1,633,496,BENIGN
7461,76173,309,162,3473,6857,628,907,1426.32,188.43,33,35.53,4.7,66,20,75.51,421.57,606,372,BENIGN
30450,18624,327,192,13203,453,643,110,843.98,354.8,27,56.18,14.27,4,30,534.12,346.19,616,461,MALICIOUS
38021,11839,96,334,12815,5830,286,432,1033.52,126.75,25,2.51,39.97,1,2,765.64,383.28,403,149,BENIGN
59070,80259,376,122,3857,11462,595,500,877.32,261.41,27,15.41,3.46,63,8,717.53,178.79,753,103,BENIGN
40730,80284,343,325,2381,4482,1112,835,1031.42,221.52,28,67.23,25.99,98,12,838.28,169.42,918,121,BENIGN
63177,43453,393,273,6150,8898,159,1094,1119.01,388.46,23,32.64,2.19,91,26,740.65,494.58,576,494,BENIGN
62404,22682,330,227,1382,14118,519,1211,1164.7,463.03,33,98.35,6.53,92,45,770.67,122.29,909,324,BENIGN
43218,4439,111,371,11568,14922,1494,1129,124.87,313.97,20,87.55,48.23,8,45,24.22,323.94,389,362,BENIGN
28704,85765,452,236,8686,10825,74,239,938.13,201.92,21,72.33,32.56,57,11,563.12,179.49,601,257,BENIGN
35376,55022,422,81,13557,14438,293,394,246.58,437.21,28,77.58,0.16,7,9,945.38,164.4,856,489,MALICIOUS
9049,35277,369,444,13147,760,877,304,769.17,423.18,37,71.72,4.3,41,29,870.19,96.12,33,138,BENIGN
18124,31428,35,339,13142,252,84,295,869.57,367.97,26,91.51,9.41,34,12,385.26,47.3,567,455,MALICIOUS
43251,55710,208,473,12167,814,330,425,95.95,91.86,20,44.21,35.81,28,18,866.38,44.54,553,440,BENIGN
21770,35322,15,326,12800,14386,1020,1169,85.43,240.61,27,90.88,49.44,29,3,511.29,70.64,540,128,BENIGN
65160,53373,141,93,4095,3227,215,904,1263.13,73.56,22,9.98,42.33,8,16,748.4,144.98,211,138,MALICIOUS
43387,80395,325,365,1860,12888,652,380,420.43,235.84,21,4.57,12.43,34,1,232.02,26.47,605,399,BENIGN
45850,75890,183,303,11778,737,943,1466,611.53,15.98,31,49.68,43.02,92,3,790.38,141.53,822,141,BENIGN
13997,81533,276,165,2855,1487,651,1149,1163.74,217.47,22,12.79,17.27,33,29,651.5,445.38,446,63,BENIGN
34384,65019,404,420,14519,11825,935,776,1372.72,32.37,39,77.34,37.29,69,7,537.22,169.49,833,497,BENIGN
42038,37925,94,470,10108,10230,596,448,956.0,72.47,35,93.67,26.97,90,9,842.46,150.45,784,135,BENIGN
7858,23430,401,465,9687,11260,1278,989,84.72,272.11,32,86.44,8.0,72,49,972.74,272.21,407,37,MALICIOUS
7195,618,313,213,5612,4455,1094,1469,514.29,203.24,30,53.77,30.07,4,8,663.73,378.88,681,95,BENIGN
38901,59727,345,192,2786,12987,21,614,664.3,35.92,32,49.37,44.58,34,49,257.31,481.1,799,418,BENIGN
21913,33435,479,50,7737,10054,1193,1085,1270.42,400.22,21,15.74,20.44,8,26,565.94,349.51,884,208,BENIGN
29340,49397,132,349,14964,5068,240,1283,601.03,153.11,29,78.3,11.81,7,49,700.21,449.23,556,55,BENIGN
9939,12859,52,302,3063,14696,1008,1164,1479.47,234.19,26,23.63,39.26,23,43,117.11,384.19,627,420,BENIGN
1850,77269,373,318,10743,9251,1210,575,288.81,5.71,29,12.01,25.08,63,20,749.0,298.78,6,18,BENIGN
37727,56293,8,395,6948,1211,1397,232,888.16,232.92,32,5.96,42.37,45,29,237.82,239.2,340,200,BENIGN
47616,29430,379,363,9956,6396,582,1070,210.36,244.01,31,61.44,12.76,70,14,378.73,93.77,543,41,BENIGN
26767,98350,471,214,6098,10437,674,637,763.08,317.98,30,18.28,13.94,42,43,325.05,317.13,43,475,MALICIOUS
28596,72246,277,1,13477,580,536,1446,685.09,224.64,24,49.31,28.54,62,8,229.52,241.02,251,118,BENIGN
39810,44356,346,130,3773,590,966,1182,169.62,229.19,38,43.16,34.97,89,45,906.37,290.93,144,133,BENIGN
2270,44644,337,246,289,2968,1108,473,200.89,457.23,28,75.12,30.33,74,14,971.64,22.41,296,129,MALICIOUS
40421,34602,250,153,3519,9045,181,892,264.55,352.12,34,10.32,13.33,76,3,284.36,394.08,322,276,MALICIOUS
25156,91877,3,128,1098,7898,347,1462,187.07,50.98,28,19.43,2.36,22,28,736.04,294.68,269,280,MALICIOUS
41113,90939,205,199,7246,7420,1001,361,746.45,59.15,26,46.54,46.28,11,44,276.35,344.14,197,332,BENIGN
17363,18810,5,334,1261,7862,1311,1138,547.33,139.65,37,42.61,38.78,49,4,160.31,143.31,655,303,BENIGN
45302,67426,57,420,1793,5430,798,757,68.78,204.99,30,78.7,43.53,21,43,411.1,23.49,789,487,MALICIOUS
41748,70536,151,313,14368,10938,957,508,1025.14,50.32,27,77.16,40.76,28,1,723.19,273.59,545,344,BENIGN
45725,80645,322,343,12729,7549,1388,548,1372.27,346.42,20,60.75,26.5,43,29,687.28,259.35,408,52,BENIGN
25121,58510,296,137,5128,5962,275,481,920.28,363.53,20,77.12,31.74,49,35,456.61,346.05,974,252,BENIGN
15802,94783,126,244,7125,2564,136,971,1121.43,172.51,39,19.3,10.96,76,30,464.82,73.12,789,376,BENIGN
58742,28441,112,458,5578,5370,370,976,1379.08,18.37,20,30.91,17.28,49,32,971.58,294.58,204,263,BENIGN
30451,55258,81,322,12272,13851,1142,452,776.28,337.31,35,92.77,35.54,3,22,504.46,303.56,395,184,MALICIOUS
1135,50608,321,401,12146,13690,694,805,469.58,319.13,26,89.33,34.31,30,32,344.08,355.44,374,273,BENIGN
54349,78170,149,169,897,7157,1242,672,284.56,420.49,23,35.17,7.95,28,21,302.88,375.78,85,218,BENIGN
14629,65469,42,411,9225,1521,1343,194,450.53,180.19,20,18.0,1.63,36,12,976.76,417.92,756,287,BENIGN
43694,976,454,305,5676,4049,534,50,1394.47,354.41,27,88.37,23.31,84,8,55.58,443.55,388,160,MALICIOUS
28512,51653,69,433,10985,7874,197,916,1323.61,175.72,38,70.2,21.55,45,24,24.39,139.47,679,198,MALICIOUS
46884,56057,354,319,156,9407,438,1340,1365.36,85.2,22,65.19,12.22,49,21,246.93,219.69,585,444,BENIGN
31061,75104,173,206,9892,11463,1176,6,939.35,228.51,34,9.85,47.56,48,19,675.4,303.33,270,28,BENIGN
11028,77191,291,197,9088,6911,572,359,601.99,109.84,26,64.12,38.67,0,35,698.19,279.96,709,166,MALICIOUS
32140,10499,467,88,9126,7197,1216,923,1178.36,246.36,39,12.38,31.83,61,9,582.48,302.37,586,378,MALICIOUS
49588,57398,264,468,13849,2411,954,804,1164.14,121.38,26,36.08,27.66,15,37,36.67,345.24,268,378,BENIGN
55788,23574,255,374,4669,13332,982,2,372.35,434.26,39,9.13,38.91,52,14,623.15,90.0,457,240,BENIGN
23506,90345,466,89,13550,4132,1295,616,66.79,49.31,36,28.53,20.42,30,24,431.08,141.16,491,479,MALICIOUS
17066,48798,258,54,11937,2387,662,1021,719.01,288.16,34,39.31,11.88,18,30,784.82,317.39,156,121,BENIGN
64766,15875,306,423,4966,10140,318,218,1038.65,370.48,31,62.24,49.4,25,4,882.68,251.69,337,54,BENIGN
49541,67455,272,52,8488,10718,1095,166,1347.41,222.91,31,76.16,18.65,88,49,689.23,406.01,574,456,BENIGN
65382,85415,351,414,10611,4695,1221,1468,781.85,196.43,33,74.58,48.25,76,33,217.9,395.68,151,138,BENIGN
3997,15219,363,181,8574,8579,31,400,257.17,283.11,21,69.06,10.27,45,15,222.63,301.33,709,435,BENIGN
35507,96317,334,80,2743,11733,945,445,231.97,495.72,29,27.11,26.84,58,46,102.6,185.64,999,253,BENIGN
39861,84021,34,23,7707,4454,852,1155,1149.56,44.17,33,3.39,7.23,37,2,244.52,454.6,164,391,BENIGN
53025,18557,470,236,7586,10303,685,1393,1098.42,100.28,30,62.23,18.99,41,38,62.65,176.22,812,386,BENIGN
12672,72128,245,358,12777,10042,740,101,1340.95,447.54,29,81.75,2.54,19,14,332.55,202.54,198,75,BENIGN
50015,79218,51,254,4574,1806,579,1106,501.76,127.21,38,41.19,16.26,78,12,413.95,22.28,130,70,BENIGN
23090,42924,3,37,7824,2139,826,757,1146.05,285.83,20,32.32,25.46,5,48,507.87,316.48,958,97,MALICIOUS
6637,74362,3,495,1421,11584,1220,686,1373.32,373.49,39,77.1,18.61,79,34,545.14,254.72,899,250,MALICIOUS
43427,6526,66,459,6041,549,767,503,209.42,271.86,23,71.08,21.55,19,2,379.92,3.62,280,326,MALICIOUS
1545,44390,409,455,7158,2953,1449,955,354.86,389.62,23,81.45,48.12,53,45,698.2,322.78,182,60,MALICIOUS
29186,22693,56,32,13979,6042,1276,628,945.99,141.08,37,52.98,46.4,54,32,624.06,249.76,227,350,BENIGN
44853,35223,133,4,1306,1376,970,9,1270.42,56.57,28,41.71,46.11,45,36,151.19,292.91,115,80,BENIGN
41171,66601,338,213,10709,1871,124,235,658.6,90.63,22,74.15,18.77,42,41,979.65,176.49,582,105,BENIGN
18812,66082,232,108,11357,3159,27,73,347.22,55.35,36,18.79,25.48,64,1,585.28,282.88,193,293,BENIGN
27976,26194,369,60,1085,1377,600,159,902.73,177.13,34,53.68,46.93,1,38,37.61,289.4,133,139,MALICIOUS
17508,28219,129,315,7706,9536,565,341,173.0,90.3,34,76.65,12.78,43,27,724.66,243.79,936,233,BENIGN
40161,2338,131,242,653,2847,61,1067,655.23,104.45,26,74.76,43.83,32,25,221.45,280.48,391,168,BENIGN
